Level,Region,Dataset,Kind,Period,18/19,19/20,20/21,21/22,22/23,23/24,24/25,25/26,26/27
country,BR,Acucar,flow,Apr (1),725011,391830,1008761,687810,128797,582476,771216.0,826564,742247.0
country,BR,Acucar,flow,Apr (2),1408504,1040583,2027549,1538320,940542,999606,1856117.0,848519,1763102.0
country,BR,Acucar,flow,May (1),1891058,1600005,2478993,2414833,1572139,2508210,2586616.0,2438177,2115604.0
country,BR,Acucar,flow,May (2),1262081,1875131,2540420,2614067,2302254,2824184,2724717.0,2914245,2192552.0
country,BR,Acucar,flow,Jun (1),1996337,1845183,2556058,2044809,2251343,2513737,3138744.0,2389747,2324129.0
country,BR,Acucar,flow,Jun (2),2234540,2069420,2740230,2931301,2483213,2699635,3280239.0,2899380,1622665.0
country,BR,Acucar,flow,Jul (1),2314030,2107092,3028636,3007774,2797550,3405491,2966513.0,3403812,3202027.0
country,BR,Acucar,flow,Jul (2),2586550,2542468,3444803,3159784,3525459,3666980,3634366.0,3668965,3020264.0
country,BR,Acucar,flow,Aug (1),1688025,2047404,3235155,3006653,2612832,3448936,3114100.0,3637481,
country,BR,Acucar,flow,Aug (2),2240001,2604297,3024379,2984804,3203607,3590951,3392242.0,3976461,
country,BR,Acucar,flow,Sep (1),2439008,2121976,3306262,2633064,2913670,3129153,3313438.0,3723274,
country,BR,Acucar,flow,Sep (2),1462185,1963181,3043342,2606383,1998287,3600260,3131685.0,3234560,
country,BR,Acucar,flow,Oct (1),1300662,2159934,2874839,1456565,2105657,2598276,2756733.0,2803494,
country,BR,Acucar,flow,Oct (2),1195394,1887917,2034579,1127849,2452099,2748808,2174890.0,2429109,
country,BR,Acucar,flow,Nov (1),1082952,1047679,1503017,894726,1925994,2543154,1325425.0,1267940,
country,BR,Acucar,flow,Nov (2),788587,624363,677777,413420,1303084,1780697,1421432.0,1067324,
country,BR,Acucar,flow,Dec (1),697414,289590,391898,284987,522627,1255514,669011.0,546105,
country,BR,Acucar,flow,Dec (2),292601,270204,271229,237492,384464,357581,412433.0,323582,
country,BR,Acucar,flow,Jan (1),899839,555789,229993,220966,269794,306742,262775.0,282940,
country,BR,Acucar,flow,Jan (2),206944,245338,212579,176213,234083,315686,275874.0,238703,
country,BR,Acucar,flow,Feb (1),100038,161380,193749,167660,219282,297885,302977.0,160357,
country,BR,Acucar,flow,Feb (2),55679,-16006,132761,148686,158428,174079,-14310.0,129603,
country,BR,Acucar,flow,Mar (1),49961,-117442,112306,129229,218899,185472,83561.0,84998,
country,BR,Acucar,flow,Mar (2),26789669,203341,186902,53666,371193,385444,162791.0,139392,
country,BR,Anidro Entradas,flow,Apr (1),1082354,877709,1106705,904486,1080972,876977,1241613.0,1063840,905797.0
country,BR,Anidro Entradas,flow,Apr (2),85714,100387,111280,60642,75833,61556,57511.0,63413,48112.0
country,BR,Anidro Entradas,flow,May (1),54054,133587,83194,51893,97587,71193,79509.0,95805,42183.0
country,BR,Anidro Entradas,flow,May (2),41546,94376,100061,71590,61852,51085,133831.0,83819,53728.0
country,BR,Anidro Entradas,flow,Jun (1),54724,82376,84890,87409,74923,79392,63718.0,57876,56777.0
country,BR,Anidro Entradas,flow,Jun (2),66615,80394,111636,82513,71333,87212,60189.0,60346,85915.0
country,BR,Anidro Entradas,flow,Jul (1),67407,89968,85009,109048,74191,65375,53737.0,68572,72868.0
country,BR,Anidro Entradas,flow,Jul (2),110543,117450,84882,84629,69533,134901,56040.0,61244,47673.0
country,BR,Anidro Entradas,flow,Aug (1),138767,108205,52770,77939,89016,63549,73188.0,104137,
country,BR,Anidro Entradas,flow,Aug (2),175017,91289,98849,94256,65655,66509,82449.0,66111,
country,BR,Anidro Entradas,flow,Sep (1),129098,60309,57008,100919,79963,76818,68212.0,57378,
country,BR,Anidro Entradas,flow,Sep (2),173263,105010,58350,99779,133895,72456,71535.0,100844,
country,BR,Anidro Entradas,flow,Oct (1),113529,71907,87945,134496,110283,84116,103180.0,77286,
country,BR,Anidro Entradas,flow,Oct (2),88132,67054,145205,140794,114861,115653,104403.0,92752,
country,BR,Anidro Entradas,flow,Nov (1),94906,72850,115524,173459,126270,111742,119679.0,96630,
country,BR,Anidro Entradas,flow,Nov (2),82641,111356,189270,146421,152178,110882,129533.0,100231,
country,BR,Anidro Entradas,flow,Dec (1),90627,129038,127881,141643,119578,82765,111364.0,106230,
country,BR,Anidro Entradas,flow,Dec (2),27955,164855,90962,100167,66045,64423,93543.0,60793,
country,BR,Anidro Entradas,flow,Jan (1),87036,60219,17811,59667,70117,38342,44300.0,49063,
country,BR,Anidro Entradas,flow,Jan (2),114349,116799,75572,41838,83561,80159,34906.0,81189,
country,BR,Anidro Entradas,flow,Feb (1),47866,61332,58397,73804,49820,68371,90525.0,65441,
country,BR,Anidro Entradas,flow,Feb (2),40804,75509,31203,65722,35243,63986,24122.0,61893,
country,BR,Anidro Entradas,flow,Mar (1),35379,111558,74211,40976,48357,78145,42714.0,56220,
country,BR,Anidro Entradas,flow,Mar (2),3087410,205645,56876,77406,76136,76597,61208.0,102814,
country,BR,Anidro Estoque E.Disp,stock,Apr (1),609207,450597,909102,520931,556560,637577,777324.0,673204,666462.0
country,BR,Anidro Estoque E.Disp,stock,Apr (2),734062,433149,1098108,510360,394397,497197,746891.0,443693,707414.0
country,BR,Anidro Estoque E.Disp,stock,May (1),1006737,682428,1245364,715324,603980,783359,1019402.0,588390,948601.0
country,BR,Anidro Estoque E.Disp,stock,May (2),1274470,875100,1474415,993872,850083,1139481,1370995.0,788984,1149143.0
country,BR,Anidro Estoque E.Disp,stock,Jun (1),1418655,1176978,1645842,1233211,1122017,1424620,1712182.0,1019819,1359580.0
country,BR,Anidro Estoque E.Disp,stock,Jun (2),1859999,1558707,1870201,1624333,1390838,1705703,2086491.0,1219189,1450990.0
country,BR,Anidro Estoque E.Disp,stock,Jul (1),2230693,1809039,2096752,2030006,1788540,2133216,2394328.0,1559797,1841504.0
country,BR,Anidro Estoque E.Disp,stock,Jul (2),2580808,2167662,2305497,2432448,2224673,2458378,2789605.0,1887487,2024616.0
country,BR,Anidro Estoque E.Disp,stock,Aug (1),2822328,2416794,2582126,2877146,2545257,2934572,3107790.0,2230202,
country,BR,Anidro Estoque E.Disp,stock,Aug (2),3073246,2675206,2684196,3327086,2883944,3166827,3371405.0,2657671,
country,BR,Anidro Estoque E.Disp,stock,Sep (1),3385217,2972428,2972591,3695932,3282446,3547474,3746497.0,2940466,
country,BR,Anidro Estoque E.Disp,stock,Sep (2),3527605,3071501,3230181,4053892,3313905,3846099,3997059.0,3200498,
country,BR,Anidro Estoque E.Disp,stock,Oct (1),3630608,3344760,3569461,4202403,3541667,4148953,4179848.0,3421154,
country,BR,Anidro Estoque E.Disp,stock,Oct (2),3644746,3538292,3637620,4301297,3768438,4211529,4269139.0,3575959,
country,BR,Anidro Estoque E.Disp,stock,Nov (1),3621828,3507378,3684454,4318486,3945275,4389443,4234468.0,3621637,
country,BR,Anidro Estoque E.Disp,stock,Nov (2),3501227,3389102,3586450,4099014,3870694,4289970,4092887.0,3541044,
country,BR,Anidro Estoque E.Disp,stock,Dec (1),3222499,3193762,3302787,3900503,3671267,4110099,3858831.0,3309342,
country,BR,Anidro Estoque E.Disp,stock,Dec (2),2941812,2866263,2992376,3559009,3117804,3827403,3518769.0,2997194,
country,BR,Anidro Estoque E.Disp,stock,Jan (1),2613253,2547012,2638226,3166384,2821078,3410682,3119324.0,2641619,
country,BR,Anidro Estoque E.Disp,stock,Jan (2),2319451,2256398,2214598,2792693,2333899,2923652,2749844.0,2249913,
country,BR,Anidro Estoque E.Disp,stock,Feb (1),1904149,1852605,1844116,2389323,1924155,2559307,2340874.0,1885872,
country,BR,Anidro Estoque E.Disp,stock,Feb (2),1567746,1461347,1551789,2037140,1598460,2113115,1965649.0,1605649,
country,BR,Anidro Estoque E.Disp,stock,Mar (1),1137953,1138966,1146035,1561907,1276136,1662664,1505358.0,1235200,
country,BR,Anidro Estoque E.Disp,stock,Mar (2),614587,809129,692419,930939,752470,1059412,845708.0,832762,
country,BR,Anidro Estoque E.Fisico,stock,Apr (1),773935,580467,1022824,650275,691024,711763,902130.0,738182,713845.0
country,BR,Anidro Estoque E.Fisico,stock,Apr (2),904511,561752,1179101,648679,501714,595113,845266.0,547353,782205.0
country,BR,Anidro Estoque E.Fisico,stock,May (1),1182725,798941,1393571,876811,715849,896749,1112816.0,696802,1034676.0
country,BR,Anidro Estoque E.Fisico,stock,May (2),1492462,987719,1595350,1172352,969491,1232418,1451856.0,902972,1290304.0
country,BR,Anidro Estoque E.Fisico,stock,Jun (1),1677668,1330286,1797735,1440542,1280719,1552781,1875927.0,1124956,1505608.0
country,BR,Anidro Estoque E.Fisico,stock,Jun (2),2104032,1738273,2013002,1826019,1559226,1855774,2255524.0,1324793,1564363.0
country,BR,Anidro Estoque E.Fisico,stock,Jul (1),2516755,2037288,2266416,2265104,2032205,2313744,2597063.0,1688705,1973315.0
country,BR,Anidro Estoque E.Fisico,stock,Jul (2),2889449,2405136,2481340,2686946,2487070,2650830,2980366.0,2015148,2171178.0
country,BR,Anidro Estoque E.Fisico,stock,Aug (1),3147320,2673354,2793379,3166792,2800172,3119113,3275346.0,2339681,
country,BR,Anidro Estoque E.Fisico,stock,Aug (2),3403587,2930565,2952964,3633437,3120599,3366821,3597679.0,2773197,
country,BR,Anidro Estoque E.Fisico,stock,Sep (1),3741968,3261955,3278097,4059321,3544414,3789266,3979554.0,3068076,
country,BR,Anidro Estoque E.Fisico,stock,Sep (2),3878202,3387518,3521596,4406617,3625928,4127199,4246355.0,3341749,
country,BR,Anidro Estoque E.Fisico,stock,Oct (1),3987597,3668556,3927203,4592368,3884583,4452239,4452097.0,3585798,
country,BR,Anidro Estoque E.Fisico,stock,Oct (2),3955927,3855805,3992821,4719759,4075292,4567776,4543609.0,3742301,
country,BR,Anidro Estoque E.Fisico,stock,Nov (1),3958165,3884447,4049644,4739503,4247635,4759040,4471644.0,3803943,
country,BR,Anidro Estoque E.Fisico,stock,Nov (2),3820531,3767615,3952942,4513828,4145340,4603671,4384438.0,3730181,
country,BR,Anidro Estoque E.Fisico,stock,Dec (1),3531842,3577349,3714434,4210466,3903709,4451855,4170827.0,3488552,
country,BR,Anidro Estoque E.Fisico,stock,Dec (2),3249098,3219944,3328503,3825473,3388868,4177431,3804554.0,3147192,
country,BR,Anidro Estoque E.Fisico,stock,Jan (1),2946940,2880551,2970613,3435964,3029320,3760855,3381041.0,2779104,
country,BR,Anidro Estoque E.Fisico,stock,Jan (2),2580835,2569441,2533017,3052997,2525162,3260738,2975779.0,2359679,
country,BR,Anidro Estoque E.Fisico,stock,Feb (1),2130009,2175971,2154676,2640635,2122024,2872412,2564642.0,2012837,
country,BR,Anidro Estoque E.Fisico,stock,Feb (2),1776141,1748933,1811408,2255788,1745728,2384176,2160380.0,1706686,
country,BR,Anidro Estoque E.Fisico,stock,Mar (1),1340690,1357982,1391327,1792371,1410892,1903294,1721093.0,1330465,
country,BR,Anidro Estoque E.Fisico,stock,Mar (2),754539,987522,840300,1077195,829751,1191664,1006640.0,894407,
country,BR,Anidro Producao,flow,Apr (1),188377,110664,207778,144911,66786,256711,227077.0,226757,399463.0
country,BR,Anidro Producao,flow,Apr (2),425425,318653,439058,344832,268969,301523,416259.0,285084,628566.0
country,BR,Anidro Producao,flow,May (1),622006,550624,500211,597011,577778,792168,716025.0,626304,844275.0
country,BR,Anidro Producao,flow,May (2),508357,712425,527958,789150,761867,932691,838194.0,818427,809448.0
country,BR,Anidro Producao,flow,Jun (1),671518,720428,556586,685011,757523,875249,920169.0,685469,857400.0
country,BR,Anidro Producao,flow,Jun (2),767832,803112,581034,848089,835578,865816,894987.0,779939,719656.0
country,BR,Anidro Producao,flow,Jul (1),760114,717022,675856,912234,932437,1043182,849202.0,872017,976346.0
country,BR,Anidro Producao,flow,Jul (2),847694,834524,748204,954743,1041116,987341,960954.0,940803,934815.0
country,BR,Anidro Producao,flow,Aug (1),584331,741989,731725,931072,840130,941689,842303.0,915148,
country,BR,Anidro Producao,flow,Aug (2),745459,819804,683960,923466,976371,917194,893990.0,999837,
country,BR,Anidro Producao,flow,Sep (1),698537,697029,777204,879549,911737,892831,858768.0,910786,
country,BR,Anidro Producao,flow,Sep (2),479164,627235,809812,847129,712722,902538,825683.0,876833,
country,BR,Anidro Producao,flow,Oct (1),464847,704718,792791,600386,726417,778828,747534.0,843005,
country,BR,Anidro Producao,flow,Oct (2),428339,738913,635750,499175,834354,735186,664263.0,830492,
country,BR,Anidro Producao,flow,Nov (1),358495,481615,486606,372729,680276,697332,433615.0,616793,
country,BR,Anidro Producao,flow,Nov (2),231737,316916,269309,232030,455250,477804,431558.0,478917,
country,BR,Anidro Producao,flow,Dec (1),113609,137590,138053,127223,272271,363996,255090.0,381705,
country,BR,Anidro Producao,flow,Dec (2),69219,94696,91119,93477,203001,178705,208304.0,314673,
country,BR,Anidro Producao,flow,Jan (1),315226,77468,70087,93431,171171,197298,177918.0,285886,
country,BR,Anidro Producao,flow,Jan (2),100488,80575,77884,83246,160305,177857,205759.0,289449,
country,BR,Anidro Producao,flow,Feb (1),36694,48384,63411,82670,154258,128489,167721.0,254616,
country,BR,Anidro Producao,flow,Feb (2),31499,28250,25974,38257,98624,132800,147376.0,203816,
country,BR,Anidro Producao,flow,Mar (1),39016,42891,38614,54232,144908,116536,102307.0,220481,
country,BR,Anidro Producao,flow,Mar (2),9101049,67128,60877,55974,206952,197586,101511.0,271343,
country,BR,Anidro Saidas Distrib,flow,Apr (1),318495,309040,194814,308612,356214,388643,475975.0,485646,537847.0
country,BR,Anidro Saidas Distrib,flow,Apr (2),308680,315162,309105,346131,391939,426412,476125.0,481259,573172.0
country,BR,Anidro Saidas Distrib,flow,May (1),329256,393718,300640,401443,413527,511313,496039.0,511480,615611.0
country,BR,Anidro Saidas Distrib,flow,May (2),217587,451294,312181,481656,512988,583952,567667.0,627370,580031.0
country,BR,Anidro Saidas Distrib,flow,Jun (1),496966,389157,341749,448622,461790,603771,530714.0,475505,657237.0
country,BR,Anidro Saidas Distrib,flow,Jun (2),345658,362136,381713,448194,454017,590079,512204.0,590595,692658.0
country,BR,Anidro Saidas Distrib,flow,Jul (1),345687,391335,409578,533602,502216,579396,510929.0,542150,605657.0
country,BR,Anidro Saidas Distrib,flow,Jul (2),435418,461307,451702,510559,520833,605213,558326.0,616327,730371.0
country,BR,Anidro Saidas Distrib,flow,Aug (1),403839,446334,408448,458898,537237,510111,533263.0,638363,
country,BR,Anidro Saidas Distrib,flow,Aug (2),478736,456338,494708,508474,623342,560836,584441.0,574565,
country,BR,Anidro Saidas Distrib,flow,Sep (1),402194,368434,412306,518594,504437,509244,504499.0,636636,
country,BR,Anidro Saidas Distrib,flow,Sep (2),384820,419389,482152,514461,568356,522232,578101.0,647784,
country,BR,Anidro Saidas Distrib,flow,Oct (1),381857,415716,418899,514892,532550,505856,582873.0,644434,
country,BR,Anidro Saidas Distrib,flow,Oct (2),445943,503519,524098,464118,586819,628780,610150.0,713866,
country,BR,Anidro Saidas Distrib,flow,Nov (1),363343,463936,459983,479004,578916,543142,555923.0,624815,
country,BR,Anidro Saidas Distrib,flow,Nov (2),412805,467995,497118,532743,569831,572626,567513.0,610654,
country,BR,Anidro Saidas Distrib,flow,Dec (1),412182,440922,473308,505084,580566,556218,545866.0,705706,
country,BR,Anidro Saidas Distrib,flow,Dec (2),333786,533186,478637,500351,623667,464206,599814.0,679161,
country,BR,Anidro Saidas Distrib,flow,Jan (1),565083,454943,412378,485631,559166,595240,604308.0,684142,
country,BR,Anidro Saidas Distrib,flow,Jan (2),451337,396798,492834,442503,606847,654716,573047.0,714519,
country,BR,Anidro Saidas Distrib,flow,Feb (1),376638,361148,455007,493585,564191,537924,551722.0,631566,
country,BR,Anidro Saidas Distrib,flow,Feb (2),320285,380305,316465,434012,430673,547842,491570.0,541596,
country,BR,Anidro Saidas Distrib,flow,Mar (1),381870,385634,412958,469465,491168,591235,505484.0,617478,
country,BR,Anidro Saidas Distrib,flow,Mar (2),9368360,448404,453511,592037,784963,704818,658260.0,725398,
country,BR,Anidro Saidas M.Ext,flow,Apr (1),4364,5991,0,8953,17014,16429,1667.0,17651,28330.0
country,BR,Anidro Saidas M.Ext,flow,Apr (2),31416,44551,30036,8986,52749,16066,24264.0,24206,7770.0
country,BR,Anidro Saidas M.Ext,flow,May (1),46764,7937,9906,0,17848,20550,0.0,8204,0.0
country,BR,Anidro Saidas M.Ext,flow,May (2),9624,113887,51413,64315,32934,45494,39094.0,17429,13.0
country,BR,Anidro Saidas M.Ext,flow,Jun (1),23706,50422,62440,21158,28711,17931,12650.0,17405,18905.0
country,BR,Anidro Saidas M.Ext,flow,Jun (2),38675,68304,42259,55539,166212,36003,37536.0,21040,8664.0
country,BR,Anidro Saidas M.Ext,flow,Jul (1),42986,80383,48083,0,8050,54241,27181.0,3036,11855.0
country,BR,Anidro Saidas M.Ext,flow,Jul (2),110073,71353,135170,68081,105937,131672,45228.0,21097,3904.0
country,BR,Anidro Saidas M.Ext,flow,Aug (1),11550,81000,28172,42466,51955,8610,67166.0,23190,
country,BR,Anidro Saidas M.Ext,flow,Aug (2),96338,136835,101743,20148,80827,136081,33294.0,25570,
country,BR,Anidro Saidas M.Ext,flow,Sep (1),25621,28961,65681,2236,36094,9074,0.0,11859,
country,BR,Anidro Saidas M.Ext,flow,Sep (2),50018,98319,122349,55302,173543,68397,13619.0,15385,
country,BR,Anidro Saidas M.Ext,flow,Oct (1),30884,52453,30533,2430,22412,2088,383.0,0,
country,BR,Anidro Saidas M.Ext,flow,Oct (2),64526,90074,161071,18864,145087,80928,30578.0,15948,
country,BR,Anidro Saidas M.Ext,flow,Nov (1),52225,40013,61885,12136,30547,30630,33860.0,1466,
country,BR,Anidro Saidas M.Ext,flow,Nov (2),10551,53000,28826,38854,108208,136222,30784.0,13988,
country,BR,Anidro Saidas M.Ext,flow,Dec (1),46111,1973,33,28817,23841,12574,1449.0,0,
country,BR,Anidro Saidas M.Ext,flow,Dec (2),10960,28420,41303,40812,131934,31162,34617.0,9036,
country,BR,Anidro Saidas M.Ext,flow,Jan (1),101515,0,9966,20526,17389,32409,7934.0,114,
country,BR,Anidro Saidas M.Ext,flow,Jan (2),21570,39000,50829,23837,103956,40665,33253.0,42705,
country,BR,Anidro Saidas M.Ext,flow,Feb (1),51207,21022,113,13191,15307,1350,21496.0,0,
country,BR,Anidro Saidas M.Ext,flow,Feb (2),9960,61446,36524,1339,53099,22655,10234.0,0,
country,BR,Anidro Saidas M.Ext,flow,Mar (1),36334,29027,1277,940,16602,2849,6076.0,877,
country,BR,Anidro Saidas M.Ext,flow,Mar (2),1116248,52627,17682,67733,36721,104613,23417.0,13533,
country,BR,Anidro Saidas Outras,flow,Apr (1),173937,92875,96845,81557,83506,16853,88918.0,49118,25238.0
country,BR,Anidro Saidas Outras,flow,Apr (2),40467,78042,54920,51953,89424,37251,30245.0,33861,27376.0
country,BR,Anidro Saidas Outras,flow,May (1),21826,45367,58389,19329,29855,29862,31945.0,52976,18376.0
country,BR,Anidro Saidas Outras,flow,May (2),12955,52842,62646,19228,24155,18661,26224.0,51277,27504.0
country,BR,Anidro Saidas Outras,flow,Jun (1),20364,20658,34902,34450,30717,12576,16452.0,28451,22731.0
country,BR,Anidro Saidas Outras,flow,Jun (2),23750,45079,53431,41392,8175,23953,25839.0,28813,45494.0
country,BR,Anidro Saidas Outras,flow,Jul (1),26125,36257,49790,48595,23383,16950,23290.0,31491,22750.0
country,BR,Anidro Saidas Outras,flow,Jul (2),40052,51466,31290,38890,29014,48271,30137.0,38180,50350.0
country,BR,Anidro Saidas Outras,flow,Aug (1),49838,54642,35836,27801,26852,18234,20082.0,33199,
country,BR,Anidro Saidas Outras,flow,Aug (2),89135,60709,26773,22455,17430,39078,36371.0,32297,
country,BR,Anidro Saidas Outras,flow,Sep (1),61439,28553,31092,33754,27354,28886,40606.0,24790,
country,BR,Anidro Saidas Outras,flow,Sep (2),81355,88974,20162,29849,23204,46432,38697.0,40835,
country,BR,Anidro Saidas Outras,flow,Oct (1),56240,27418,25697,31809,23083,29960,61716.0,31808,
country,BR,Anidro Saidas Outras,flow,Oct (2),37672,25125,30168,29596,26600,25594,36426.0,36927,
country,BR,Anidro Saidas Outras,flow,Nov (1),35595,21874,23439,35304,24740,44038,35476.0,25500,
country,BR,Anidro Saidas Outras,flow,Nov (2),28656,24109,29337,32529,31684,35207,50000.0,28268,
country,BR,Anidro Saidas Outras,flow,Dec (1),34632,13999,31101,38327,29073,29785,32750.0,23858,
country,BR,Anidro Saidas Outras,flow,Dec (2),35172,55350,48072,37474,28286,22184,33689.0,28629,
country,BR,Anidro Saidas Outras,flow,Jan (1),37822,22137,23444,36450,24281,24567,33489.0,18781,
country,BR,Anidro Saidas Outras,flow,Jan (2),108035,72686,47389,41711,37221,62752,39627.0,32839,
country,BR,Anidro Saidas Outras,flow,Feb (1),107541,121016,45029,62060,27718,45912,96165.0,35333,
country,BR,Anidro Saidas Outras,flow,Feb (2),95926,89046,47456,53475,26391,114525,73956.0,30264,
country,BR,Anidro Saidas Outras,flow,Mar (1),91642,130739,118671,88220,20331,81479,72748.0,34567,
country,BR,Anidro Saidas Outras,flow,Mar (2),1526013,142202,197587,188786,42545,176382,195495.0,71284,
country,BR,Cana,flow,Apr (1),22417389,15180660,24183378,17423472,5390351,15371074,18116982.0,19191564,23058993.0
country,BR,Cana,flow,Apr (2),35051109,32367262,38212206,30045586,23958508,21315630,34933230.0,17851693,39677951.0
country,BR,Cana,flow,May (1),43072161,38972550,42651695,41589384,33623690,43633430,45247466.0,42111439,42648750.0
country,BR,Cana,flow,May (2),32005232,44935771,42747092,43689769,44141886,47219225,45634217.0,47657812,41606560.0
country,BR,Cana,flow,Jun (1),40704759,42618663,42326852,35413552,40364910,40167539,49634904.0,38647789,39867177.0
country,BR,Cana,flow,Jun (2),45981341,45639223,43473418,46275901,42477425,43712998,49675304.0,44257956,31876415.0
country,BR,Cana,flow,Jul (1),44190659,43407030,47283060,47681145,44570683,51963216,44152445.0,50264221,51373825.0
country,BR,Cana,flow,Jul (2),47764517,51482232,51697755,48582699,52512806,53946610,52252629.0,51291127,46880164.0
country,BR,Cana,flow,Aug (1),33792708,43063684,47640743,45930026,39403102,48466564,44786662.0,48637743,
country,BR,Cana,flow,Aug (2),42198095,49416350,44340841,44718788,45976505,48634486,48213076.0,52228758,
country,BR,Cana,flow,Sep (1),43526971,41872353,50754164,41031161,41735357,43951898,46353317.0,48274105,
country,BR,Cana,flow,Sep (2),30930066,39111782,44008561,40938687,30263291,49397322,43367016.0,43762228,
country,BR,Cana,flow,Oct (1),29736832,42183205,41105622,24970261,32208771,38566661,38769446.0,38965955,
country,BR,Cana,flow,Oct (2),28866607,39100391,31541032,22339007,37021965,40528543,32557831.0,36626953,
country,BR,Cana,flow,Nov (1),24850346,24272946,24734502,16476752,31286613,39160813,21299920.0,24230552,
country,BR,Cana,flow,Nov (2),18536453,15359707,12567565,8408000,19983006,28343939,24638891.0,20057272,
country,BR,Cana,flow,Dec (1),16987709,6276597,6447001,4877122,9090462,22992651,12775956.0,10987641,
country,BR,Cana,flow,Dec (2),5725176,4443625,4484566,3610720,6191417,7537785,5819923.0,6021925,
country,BR,Cana,flow,Jan (1),17613323,3752953,3581186,3203428,4158999,5322615,3520635.0,4613011,
country,BR,Cana,flow,Jan (2),3943868,3479416,3207517,3225685,3879849,4630886,3897801.0,4265285,
country,BR,Cana,flow,Feb (1),2014466,2953563,2794207,2558422,3412417,3662318,2584451.0,3288659,
country,BR,Cana,flow,Feb (2),1661022,1757363,1852959,1969492,2607982,2794043,2410310.0,2297429,
country,BR,Cana,flow,Mar (1),2564200,3334280,2670174,1993471,3685758,3897357,2075563.0,2504855,
country,BR,Cana,flow,Mar (2),587066209,8220932,1752107,2814574,9967212,7729029,4515598.0,5781009,
country,BR,Etanol Total,flow,Apr (1),1000923,797690,1071149,824400,390197,737028,960451.0,1064122,1417339.0
country,BR,Etanol Total,flow,Apr (2),1657149,1515357,1622855,1318505,1076502,862897,1555671.0,1035986,2147957.0
country,BR,Etanol Total,flow,May (1),2070828,1831084,1854563,1851329,1705778,1904597,2036904.0,1803433,2222887.0
country,BR,Etanol Total,flow,May (2),1704099,2203748,1848848,2040133,2073461,2177358,2170336.0,2110907,2185528.0
country,BR,Etanol Total,flow,Jun (1),2151104,2137754,1885077,1685042,1901015,2140172,2311226.0,1831995,2250875.0
country,BR,Etanol Total,flow,Jun (2),2340766,2379237,2010898,2167673,2067608,1969451,2390799.0,2031618,1811809.0
country,BR,Etanol Total,flow,Jul (1),2366953,2279412,2182161,2337227,2229911,2530053,2200890.0,2249336,2546798.0
country,BR,Etanol Total,flow,Jul (2),2635081,2747068,2475145,2362872,2554109,2530062,2642613.0,2413004,2512257.0
country,BR,Etanol Total,flow,Aug (1),1979743,2453580,2351913,2391931,2064767,2404892,2382113.0,2290685,
country,BR,Etanol Total,flow,Aug (2),2400985,2814130,2283493,2354498,2357086,2429736,2596675.0,2587449,
country,BR,Etanol Total,flow,Sep (1),2475460,2483568,2440118,2119897,2230503,2212618,2608299.0,2491576,
country,BR,Etanol Total,flow,Sep (2),1760454,2354195,2337001,2207527,1621554,2382310,2425652.0,2360423,
country,BR,Etanol Total,flow,Oct (1),1635427,2471695,2224870,1473854,1546805,2023987,2226816.0,2257524,
country,BR,Etanol Total,flow,Oct (2),1583593,2334009,1721292,1178779,1794628,1952818,1840314.0,2153446,
country,BR,Etanol Total,flow,Nov (1),1254454,1567675,1339110,1001739,1493617,1802542,1231828.0,1564214,
country,BR,Etanol Total,flow,Nov (2),921874,958736,744590,545292,1018040,1401958,1421888.0,1365097,
country,BR,Etanol Total,flow,Dec (1),883994,422648,407591,353350,608877,1163210,907379.0,980884,
country,BR,Etanol Total,flow,Dec (2),344950,294795,280871,226141,447349,576724,618250.0,757811,
country,BR,Etanol Total,flow,Jan (1),1006442,249682,250873,310228,323472,483494,472372.0,625257,
country,BR,Etanol Total,flow,Jan (2),219506,260280,236605,260474,322539,502374,509057.0,634089,
country,BR,Etanol Total,flow,Feb (1),115863,203611,216876,229765,339490,360833,463555.0,562096,
country,BR,Etanol Total,flow,Feb (2),111138,163773,126902,176531,197490,388354,428601.0,472416,
country,BR,Etanol Total,flow,Mar (1),168713,251554,263648,215792,349680,390563,424352.0,537012,
country,BR,Etanol Total,flow,Mar (2),31819703,490337,442780,318354,665781,648712,546524.0,739543,
country,BR,Hidratado Entradas,flow,Apr (1),524191,902605,1173324,1239099,1270453,1393536,1816665.0,1386967,1097946.0
country,BR,Hidratado Entradas,flow,Apr (2),78633,77166,68635,97800,251555,89156,74769.0,99987,93840.0
country,BR,Hidratado Entradas,flow,May (1),63213,65825,94720,47760,160860,96533,90171.0,78097,55659.0
country,BR,Hidratado Entradas,flow,May (2),40523,77927,139412,81409,61011,98722,74919.0,98069,53290.0
country,BR,Hidratado Entradas,flow,Jun (1),51809,79331,88860,99054,52194,98433,62706.0,80666,60600.0
country,BR,Hidratado Entradas,flow,Jun (2),101078,61452,100410,86237,61177,182537,64844.0,95844,68510.0
country,BR,Hidratado Entradas,flow,Jul (1),90259,90212,107162,92480,85266,78884,80472.0,114777,65096.0
country,BR,Hidratado Entradas,flow,Jul (2),152993,114481,109090,145676,85464,104596,95820.0,99276,72628.0
country,BR,Hidratado Entradas,flow,Aug (1),107777,131279,108779,109958,101232,101699,82321.0,122681,
country,BR,Hidratado Entradas,flow,Aug (2),156089,126421,120988,121622,103397,104633,152959.0,103582,
country,BR,Hidratado Entradas,flow,Sep (1),96518,112249,103034,106149,92578,99774,115429.0,106049,
country,BR,Hidratado Entradas,flow,Sep (2),121839,174712,121980,109481,123950,114455,109538.0,99868,
country,BR,Hidratado Entradas,flow,Oct (1),83219,90877,101456,83526,112528,94934,148814.0,97435,
country,BR,Hidratado Entradas,flow,Oct (2),81803,117508,85105,87902,127914,109389,165099.0,114843,
country,BR,Hidratado Entradas,flow,Nov (1),81403,84559,85034,90209,91830,92448,84126.0,118784,
country,BR,Hidratado Entradas,flow,Nov (2),102145,151207,95394,139628,99752,133596,132718.0,239761,
country,BR,Hidratado Entradas,flow,Dec (1),68704,75163,110958,100566,119673,101198,115833.0,161749,
country,BR,Hidratado Entradas,flow,Dec (2),139102,128453,176734,102373,171826,95604,144600.0,-8272,
country,BR,Hidratado Entradas,flow,Jan (1),94074,88390,91142,84952,97882,102360,93258.0,70095,
country,BR,Hidratado Entradas,flow,Jan (2),117886,126391,101502,121153,97171,103561,77788.0,80924,
country,BR,Hidratado Entradas,flow,Feb (1),154500,119512,78242,105434,99264,87072,111227.0,23373,
country,BR,Hidratado Entradas,flow,Feb (2),155765,119792,84385,86301,118600,176778,121571.0,111731,
country,BR,Hidratado Entradas,flow,Mar (1),116715,136655,151721,136698,78611,125328,132826.0,111773,
country,BR,Hidratado Entradas,flow,Mar (2),2981602,145572,196268,273253,132618,208825,282719.0,145839,
country,BR,Hidratado Estoque E.Disp,stock,Apr (1),550958,467929,1143907,981510,745136,1088329,1259768.0,1029198,1004468.0
country,BR,Hidratado Estoque E.Disp,stock,Apr (2),1072238,660536,1672707,1135123,1011819,1134957,1445580.0,837363,1503638.0
country,BR,Hidratado Estoque E.Disp,stock,May (1),1627993,921732,2181579,1521695,1446175,1658849,1750287.0,1120291,1996554.0
country,BR,Hidratado Estoque E.Disp,stock,May (2),2080322,1236553,2627619,2014815,1835428,2114841,2026237.0,1341356,2319339.0
country,BR,Hidratado Estoque E.Disp,stock,Jun (1),2591293,1702044,3007443,2124141,2211371,2446042,2424946.0,1623152,2717291.0
country,BR,Hidratado Estoque E.Disp,stock,Jun (2),3250734,2242287,3542165,2550909,2628638,2736146,2930823.0,1796257,2734000.0
country,BR,Hidratado Estoque E.Disp,stock,Jul (1),3923578,2740514,4184123,3111386,3107211,3497314,3320165.0,2290903,3229549.0
country,BR,Hidratado Estoque E.Disp,stock,Jul (2),4615555,3416166,4893094,3610848,3838770,4249488,3961622.0,2695603,3841173.0
country,BR,Hidratado Estoque E.Disp,stock,Aug (1),4967088,4050633,5614547,4187238,4329823,4831562,4491020.0,3092072,
country,BR,Hidratado Estoque E.Disp,stock,Aug (2),5475095,4884310,6102270,4656106,4791748,5335798,5114119.0,3667629,
country,BR,Hidratado Estoque E.Disp,stock,Sep (1),5975589,5642439,6737864,5102758,5361717,5701854,5902537.0,4194122,
country,BR,Hidratado Estoque E.Disp,stock,Sep (2),6141255,6133440,7146581,5550924,5307034,6202168,6300261.0,4634137,
country,BR,Hidratado Estoque E.Disp,stock,Oct (1),6468755,6678788,7490693,5572621,5254219,6444315,6678956.0,4985958,
country,BR,Hidratado Estoque E.Disp,stock,Oct (2),6371823,6934359,7262191,5469992,5419597,6546991,6685668.0,5143869,
country,BR,Hidratado Estoque E.Disp,stock,Nov (1),6374570,6817924,7041731,5347773,5355970,6767482,6465237.0,5075873,
country,BR,Hidratado Estoque E.Disp,stock,Nov (2),6035063,6313484,6401041,4956416,5068897,6614347,6294379.0,4973198,
country,BR,Hidratado Estoque E.Disp,stock,Dec (1),5701290,5669662,5679993,4545802,4638041,6358468,5926161.0,4451435,
country,BR,Hidratado Estoque E.Disp,stock,Dec (2),5053561,4809358,4891378,4052297,4050650,5731013,5216356.0,3983983,
country,BR,Hidratado Estoque E.Disp,stock,Jan (1),4355828,4027732,4301402,3680158,3760170,5051647,4556588.0,3434654,
country,BR,Hidratado Estoque E.Disp,stock,Jan (2),3482236,3296751,3534525,3381231,3246798,4273073,3719169.0,2854132,
country,BR,Hidratado Estoque E.Disp,stock,Feb (1),2556710,2596987,2780531,2860299,2768550,3684078,3112314.0,2370256,
country,BR,Hidratado Estoque E.Disp,stock,Feb (2),1843239,1905575,2011771,2468619,2333791,2924057,2505545.0,1961896,
country,BR,Hidratado Estoque E.Disp,stock,Mar (1),1275129,1480703,1464716,2010102,1935894,2219768,2009622.0,1482824,
country,BR,Hidratado Estoque E.Disp,stock,Mar (2),631732,997281,946816,1162623,1044628,1471356,1333013.0,978845,
country,BR,Hidratado Estoque E.Fisico,stock,Apr (1),710381,612529,1371888,1158624,860520,1244688,1414704.0,1148329,1118028.0
country,BR,Hidratado Estoque E.Fisico,stock,Apr (2),1260101,826346,1872556,1292341,1133460,1265285,1540270.0,920142,1632063.0
country,BR,Hidratado Estoque E.Fisico,stock,May (1),1904678,1126403,2436009,1716179,1586106,1770479,1888413.0,1226368,2099551.0
country,BR,Hidratado Estoque E.Fisico,stock,May (2),2468692,1440634,2927569,2125854,1994563,2222139,2144657.0,1449880,2481402.0
country,BR,Hidratado Estoque E.Fisico,stock,Jun (1),2994799,1909280,3402388,2355153,2388516,2565720,2548185.0,1727932,2855513.0
country,BR,Hidratado Estoque E.Fisico,stock,Jun (2),3726383,2459277,3936311,2807099,2815643,2891050,3103216.0,1954278,2913832.0
country,BR,Hidratado Estoque E.Fisico,stock,Jul (1),4501737,2997943,4621215,3404826,3324911,3654498,3498763.0,2418895,3511917.0
country,BR,Hidratado Estoque E.Fisico,stock,Jul (2),5275600,3755812,5338472,3904279,4089283,4429012,4125585.0,2848646,3983452.0
country,BR,Hidratado Estoque E.Fisico,stock,Aug (1),5665738,4438724,6093503,4543036,4593492,5021304,4679590.0,3294609,
country,BR,Hidratado Estoque E.Fisico,stock,Aug (2),6225231,5311185,6650083,5031912,5106188,5494264,5317544.0,3870937,
country,BR,Hidratado Estoque E.Fisico,stock,Sep (1),6861300,6106949,7314355,5537951,5672716,5910737,6130028.0,4391424,
country,BR,Hidratado Estoque E.Fisico,stock,Sep (2),7076786,6639591,7785716,6001380,5584363,6405757,6582474.0,4854531,
country,BR,Hidratado Estoque E.Fisico,stock,Oct (1),7136427,7311549,8207621,6049563,5544805,6667204,6978024.0,5247446,
country,BR,Hidratado Estoque E.Fisico,stock,Oct (2),7037761,7566528,7976678,5941266,5683482,6756040,7001483.0,5430908,
country,BR,Hidratado Estoque E.Fisico,stock,Nov (1),6889863,7478830,7801737,5768527,5645337,6988349,6698721.0,5349453,
country,BR,Hidratado Estoque E.Fisico,stock,Nov (2),6478716,6946601,7068982,5289728,5366794,6832962,6540638.0,5291310,
country,BR,Hidratado Estoque E.Fisico,stock,Dec (1),6165743,6157371,6298239,4809816,4929115,6573679,6168555.0,4797167,
country,BR,Hidratado Estoque E.Fisico,stock,Dec (2),5465580,5206121,5415722,4285510,4311666,5966400,5437548.0,4244313,
country,BR,Hidratado Estoque E.Fisico,stock,Jan (1),4712381,4358523,4729383,3901095,3969323,5298212,4764678.0,3712972,
country,BR,Hidratado Estoque E.Fisico,stock,Jan (2),3790593,3620829,3939175,3572796,3412514,4497756,3902103.0,3119847,
country,BR,Hidratado Estoque E.Fisico,stock,Feb (1),2929983,2932725,3153878,3079536,2972404,3859934,3358176.0,2538992,
country,BR,Hidratado Estoque E.Fisico,stock,Feb (2),2210115,2193259,2426943,2647569,2450803,3138903,2692883.0,2118355,
country,BR,Hidratado Estoque E.Fisico,stock,Mar (1),1501933,1683494,1741264,2206899,2058862,2427170,2166866.0,1638716,
country,BR,Hidratado Estoque E.Fisico,stock,Mar (2),801429,1131014,1137598,1325548,1351767,1639966,1503688.0,1081344,
country,BR,Hidratado Producao,flow,Apr (1),812546,687026,863371,679489,323411,480317,733374.0,837365,1017876.0
country,BR,Hidratado Producao,flow,Apr (2),1231724,1196704,1183797,973673,807533,561374,1139412.0,750902,1519391.0
country,BR,Hidratado Producao,flow,May (1),1448822,1280460,1354352,1254318,1128000,1112429,1320879.0,1177129,1378612.0
country,BR,Hidratado Producao,flow,May (2),1195742,1491323,1320890,1250983,1311594,1244667,1332142.0,1292480,1376080.0
country,BR,Hidratado Producao,flow,Jun (1),1479586,1417326,1328491,1000031,1143492,1264923,1391057.0,1146526,1393475.0
country,BR,Hidratado Producao,flow,Jun (2),1572934,1576125,1429864,1319584,1232030,1103635,1495812.0,1251679,1092153.0
country,BR,Hidratado Producao,flow,Jul (1),1606839,1562390,1506305,1424993,1297474,1486871,1351688.0,1377319,1570452.0
country,BR,Hidratado Producao,flow,Jul (2),1787387,1912544,1726941,1408129,1512993,1542721,1681659.0,1472201,1577442.0
country,BR,Hidratado Producao,flow,Aug (1),1395412,1711591,1620188,1460859,1224637,1463203,1539810.0,1375537,
country,BR,Hidratado Producao,flow,Aug (2),1655526,1994326,1599533,1431032,1380715,1512542,1702685.0,1587612,
country,BR,Hidratado Producao,flow,Sep (1),1776923,1786539,1662914,1240348,1318766,1319787,1749531.0,1580790,
country,BR,Hidratado Producao,flow,Sep (2),1281290,1726960,1527189,1360398,908832,1479772,1599969.0,1483590,
country,BR,Hidratado Producao,flow,Oct (1),1170580,1766977,1432079,873468,820388,1245159,1479282.0,1414519,
country,BR,Hidratado Producao,flow,Oct (2),1155254,1595096,1085542,679604,960274,1217632,1176051.0,1322954,
country,BR,Hidratado Producao,flow,Nov (1),895959,1086060,852504,629010,813341,1105210,798213.0,947421,
country,BR,Hidratado Producao,flow,Nov (2),690137,641820,475281,313262,562790,924154,990330.0,886180,
country,BR,Hidratado Producao,flow,Dec (1),770385,285058,269538,226127,336606,799214,652289.0,599179,
country,BR,Hidratado Producao,flow,Dec (2),275731,200099,189752,132664,244348,398019,409946.0,443138,
country,BR,Hidratado Producao,flow,Jan (1),691216,172214,180786,216797,152301,286196,294454.0,339371,
country,BR,Hidratado Producao,flow,Jan (2),119018,179705,158721,177228,162234,324517,303298.0,344640,
country,BR,Hidratado Producao,flow,Feb (1),79169,155227,153465,147095,185232,232344,295834.0,307480,
country,BR,Hidratado Producao,flow,Feb (2),79639,135523,100928,138274,98866,255554,281225.0,268600,
country,BR,Hidratado Producao,flow,Mar (1),129697,208663,225034,161560,204772,274027,322045.0,316531,
country,BR,Hidratado Producao,flow,Mar (2),22718654,423209,381903,262380,458829,451126,445013.0,468200,
country,BR,Hidratado Saidas Distrib,flow,Apr (1),555476,887137,526348,669739,661177,490209,962456.0,979613,915405.0
country,BR,Hidratado Saidas Distrib,flow,Apr (2),657845,965671,631037,799651,655548,491454,980526.0,957832,990769.0
country,BR,Hidratado Saidas Distrib,flow,May (1),755437,941000,720221,765865,686355,567463,965093.0,865960,887229.0
country,BR,Hidratado Saidas Distrib,flow,May (2),537606,1129967,731882,708290,765579,726779,1006962.0,1010108,927726.0
country,BR,Hidratado Saidas Distrib,flow,Jun (1),895919,916951,727262,694031,668638,817025,932905.0,844406,966944.0
country,BR,Hidratado Saidas Distrib,flow,Jun (2),782830,896578,732188,704793,648143,749571,890804.0,982712,904391.0
country,BR,Hidratado Saidas Distrib,flow,Jul (1),771714,950724,728727,745614,725874,645952,913050.0,884479,863218.0
country,BR,Hidratado Saidas Distrib,flow,Jul (2),953905,1077487,848839,739239,667478,643860,998762.0,970438,1026884.0
country,BR,Hidratado Saidas Distrib,flow,Aug (1),934652,974210,757526,749380,648578,759692,933878.0,904578,
country,BR,Hidratado Saidas Distrib,flow,Aug (2),1048705,1038101,848401,773003,723526,880084,971896.0,927067,
country,BR,Hidratado Saidas Distrib,flow,Sep (1),1025145,917468,828821,627011,668200,822465,903392.0,962281,
country,BR,Hidratado Saidas Distrib,flow,Sep (2),965428,1033263,920668,692970,774951,898009,999188.0,973194,
country,BR,Hidratado Saidas Distrib,flow,Oct (1),1001466,1031364,889485,677960,735624,909052,1074436.0,958911,
country,BR,Hidratado Saidas Distrib,flow,Oct (2),1142037,1239026,1041790,623581,718731,987354,1082689.0,1043991,
country,BR,Hidratado Saidas Distrib,flow,Nov (1),945158,1091347,832391,618838,753627,846067,987549.0,945891,
country,BR,Hidratado Saidas Distrib,flow,Nov (2),985746,1063224,931724,581700,647446,973796,1070665.0,1008523,
country,BR,Hidratado Saidas Distrib,flow,Dec (1),1043958,993834,938914,603750,681790,1010715,958052.0,1039538,
country,BR,Hidratado Saidas Distrib,flow,Dec (2),959304,1093357,1010471,572682,822509,908338,1117438.0,877292,
country,BR,Hidratado Saidas Distrib,flow,Jan (1),1387837,987740,814781,593358,512614,885184,937675.0,891543,
country,BR,Hidratado Saidas Distrib,flow,Jan (2),1056278,912718,870408,518278,634397,1069809,1108638.0,940494,
country,BR,Hidratado Saidas Distrib,flow,Feb (1),1009035,870658,887595,592965,637376,876349,855607.0,846253,
country,BR,Hidratado Saidas Distrib,flow,Feb (2),857794,858438,702744,558216,605723,935442,951130.0,723872,
country,BR,Hidratado Saidas Distrib,flow,Mar (1),871637,783459,890162,626088,566206,958081,879022.0,810861,
country,BR,Hidratado Saidas Distrib,flow,Mar (2),21879737,836995,932654,1113313,948983,1099783,1188006.0,1033124,
country,BR,Hidratado Saidas M.Ext,flow,Apr (1),11197,925,40461,11262,10349,39181,55304.0,6818,551.0
country,BR,Hidratado Saidas M.Ext,flow,Apr (2),827,3397,7773,41971,26951,51626,14857.0,10337,11149.0
country,BR,Hidratado Saidas M.Ext,flow,May (1),343,1861,24578,23275,3506,14566,16480.0,24293,5012.0
country,BR,Hidratado Saidas M.Ext,flow,May (2),55452,14798,65162,67988,49283,19038,43064.0,48434,11625.0
country,BR,Hidratado Saidas M.Ext,flow,Jun (1),6156,2490,60062,34695,13777,53441,20786.0,24023,17548.0
country,BR,Hidratado Saidas M.Ext,flow,Jun (2),29549,63905,101033,79896,82576,43725,21226.0,44816,50031.0
country,BR,Hidratado Saidas M.Ext,flow,Jul (1),44599,29087,32908,19167,17185,34418,31747.0,34589,71188.0
country,BR,Hidratado Saidas M.Ext,flow,Jul (2),45717,41553,90577,96194,19158,71369,53934.0,53552,34485.0
country,BR,Hidratado Saidas M.Ext,flow,Aug (1),37724,26209,40389,9629,9971,80869,40316.0,27409,
country,BR,Hidratado Saidas M.Ext,flow,Aug (2),25320,44191,132064,64610,85184,114191,98084.0,69862,
country,BR,Hidratado Saidas M.Ext,flow,Sep (1),61866,25787,92711,28742,23239,47684,32976.0,103186,
country,BR,Hidratado Saidas M.Ext,flow,Sep (2),27126,46623,72712,113486,122237,59966,141098.0,25445,
country,BR,Hidratado Saidas M.Ext,flow,Oct (1),35142,21572,46024,28553,54115,42301,31832.0,24315,
country,BR,Hidratado Saidas M.Ext,flow,Oct (2),27052,63692,139973,19401,50319,96563,58936.0,52905,
country,BR,Hidratado Saidas M.Ext,flow,Nov (1),4677,22664,81895,36634,3575,11106,34990.0,37387,
country,BR,Hidratado Saidas M.Ext,flow,Nov (2),51364,28275,88539,77889,79410,113111,78226.0,9899,
country,BR,Hidratado Saidas M.Ext,flow,Dec (1),23774,20051,14469,7904,38553,22370,27112.0,49245,
country,BR,Hidratado Saidas M.Ext,flow,Dec (2),39844,70278,129686,79679,96944,100861,71898.0,27446,
country,BR,Hidratado Saidas M.Ext,flow,Jan (1),44750,22043,38011,2898,9211,55511,49429.0,7473,
country,BR,Hidratado Saidas M.Ext,flow,Jan (2),2729,5965,57839,4864,83178,100758,55049.0,12625,
country,BR,Hidratado Saidas M.Ext,flow,Feb (1),-488,283,27969,43485,16607,24283,9082.0,6137,
country,BR,Hidratado Saidas M.Ext,flow,Feb (2),22764,38237,121350,16466,74123,120552,62907.0,3087,
country,BR,Hidratado Saidas M.Ext,flow,Mar (1),1502,-2810,99193,27488,34551,55125,40663.0,25028,
country,BR,Hidratado Saidas M.Ext,flow,Mar (2),638547,101675,103378,140933,204530,86213,86814.0,5271,
country,BR,Hidratado Saidas Outras,flow,Apr (1),59683,89040,97998,78963,61818,99775,117575.0,89572,81838.0
country,BR,Hidratado Saidas Outras,flow,Apr (2),101965,90985,112954,96134,103649,86853,93232.0,110907,97278.0
country,BR,Hidratado Saidas Outras,flow,May (1),111678,103367,140820,89100,146353,121739,81334.0,58747,74542.0
country,BR,Hidratado Saidas Outras,flow,May (2),79193,110254,171698,146439,149286,145912,100791.0,108495,108168.0
country,BR,Hidratado Saidas Outras,flow,Jun (1),103213,108570,155208,141060,119318,149309,96544.0,80711,95472.0
country,BR,Hidratado Saidas Outras,flow,Jun (2),130049,127097,163130,169186,135361,167546,93595.0,93649,147922.0
country,BR,Hidratado Saidas Outras,flow,Jul (1),105431,134125,166928,154965,130413,121937,91816.0,108411,103057.0
country,BR,Hidratado Saidas Outras,flow,Jul (2),166895,150116,179358,218919,147449,157574,97961.0,117736,117166.0
country,BR,Hidratado Saidas Outras,flow,Aug (1),140675,159539,176021,173051,163111,132049,93932.0,120268,
country,BR,Hidratado Saidas Outras,flow,Aug (2),178097,165994,183476,226165,162706,149940,147710.0,117937,
country,BR,Hidratado Saidas Outras,flow,Sep (1),150361,159769,180144,184705,153377,132939,116108.0,100885,
country,BR,Hidratado Saidas Outras,flow,Sep (2),195089,289144,184428,199994,223947,141232,116775.0,121712,
country,BR,Hidratado Saidas Outras,flow,Oct (1),157550,132960,176121,202298,182735,127293,126278.0,135813,
country,BR,Hidratado Saidas Outras,flow,Oct (2),166634,154907,219827,232821,180461,154268,176066.0,157439,
country,BR,Hidratado Saidas Outras,flow,Nov (1),175425,144306,198193,236486,186114,108176,162562.0,164382,
country,BR,Hidratado Saidas Outras,flow,Nov (2),166319,233757,283167,272100,214229,126230,132240.0,165662,
country,BR,Hidratado Saidas Outras,flow,Dec (1),84330,135566,197856,194951,173615,126610,155041.0,166288,
country,BR,Hidratado Saidas Outras,flow,Dec (2),115848,116167,108846,106982,114170,91703,96217.0,82982,
country,BR,Hidratado Saidas Outras,flow,Jan (1),105902,98419,105475,89908,70701,116049,73478.0,41791,
country,BR,Hidratado Saidas Outras,flow,Jan (2),99685,125107,122184,103538,98639,57967,79974.0,65570,
country,BR,Hidratado Saidas Outras,flow,Feb (1),85732,91902,101440,109339,70623,56606,86299.0,59318,
country,BR,Hidratado Saidas Outras,flow,Feb (2),74714,98106,88154,81860,59221,97369,54052.0,74009,
country,BR,Hidratado Saidas Outras,flow,Mar (1),81455,74434,73079,85352,74567,97882,61203.0,72054,
country,BR,Hidratado Saidas Outras,flow,Mar (2),3065304,182591,145805,162738,145029,261159,116090.0,133016,
region,CS,Acucar,flow,Apr (1),725011,391830,1008761,687810,128797,582476,771216.0,826564,742247.0
region,CS,Acucar,flow,Apr (2),1408504,1040583,2027549,1538320,940542,999606,1854005.0,848519,1763102.0
region,CS,Acucar,flow,May (1),1891058,1600005,2472458,2414833,1571877,2508210,2577398.0,2438177,2115604.0
region,CS,Acucar,flow,May (2),1262081,1863083,2531817,2613950,2298672,2823961,2714911.0,2914245,2191348.0
region,CS,Acucar,flow,Jun (1),1995910,1854607,2546854,2022593,2244053,2506470,3123877.0,2384203,2312229.0
region,CS,Acucar,flow,Jun (2),2208523,2046714,2723491,2917319,2455162,2648922,3262078.0,2882544,1609469.0
region,CS,Acucar,flow,Jul (1),2308037,2096617,3008594,2976340,2782480,3389598,2947987.0,3380110,3187444.0
region,CS,Acucar,flow,Jul (2),2558751,2526739,3417001,3130893,3498689,3644869,3616046.0,3640015,3000630.0
region,CS,Acucar,flow,Aug (1),1661459,2027293,3199943,2990857,2592853,3420476,3077594.0,3593557,
region,CS,Acucar,flow,Aug (2),2159312,2546794,2950419,2932561,3159385,3520682,3275821.0,3908298,
region,CS,Acucar,flow,Sep (1),2306131,2017663,3189127,2507969,2781938,3003090,3134841.0,3625987,
region,CS,Acucar,flow,Sep (2),1259507,1777438,2845170,2375222,1775523,3324588,2834477.0,3042670,
region,CS,Acucar,flow,Oct (1),1083915,1937905,2613488,1201039,1825887,2314478,2421999.0,2566602,
region,CS,Acucar,flow,Oct (2),934084,1525837,1722027,849013,2146979,2455887,1796824.0,2092985,
region,CS,Acucar,flow,Nov (1),846880,790951,1240179,622415,1667456,2201412,914407.0,964756,
region,CS,Acucar,flow,Nov (2),505812,346711,406887,160400,1041487,1448104,1081158.0,761605,
region,CS,Acucar,flow,Dec (1),454144,47254,103155,20513,316134,922028,341489.0,255648,
region,CS,Acucar,flow,Dec (2),83168,11968,17626,8711,144583,208366,,59794,
region,CS,Acucar,flow,Jan (1),746316,310992,7604,17280,37419,85418,75787.0,25177,
region,CS,Acucar,flow,Jan (2),20610,3648,2211,-18090,16647,30178,11797.0,4876,
region,CS,Acucar,flow,Feb (1),1647,2508,21320,-1531,6222,46759,162243.0,4684,
region,CS,Acucar,flow,Feb (2),-9320,-99847,19864,11683,480,34306,-144344.0,547,
region,CS,Acucar,flow,Mar (1),7579,-169346,38199,46420,15396,51748,38395.0,-1551,
region,CS,Acucar,flow,Mar (2),88627,178079,103953,15960,123382,278418,127645.0,86175,
region,CS,Anidro Entradas,flow,Apr (1),1044557,853791,1079579,881412,1049430,854550,1195173.0,1010537,845847.0
region,CS,Anidro Entradas,flow,Apr (2),85714,100342,111280,60642,75833,61556,57469.0,63413,47710.0
region,CS,Anidro Entradas,flow,May (1),54054,133587,83104,51893,97480,71193,79509.0,95698,41953.0
region,CS,Anidro Entradas,flow,May (2),41480,91727,100061,71590,61700,51030,133831.0,83819,53266.0
region,CS,Anidro Entradas,flow,Jun (1),54724,85025,84890,87364,74923,79392,63718.0,57596,56634.0
region,CS,Anidro Entradas,flow,Jun (2),66575,80394,111636,82319,71117,87203,60189.0,59832,85376.0
region,CS,Anidro Entradas,flow,Jul (1),67407,87276,85009,108970,74156,65375,53531.0,67983,72224.0
region,CS,Anidro Entradas,flow,Jul (2),105475,117450,84814,84585,68733,133187,55816.0,61016,47263.0
region,CS,Anidro Entradas,flow,Aug (1),138767,108029,52569,77939,88707,62127,73070.0,103112,
region,CS,Anidro Entradas,flow,Aug (2),174841,90916,98849,93665,65093,65326,82192.0,64775,
region,CS,Anidro Entradas,flow,Sep (1),128775,60045,56947,98331,79771,72329,67615.0,56180,
region,CS,Anidro Entradas,flow,Sep (2),172716,104813,58350,99519,133882,71751,71535.0,99287,
region,CS,Anidro Entradas,flow,Oct (1),113400,71723,87877,133985,110170,81148,102914.0,75254,
region,CS,Anidro Entradas,flow,Oct (2),86787,66834,144092,140225,114653,111250,99039.0,90495,
region,CS,Anidro Entradas,flow,Nov (1),94533,72085,114916,173295,124985,108563,112505.0,93257,
region,CS,Anidro Entradas,flow,Nov (2),82242,109866,188330,145950,151966,107105,124933.0,98419,
region,CS,Anidro Entradas,flow,Dec (1),90296,128742,120420,141477,119158,80925,103016.0,102604,
region,CS,Anidro Entradas,flow,Dec (2),27703,164613,83397,97568,60939,64076,92894.0,56698,
region,CS,Anidro Entradas,flow,Jan (1),86958,58084,16679,59514,69577,36483,43945.0,47528,
region,CS,Anidro Entradas,flow,Jan (2),113978,116052,74542,41838,82276,79230,32528.0,80361,
region,CS,Anidro Entradas,flow,Feb (1),43882,60108,58397,73804,48916,60604,87773.0,63594,
region,CS,Anidro Entradas,flow,Feb (2),28802,75509,31203,65689,33555,63986,24122.0,61893,
region,CS,Anidro Entradas,flow,Mar (1),35378,109801,74211,40976,48342,78145,42704.0,55630,
region,CS,Anidro Entradas,flow,Mar (2),54750,179762,53967,69294,72052,76499,58622.0,100091,
region,CS,Anidro Estoque E.Disp,stock,Apr (1),591797,443450,898199,513837,544743,622030,765324.0,652172,625544.0
region,CS,Anidro Estoque E.Disp,stock,Apr (2),727722,430635,1090224,506628,386610,483839,738033.0,430909,670643.0
region,CS,Anidro Estoque E.Disp,stock,May (1),1002037,678749,1233725,707681,591807,770870,1007459.0,578388,919722.0
region,CS,Anidro Estoque E.Disp,stock,May (2),1268502,864134,1459000,979137,834255,1122363,1363220.0,778788,1120477.0
region,CS,Anidro Estoque E.Disp,stock,Jun (1),1412321,1164496,1624138,1212619,1099057,1409837,1704768.0,1007599,1337248.0
region,CS,Anidro Estoque E.Disp,stock,Jun (2),1848075,1545459,1841751,1595803,1365744,1679459,2071552.0,1203797,1419417.0
region,CS,Anidro Estoque E.Disp,stock,Jul (1),2214983,1790416,2064441,1994763,1762044,2095142,2371942.0,1537508,1808836.0
region,CS,Anidro Estoque E.Disp,stock,Jul (2),2559384,2150547,2262873,2385889,2184401,2410739,2760090.0,1856769,1997379.0
region,CS,Anidro Estoque E.Disp,stock,Aug (1),2789518,2390450,2533556,2822164,2494770,2866900,3068999.0,2198916,
region,CS,Anidro Estoque E.Disp,stock,Aug (2),3025413,2635692,2627129,3267250,2809686,3082656,3324128.0,2620358,
region,CS,Anidro Estoque E.Disp,stock,Sep (1),3323877,2928560,2902396,3615534,3186316,3449350,3676109.0,2893284,
region,CS,Anidro Estoque E.Disp,stock,Sep (2),3455462,3014351,3151649,3941554,3196667,3716243,3907349.0,3132554,
region,CS,Anidro Estoque E.Disp,stock,Oct (1),3545112,3274940,3473143,4064904,3397895,3989799,4075239.0,3338240,
region,CS,Anidro Estoque E.Disp,stock,Oct (2),3547698,3444651,3527089,4140513,3603856,4029652,4145946.0,3480701,
region,CS,Anidro Estoque E.Disp,stock,Nov (1),3512588,3404191,3558493,4128363,3769667,4194169,4070726.0,3506628,
region,CS,Anidro Estoque E.Disp,stock,Nov (2),3383208,3285788,3448800,3888081,3700855,4089489,3963170.0,3420317,
region,CS,Anidro Estoque E.Disp,stock,Dec (1),3100912,3094158,3142205,3676298,3512027,3917343,3715692.0,3186439,
region,CS,Anidro Estoque E.Disp,stock,Dec (2),2820303,2776051,2814488,3333952,2960517,3641518,3376907.0,2861165,
region,CS,Anidro Estoque E.Disp,stock,Jan (1),2498284,2459281,2453404,2941814,2664138,3239363,2956501.0,2508509,
region,CS,Anidro Estoque E.Disp,stock,Jan (2),2217536,2156008,2047171,2579086,2165160,2760441,2582874.0,2091158,
region,CS,Anidro Estoque E.Disp,stock,Feb (1),1809922,1756314,1690457,2182301,1749780,2409324,2173458.0,1720585,
region,CS,Anidro Estoque E.Disp,stock,Feb (2),1490857,1369501,1410012,1838820,1421151,1981388,1780719.0,1437538,
region,CS,Anidro Estoque E.Disp,stock,Mar (1),1081764,1055834,1034398,1389134,1099819,1537540,1335448.0,1081885,
region,CS,Anidro Estoque E.Disp,stock,Mar (2),598455,794588,679371,910240,726311,1035658,812472.0,713436,
region,CS,Anidro Estoque E.Fisico,stock,Apr (1),749673,567657,1002099,634885,671421,695679,868485.0,700064,660067.0
region,CS,Anidro Estoque E.Fisico,stock,Apr (2),894352,558076,1164001,638808,489823,580881,819392.0,521055,736183.0
region,CS,Anidro Estoque E.Fisico,stock,May (1),1177293,793766,1374744,861099,699399,883557,1089083.0,675365,1000558.0
region,CS,Anidro Estoque E.Fisico,stock,May (2),1484488,971754,1571756,1147814,950382,1212712,1436230.0,881065,1260577.0
region,CS,Anidro Estoque E.Fisico,stock,Jun (1),1669515,1312166,1764824,1405738,1256217,1524482,1857122.0,1096314,1479332.0
region,CS,Anidro Estoque E.Fisico,stock,Jun (2),2087148,1715676,1972236,1779939,1530579,1817797,2226370.0,1290286,1529199.0
region,CS,Anidro Estoque E.Fisico,stock,Jul (1),2492375,2004042,2218949,2208588,2000166,2258826,2556010.0,1644173,1933647.0
region,CS,Anidro Estoque E.Fisico,stock,Jul (2),2848834,2369861,2421283,2615182,2435997,2580334,2929894.0,1957529,2133429.0
region,CS,Anidro Estoque E.Fisico,stock,Aug (1),3094493,2625544,2723650,3083637,2737860,3024083,3208219.0,2278555,
region,CS,Anidro Estoque E.Fisico,stock,Aug (2),3331559,2865864,2868761,3540176,3027742,3247840,3514167.0,2700463,
region,CS,Anidro Estoque E.Fisico,stock,Sep (1),3649827,3186091,3175777,3938674,3424472,3648687,3869380.0,2982384,
region,CS,Anidro Estoque E.Fisico,stock,Sep (2),3773343,3294142,3405432,4250718,3479907,3951820,4110480.0,3231589,
region,CS,Anidro Estoque E.Fisico,stock,Oct (1),3862071,3556301,3784196,4401483,3707553,4237371,4298653.0,3451089,
region,CS,Anidro Estoque E.Fisico,stock,Oct (2),3817325,3719661,3826595,4496249,3875775,4322407,4368942.0,3588683,
region,CS,Anidro Estoque E.Fisico,stock,Nov (1),3805187,3735793,3871618,4480085,4038212,4490175,4288171.0,3631537,
region,CS,Anidro Estoque E.Fisico,stock,Nov (2),3653535,3613456,3764947,4233648,3950771,4328279,4187620.0,3556931,
region,CS,Anidro Estoque E.Fisico,stock,Dec (1),3364558,3414955,3497184,3915005,3720350,4181731,3953148.0,3320593,
region,CS,Anidro Estoque E.Fisico,stock,Dec (2),3087421,3072653,3095022,3533393,3209834,3915789,3590282.0,2971507,
region,CS,Anidro Estoque E.Fisico,stock,Jan (1),2796841,2747790,2736463,3145737,2847506,3524444,3169709.0,2609792,
region,CS,Anidro Estoque E.Fisico,stock,Jan (2),2444955,2430956,2321634,2780934,2336764,3036791,2762109.0,2168594,
region,CS,Anidro Estoque E.Fisico,stock,Feb (1),2002637,2039267,1957178,2380237,1923137,2663318,2359867.0,1814817,
region,CS,Anidro Estoque E.Fisico,stock,Feb (2),1665526,1620689,1625472,2010754,1541498,2195510,1942381.0,1508423,
region,CS,Anidro Estoque E.Fisico,stock,Mar (1),1253755,1244335,1244523,1573301,1204969,1729383,1523582.0,1152065,
region,CS,Anidro Estoque E.Fisico,stock,Mar (2),727972,963049,814495,1043915,801267,1144626,952224.0,754405,
region,CS,Anidro Producao,flow,Apr (1),188377,110664,207728,143942,66786,255240,227077.0,219415,369737.0
region,CS,Anidro Producao,flow,Apr (2),424653,318557,435974,339731,264747,294388,415481.0,276548,590240.0
region,CS,Anidro Producao,flow,May (1),617172,543682,483678,580761,560450,779210,708979.0,607197,798484.0
region,CS,Anidro Producao,flow,May (2),500201,694431,510462,766219,739498,907286,826722.0,792035,756827.0
region,CS,Anidro Producao,flow,Jun (1),658886,704088,532686,653567,732809,849142,899378.0,647312,808143.0
region,CS,Anidro Producao,flow,Jun (2),743169,780994,555474,819380,812390,819617,865104.0,732901,642616.0
region,CS,Anidro Producao,flow,Jul (1),739748,693233,646022,870423,908635,1007089,816546.0,825417,899920.0
region,CS,Anidro Producao,flow,Jul (2),816148,808569,708896,914397,990336,948797,930467.0,887759,863408.0
region,CS,Anidro Producao,flow,Aug (1),555302,707952,686570,898317,799572,899247,811417.0,871046,
region,CS,Anidro Producao,flow,Aug (2),698294,773516,629955,877744,908232,859175,855711.0,941360,
region,CS,Anidro Producao,flow,Sep (1),650033,660643,723109,821158,842888,835825,810585.0,848878,
region,CS,Anidro Producao,flow,Sep (2),425316,574017,750781,759326,630869,814758,770089.0,797937,
region,CS,Anidro Producao,flow,Oct (1),394690,635665,716811,514398,634728,681293,684555.0,747861,
region,CS,Anidro Producao,flow,Oct (2),351258,620854,546711,405523,732711,646377,595814.0,719477,
region,CS,Anidro Producao,flow,Nov (1),297614,399491,410600,284681,589623,624097,370700.0,523798,
region,CS,Anidro Producao,flow,Nov (2),162287,230646,189856,152111,389611,419663,370743.0,386728,
region,CS,Anidro Producao,flow,Dec (1),75241,61410,58806,59628,215138,307638,203678.0,286417,
region,CS,Anidro Producao,flow,Dec (2),31523,34429,35728,39725,129380,121984,161217.0,211398,
region,CS,Anidro Producao,flow,Jan (1),285583,32009,31061,51705,112631,153211,136291.0,182212,
region,CS,Anidro Producao,flow,Jan (2),53860,28439,38476,40514,95766,125552,158567.0,189854,
region,CS,Anidro Producao,flow,Feb (1),12268,23075,39410,49680,95461,95071,139707.0,182998,
region,CS,Anidro Producao,flow,Feb (2),15710,13806,9338,25042,60185,105999,98814.0,148046,
region,CS,Anidro Producao,flow,Mar (1),27986,34630,27859,43938,92052,91821,97393.0,163562,
region,CS,Anidro Producao,flow,Mar (2),58112,49221,45815,50201,112969,179039,104447.0,208785,
region,CS,Anidro Saidas Distrib,flow,Apr (1),307026,301048,188509,301035,347510,380914,465829.0,466354,504315.0
region,CS,Anidro Saidas Distrib,flow,Apr (2),297020,308769,301042,335947,382334,418908,471135.0,461077,530458.0
region,CS,Anidro Saidas Distrib,flow,May (1),319707,388886,289054,391039,402183,498599,487925.0,488811,558147.0
region,CS,Anidro Saidas Distrib,flow,May (2),212008,442182,300358,468079,495871,565114,552182.0,603086,523098.0
region,CS,Anidro Saidas Distrib,flow,Jun (1),485060,377838,327318,427504,442788,586552,513308.0,445701,604719.0
region,CS,Anidro Saidas Distrib,flow,Jun (2),330282,344600,364102,430864,435135,553763,496533.0,549240,624806.0
region,CS,Anidro Saidas Distrib,flow,Jul (1),332896,375822,386473,502293,481807,560410,490065.0,505232,533381.0
region,CS,Anidro Saidas Distrib,flow,Jul (2),415306,438546,425126,485621,488461,580853,537251.0,576510,657314.0
region,CS,Anidro Saidas Distrib,flow,Aug (1),387280,425535,373052,437717,507719,491003,519178.0,597146,
region,CS,Anidro Saidas Distrib,flow,Aug (2),451140,427080,456123,472603,585498,526092,562646.0,526937,
region,CS,Anidro Saidas Distrib,flow,Sep (1),374216,343353,376838,485483,463104,471313,482599.0,586935,
region,CS,Anidro Saidas Distrib,flow,Sep (2),344191,384296,437453,462425,512959,470848,548859.0,592505,
region,CS,Anidro Saidas Distrib,flow,Oct (1),332728,366677,370055,463956,472281,445769,537702.0,572950,
region,CS,Anidro Saidas Distrib,flow,Oct (2),381422,410381,457700,403029,509719,567158,558116.0,620489,
region,CS,Anidro Saidas Distrib,flow,Nov (1),317254,394291,395656,427059,497551,490762,495245.0,547879,
region,CS,Anidro Saidas Distrib,flow,Nov (2),357868,386385,427442,473864,490118,519494,516669.0,518488,
region,CS,Anidro Saidas Distrib,flow,Dec (1),374670,373560,418881,453262,512281,493367,508075.0,602345,
region,CS,Anidro Saidas Distrib,flow,Dec (2),292443,458412,432702,442266,542684,401118,550026.0,580645,
region,CS,Anidro Saidas Distrib,flow,Jan (1),524272,393845,376051,442403,503634,525130,560173.0,574174,
region,CS,Anidro Saidas Distrib,flow,Jan (2),394357,350867,432330,384169,548378,592001,527856.0,637567,
region,CS,Anidro Saidas Distrib,flow,Feb (1),344212,338121,420916,452846,516444,485659,515921.0,566565,
region,CS,Anidro Saidas Distrib,flow,Feb (2),284998,358706,293474,408509,396862,506408,461414.0,490710,
region,CS,Anidro Saidas Distrib,flow,Mar (1),358459,364074,381888,437003,440999,557677,483774.0,551894,
region,CS,Anidro Saidas Distrib,flow,Mar (2),435735,355927,364850,485510,531332,598577,574737.0,637228,
region,CS,Anidro Saidas M.Ext,flow,Apr (1),4364,5991,0,8953,17014,16429,1667.0,17651,28330.0
region,CS,Anidro Saidas M.Ext,flow,Apr (2),31416,44551,30036,8986,52749,16066,24264.0,24206,7770.0
region,CS,Anidro Saidas M.Ext,flow,May (1),46764,7937,9906,0,17848,20550,0.0,8204,0.0
region,CS,Anidro Saidas M.Ext,flow,May (2),9624,113881,51413,64315,32934,45494,39094.0,17429,13.0
region,CS,Anidro Saidas M.Ext,flow,Jun (1),23706,50422,62440,21158,28711,17931,12650.0,17405,18905.0
region,CS,Anidro Saidas M.Ext,flow,Jun (2),38675,68304,42259,55539,166212,36003,36665.0,21040,8664.0
region,CS,Anidro Saidas M.Ext,flow,Jul (1),42986,80353,48083,0,8050,54241,27181.0,3036,11855.0
region,CS,Anidro Saidas M.Ext,flow,Jul (2),110073,71353,135170,68081,105937,131672,45228.0,21097,3904.0
region,CS,Anidro Saidas M.Ext,flow,Aug (1),11550,81000,28172,42466,51955,8610,67166.0,23190,
region,CS,Anidro Saidas M.Ext,flow,Aug (2),96338,136835,101743,20148,80827,136036,33294.0,25570,
region,CS,Anidro Saidas M.Ext,flow,Sep (1),25621,28961,65681,2236,35994,9030,0.0,11859,
region,CS,Anidro Saidas M.Ext,flow,Sep (2),50018,98319,122349,55302,173543,68397,13619.0,15385,
region,CS,Anidro Saidas M.Ext,flow,Oct (1),30884,52453,30533,2424,22412,2088,383.0,0,
region,CS,Anidro Saidas M.Ext,flow,Oct (2),64526,90074,161071,18864,145087,80928,30578.0,15948,
region,CS,Anidro Saidas M.Ext,flow,Nov (1),52225,40010,61885,12136,30547,30630,33860.0,1466,
region,CS,Anidro Saidas M.Ext,flow,Nov (2),10551,53000,28826,38854,108208,136222,30784.0,13988,
region,CS,Anidro Saidas M.Ext,flow,Dec (1),46111,1973,33,28817,23841,12574,1449.0,0,
region,CS,Anidro Saidas M.Ext,flow,Dec (2),10945,28420,41303,40809,131934,31162,34617.0,9036,
region,CS,Anidro Saidas M.Ext,flow,Jan (1),101515,0,9966,20526,17389,32409,7934.0,114,
region,CS,Anidro Saidas M.Ext,flow,Jan (2),21570,39000,50829,23837,103956,40654,33244.0,42705,
region,CS,Anidro Saidas M.Ext,flow,Feb (1),51207,21022,113,13191,15307,1352,21481.0,0,
region,CS,Anidro Saidas M.Ext,flow,Feb (2),9975,61446,36524,1339,53079,22664,10234.0,0,
region,CS,Anidro Saidas M.Ext,flow,Mar (1),36334,29027,1277,940,16622,2849,6076.0,877,
region,CS,Anidro Saidas M.Ext,flow,Mar (2),94635,52627,17682,67724,36592,104574,23417.0,13533,
region,CS,Anidro Saidas Outras,flow,Apr (1),171871,89759,96699,80481,80271,16768,86269.0,45883,22872.0
region,CS,Anidro Saidas Outras,flow,Apr (2),37252,75160,54274,51517,87095,35768,26644.0,33687,23606.0
region,CS,Anidro Saidas Outras,flow,May (1),21814,44756,57079,19324,28323,28578,30872.0,51570,17915.0
region,CS,Anidro Saidas Outras,flow,May (2),12854,52107,61740,18700,21410,18553,22130.0,49639,26963.0
region,CS,Anidro Saidas Outras,flow,Jun (1),19817,20441,34750,34345,30398,12281,16246.0,26553,22398.0
region,CS,Anidro Saidas Outras,flow,Jun (2),23154,44974,53337,41095,7798,23739,22847.0,28481,44655.0
region,CS,Anidro Saidas Outras,flow,Jul (1),26046,35968,49762,48451,23347,16784,23191.0,31245,22460.0
region,CS,Anidro Saidas Outras,flow,Jul (2),39785,50301,31080,38686,28840,47951,29920.0,37812,49671.0
region,CS,Anidro Saidas Outras,flow,Aug (1),49580,53763,35548,27618,26742,18012,19818.0,32796,
region,CS,Anidro Saidas Outras,flow,Aug (2),88591,60197,25827,22119,17118,38616,36015.0,31720,
region,CS,Anidro Saidas Outras,flow,Sep (1),60703,28147,30521,33272,26831,26964,40388.0,24343,
region,CS,Anidro Saidas Outras,flow,Sep (2),80307,88164,19674,29074,22814,44131,38046.0,40129,
region,CS,Anidro Saidas Outras,flow,Oct (1),55750,26099,25336,31238,22559,29033,61211.0,30665,
region,CS,Anidro Saidas Outras,flow,Oct (2),36843,23873,29633,29089,24336,24505,35870.0,35941,
region,CS,Anidro Saidas Outras,flow,Nov (1),34806,21143,22952,34945,24073,43500,34871.0,24856,
region,CS,Anidro Saidas Outras,flow,Nov (2),27762,23464,28589,31780,30692,32948,48774.0,27277,
region,CS,Anidro Saidas Outras,flow,Dec (1),33733,13120,28075,37669,28595,29170,31642.0,23014,
region,CS,Anidro Saidas Outras,flow,Dec (2),32975,54512,47282,35830,26217,19722,32334.0,27501,
region,CS,Anidro Saidas Outras,flow,Jan (1),37334,21111,20282,35946,23513,23500,32702.0,17167,
region,CS,Anidro Saidas Outras,flow,Jan (2),103797,71458,44688,39149,36450,59780,37595.0,31141,
region,CS,Anidro Saidas Outras,flow,Feb (1),103049,115729,41234,58144,26253,42137,92320.0,33804,
region,CS,Anidro Saidas Outras,flow,Feb (2),86650,87741,42249,50366,25438,108721,68774.0,25623,
region,CS,Anidro Saidas Outras,flow,Mar (1),80342,127684,99854,84424,19302,75567,69046.0,22779,
region,CS,Anidro Saidas Outras,flow,Mar (2),108275,101715,147278,95647,20799,137144,136273.0,55775,
region,CS,Cana,flow,Apr (1),22352769,15082921,24082148,17240942,5255690,15155291,18044447.0,18977834,23058993.0
region,CS,Cana,flow,Apr (2),34917241,32141492,38008091,29684098,23748960,21063319,34659387.0,17586706,39460194.0
region,CS,Cana,flow,May (1),42852997,38656046,42174463,41175831,33252081,43308971,44810112.0,41782957,42351291.0
region,CS,Cana,flow,May (2),31698601,44238437,42211452,43158683,43559212,46480791,45097156.0,47327548,41226606.0
region,CS,Cana,flow,Jun (1),40297842,42416760,41683921,34576900,39685452,39579889,49009264.0,38075569,39234131.0
region,CS,Cana,flow,Jun (2),45060802,44590223,42821154,45602617,41508152,42309562,48850328.0,43502093,31152568.0
region,CS,Cana,flow,Jul (1),43471366,42669945,46423301,46368868,43726031,51067191,43218023.0,49347322,50647901.0
region,CS,Cana,flow,Jul (2),46809388,50576600,50577258,47727404,51186191,52859234,51317235.0,50311616,46082430.0
region,CS,Cana,flow,Aug (1),32687784,41916841,46351917,45022029,38295984,47288224,43537838.0,47437179,
region,CS,Cana,flow,Aug (2),40241730,47575567,42252688,42978386,44189726,46578370,45688772.0,50294609,
region,CS,Cana,flow,Sep (1),40769776,39228632,47973301,38159423,38867131,41052608,42451442.0,45841846,
region,CS,Cana,flow,Sep (2),27102796,35239868,40154439,36714833,26182744,44547856,38874294.0,39804900,
region,CS,Cana,flow,Oct (1),25641252,37882470,36741068,20465464,27685959,33679508,33817578.0,34686744,
region,CS,Cana,flow,Oct (2),24263766,33028699,26754794,17612556,32099365,35581882,27314560.0,31214860,
region,CS,Cana,flow,Nov (1),20693694,19960106,20822625,11942751,26996837,34452061,16675092.0,19635166,
region,CS,Cana,flow,Nov (2),13996577,10980231,8646471,3961434,15951531,24280144,20403780.0,15753145,
region,CS,Cana,flow,Dec (1),13372452,2537296,2095988,736494,5690117,19035271,8665422.0,6881218,
region,CS,Cana,flow,Dec (2),2302488,765292,448249,62047,2435748,3963643,1834478.0,2163911,
region,CS,Cana,flow,Jan (1),14960391,219141,400348,-1,722562,2085826,339411.0,681408,
region,CS,Cana,flow,Jan (2),890059,97336,46090,0,307297,700389,239366.0,608932,
region,CS,Cana,flow,Feb (1),308245,561469,488717,237,77069,548584,244777.0,390963,
region,CS,Cana,flow,Feb (2),546787,499779,386144,159380,67904,456760,401812.0,361282,
region,CS,Cana,flow,Mar (1),1787560,2611188,1592926,543581,484256,1753422,1146004.0,932289,
region,CS,Cana,flow,Mar (2),7328078,7400838,719196,1866194,4224057,5406851,2980963.0,4594480,
region,CS,Etanol Total,flow,Apr (1),998467,792321,1065191,804363,380590,721630,956538.0,1030508,1375651.0
region,CS,Etanol Total,flow,Apr (2),1648561,1500478,1609766,1298941,1060900,844584,1539632.0,997642,2039515.0
region,CS,Etanol Total,flow,May (1),2056490,1809588,1824525,1820309,1679002,1880270,2012515.0,1759927,2142248.0
region,CS,Etanol Total,flow,May (2),1684516,2164078,1816051,1999820,2032052,2121691,2141242.0,2059983,2096542.0
region,CS,Etanol Total,flow,Jun (1),2124156,2120527,1845790,1637834,1852269,2092942,2275917.0,1774635,2155037.0
region,CS,Etanol Total,flow,Jun (2),2291172,2319731,1968346,2116558,2009655,1899392,2339662.0,1962000,1704781.0
region,CS,Etanol Total,flow,Jul (1),2321815,2233747,2131919,2261657,2174244,2469211,2142695.0,2170508,2434218.0
region,CS,Etanol Total,flow,Jul (2),2575604,2691771,2413506,2297340,2473412,2458929,2579725.0,2325357,2391329.0
region,CS,Etanol Total,flow,Aug (1),1910564,2384661,2276970,2329214,1992226,2332947,2306439.0,2205453,
region,CS,Etanol Total,flow,Aug (2),2303971,2714641,2176867,2257799,2250772,2323558,2490378.0,2459715,
region,CS,Etanol Total,flow,Sep (1),2354700,2364413,2315466,2014909,2118742,2097139,2444178.0,2362097,
region,CS,Etanol Total,flow,Sep (2),1597633,2201917,2176640,2032673,1471667,2226099,2259631.0,2189411,
region,CS,Etanol Total,flow,Oct (1),1446213,2283019,2047886,1312510,1379445,1833286,2025009.0,2067193,
region,CS,Etanol Total,flow,Oct (2),1376923,2086638,1526351,995810,1612263,1784264,1663211.0,1932299,
region,CS,Etanol Total,flow,Nov (1),1058452,1388856,1182538,829977,1320254,1635187,1061399.0,1368135,
region,CS,Etanol Total,flow,Nov (2),713788,771320,591152,377154,886109,1254699,1269524.0,1174328,
region,CS,Etanol Total,flow,Dec (1),724693,252938,242388,203297,493074,1027613,763155.0,794493,
region,CS,Etanol Total,flow,Dec (2),199633,141421,147990,104459,316416,476493,492420.0,565127,
region,CS,Etanol Total,flow,Jan (1),898395,102858,141765,215296,219370,389273,373085.0,431521,
region,CS,Etanol Total,flow,Jan (2),105590,121949,122305,161930,214264,385143,389697.0,445010,
region,CS,Etanol Total,flow,Feb (1),59719,98547,143932,157395,235070,276365,381640.0,422894,
region,CS,Etanol Total,flow,Feb (2),72581,110499,79947,128764,127692,326125,337607.0,372155,
region,CS,Etanol Total,flow,Mar (1),139225,220843,224527,166617,260021,328989,390744.0,439265,
region,CS,Etanol Total,flow,Mar (2),406379,450258,391764,265527,457590,565846,491281.0,640026,
region,CS,Hidratado Entradas,flow,Apr (1),517350,895955,1152879,1234032,1254777,1382255,1806306.0,1375360,1088328.0
region,CS,Hidratado Entradas,flow,Apr (2),75436,74149,67489,97367,249198,87572,71118.0,99953,90302.0
region,CS,Hidratado Entradas,flow,May (1),63213,65687,93425,47705,156341,95202,89040.0,76704,55488.0
region,CS,Hidratado Entradas,flow,May (2),40362,72356,139019,80767,58175,98630,70698.0,96522,53015.0
region,CS,Hidratado Entradas,flow,Jun (1),51261,83828,88789,98775,51650,98223,62667.0,79092,60253.0
region,CS,Hidratado Entradas,flow,Jun (2),100218,61216,100410,85872,61067,182317,61849.0,95738,67822.0
region,CS,Hidratado Entradas,flow,Jul (1),89600,89022,107162,92437,85168,78884,80469.0,114777,64570.0
region,CS,Hidratado Entradas,flow,Jul (2),148756,113489,108049,145597,84579,101327,95617.0,99112,72035.0
region,CS,Hidratado Entradas,flow,Aug (1),107667,130607,108083,108647,96903,101149,81611.0,113644,
region,CS,Hidratado Entradas,flow,Aug (2),155983,125876,120802,119395,102233,100775,150852.0,99825,
region,CS,Hidratado Entradas,flow,Sep (1),94537,109393,102047,98705,89561,94446,109317.0,104768,
region,CS,Hidratado Entradas,flow,Sep (2),121030,174348,121354,108310,123697,112475,109097.0,98048,
region,CS,Hidratado Entradas,flow,Oct (1),83094,89801,100641,82483,111888,93720,147975.0,95796,
region,CS,Hidratado Entradas,flow,Oct (2),81602,116812,84743,86782,127228,108404,162508.0,114066,
region,CS,Hidratado Entradas,flow,Nov (1),80981,83974,84425,89589,91303,92015,82994.0,118589,
region,CS,Hidratado Entradas,flow,Nov (2),101451,151055,94773,138477,99082,131799,131134.0,239211,
region,CS,Hidratado Entradas,flow,Dec (1),68540,74644,110816,99503,119118,100928,114090.0,161313,
region,CS,Hidratado Entradas,flow,Dec (2),137519,127492,175858,101971,167374,94414,143219.0,-8935,
region,CS,Hidratado Entradas,flow,Jan (1),93860,88352,84939,84622,97495,101576,92300.0,68825,
region,CS,Hidratado Entradas,flow,Jan (2),114602,124272,98934,119520,96836,101617,76394.0,80681,
region,CS,Hidratado Entradas,flow,Feb (1),150494,115322,74275,101739,98237,83571,105957.0,22590,
region,CS,Hidratado Entradas,flow,Feb (2),146652,117538,79229,83370,117947,171331,115966.0,107421,
region,CS,Hidratado Entradas,flow,Mar (1),105303,133876,132142,134100,78000,119325,129457.0,99785,
region,CS,Hidratado Entradas,flow,Mar (2),100647,106457,144410,168279,108834,167408,202630.0,131809,
region,CS,Hidratado Estoque E.Disp,stock,Apr (1),547437,462186,1135437,973859,730250,1074144,1253600.0,1015429,991972.0
region,CS,Hidratado Estoque E.Disp,stock,Apr (2),1065343,651865,1656734,1128516,993576,1119337,1432294.0,818844,1482372.0
region,CS,Hidratado Estoque E.Disp,stock,May (1),1622284,907921,2160055,1515062,1427120,1642711,1731812.0,1097841,1975183.0
region,CS,Hidratado Estoque E.Disp,stock,May (2),2073203,1220790,2603173,2008278,1814319,2097638,2004569.0,1316238,2298090.0
region,CS,Hidratado Estoque E.Disp,stock,Jun (1),2583324,1684828,2983936,2114102,2185660,2423359,2404274.0,1597680,2691005.0
region,CS,Hidratado Estoque E.Disp,stock,Jun (2),3237753,2217611,3520684,2531859,2599970,2714024,2904605.0,1770558,2705904.0
region,CS,Hidratado Estoque E.Disp,stock,Jul (1),3897585,2720341,4156544,3082332,3070943,3464352,3293052.0,2264568,3194844.0
region,CS,Hidratado Estoque E.Disp,stock,Jul (2),4587730,3395238,4854833,3581301,3799043,4203221,3925214.0,2663327,3796066.0
region,CS,Hidratado Estoque E.Disp,stock,Aug (1),4928623,4024172,5570829,4144810,4273450,4780107,4438626.0,3044723,
region,CS,Hidratado Estoque E.Disp,stock,Aug (2),5429269,4846215,6048277,4592320,4721135,5276611,5030555.0,3593857,
region,CS,Hidratado Estoque E.Disp,stock,Sep (1),5911003,5559465,6669147,5020902,5278389,5634410,5772203.0,4103314,
region,CS,Hidratado Estoque E.Disp,stock,Sep (2),6045757,6013217,7044173,5442852,5193709,6117156,6114408.0,4515538,
region,CS,Hidratado Estoque E.Disp,stock,Oct (1),6353879,6516309,7357693,5450038,5121999,6324148,6466085.0,4842981,
region,CS,Hidratado Estoque E.Disp,stock,Oct (2),6234532,6742687,7104453,5329117,5282697,6411931,6456217.0,4991416,
region,CS,Hidratado Estoque E.Disp,stock,Nov (1),6211828,6625947,6872298,5196187,5207736,6611947,6217599.0,4910240,
region,CS,Hidratado Estoque E.Disp,stock,Nov (2),5876236,6107983,6252471,4792874,4920281,6445021,6055568.0,4799051,
region,CS,Hidratado Estoque E.Disp,stock,Dec (1),5527701,5463608,5536054,4387072,4494536,6197485,5687045.0,4297549,
region,CS,Hidratado Estoque E.Disp,stock,Dec (2),4863791,4623300,4757698,3900629,3907083,5581095,5000879.0,3843060,
region,CS,Hidratado Estoque E.Disp,stock,Jan (1),4191549,3862719,4169530,3539096,3616100,4928132,4372183.0,3300286,
region,CS,Hidratado Estoque E.Disp,stock,Jan (2),3335660,3135495,3389331,3242541,3119108,4163178,3552951.0,2713952,
region,CS,Hidratado Estoque E.Disp,stock,Feb (1),2440937,2428810,2654689,2732371,2636102,3586658,2943851.0,2230459,
region,CS,Hidratado Estoque E.Disp,stock,Feb (2),1747830,1746568,1906886,2341571,2201850,2831878,2344407.0,1826758,
region,CS,Hidratado Estoque E.Disp,stock,Mar (1),1198893,1346118,1373900,1894891,1807271,2127254,1863031.0,1352503,
region,CS,Hidratado Estoque E.Disp,stock,Mar (2),624915,978641,939061,1142126,1023523,1458088,1314098.0,868957,
region,CS,Hidratado Estoque E.Fisico,stock,Apr (1),706393,606601,1346779,1150955,845517,1230473,1404254.0,1133817,1105402.0
region,CS,Hidratado Estoque E.Fisico,stock,Apr (2),1252840,817490,1842656,1285714,1115203,1249632,1522871.0,901168,1610701.0
region,CS,Hidratado Estoque E.Fisico,stock,May (1),1898875,1112490,2400710,1709512,1567037,1754305,1865825.0,1203358,2078133.0
region,CS,Hidratado Estoque E.Fisico,stock,May (2),2461359,1420172,2889365,2119287,1973327,2204922,2118876.0,1424427,2459956.0
region,CS,Hidratado Estoque E.Fisico,stock,Jun (1),2986657,1891771,3364867,2344550,2361516,2542615,2522360.0,1702108,2827606.0
region,CS,Hidratado Estoque E.Fisico,stock,Jun (2),3712253,2433794,3900717,2787128,2786271,2868151,3070073.0,1928354,2883628.0
region,CS,Hidratado Estoque E.Fisico,stock,Jul (1),4474671,2973525,4579425,3374866,3288340,3619982,3464619.0,2391585,3472975.0
region,CS,Hidratado Estoque E.Fisico,stock,Jul (2),5242573,3730353,5294626,3871595,4047549,4381127,4084410.0,2815275,3932816.0
region,CS,Hidratado Estoque E.Fisico,stock,Aug (1),5624668,4407398,6044933,4499275,4534229,4967729,4618770.0,3239335,
region,CS,Hidratado Estoque E.Fisico,stock,Aug (2),6173028,5266038,6589111,4963370,5033582,5427715,5221235.0,3791418,
region,CS,Hidratado Estoque E.Fisico,stock,Sep (1),6786713,6010752,7236728,5449687,5581917,5836334,5979368.0,4296676,
region,CS,Hidratado Estoque E.Fisico,stock,Sep (2),6966020,6500345,7668521,5886610,5465414,6308083,6372390.0,4727098,
region,CS,Hidratado Estoque E.Fisico,stock,Oct (1),7002758,7123883,8057961,5911497,5403621,6536385,6731177.0,5096434,
region,CS,Hidratado Estoque E.Fisico,stock,Oct (2),6881954,7352950,7803043,5784914,5535635,6612988,6744275.0,5267106,
region,CS,Hidratado Estoque E.Fisico,stock,Nov (1),6700085,7255122,7613152,5599384,5484315,6825368,6434832.0,5178092,
region,CS,Hidratado Estoque E.Fisico,stock,Nov (2),6286468,6708448,6901733,5115162,5197894,6659614,6278792.0,5110283,
region,CS,Hidratado Estoque E.Fisico,stock,Dec (1),5951636,5920896,6130757,4634559,4763248,6407460,5914749.0,4633489,
region,CS,Hidratado Estoque E.Fisico,stock,Dec (2),5230591,4985480,5264737,4118142,4155573,5808846,5211481.0,4095765,
region,CS,Hidratado Estoque E.Fisico,stock,Jan (1),4499485,4155353,4578483,3743165,3811018,5167507,4574102.0,3568682,
region,CS,Hidratado Estoque E.Fisico,stock,Jan (2),3601529,3422518,3773498,3417361,3273213,4381677,3731231.0,2970431,
region,CS,Hidratado Estoque E.Fisico,stock,Feb (1),2768020,2719817,2999936,2934694,2830850,3755360,3182865.0,2391601,
region,CS,Hidratado Estoque E.Fisico,stock,Feb (2),2076815,1994101,2292973,2503856,2309257,3041020,2527921.0,1972910,
region,CS,Hidratado Estoque E.Fisico,stock,Mar (1),1392514,1516768,1638708,2076625,1921384,2329105,2014280.0,1500021,
region,CS,Hidratado Estoque E.Fisico,stock,Mar (2),793214,1110710,1127240,1303638,1329529,1625751,1484214.0,968665,
region,CS,Hidratado Producao,flow,Apr (1),810090,681657,857463,660421,313804,466390,729461.0,811093,1005914.0
region,CS,Hidratado Producao,flow,Apr (2),1223908,1181921,1173792,959210,796153,550196,1124151.0,721094,1449275.0
region,CS,Hidratado Producao,flow,May (1),1439318,1265906,1340847,1239548,1118552,1101060,1303536.0,1152730,1343764.0
region,CS,Hidratado Producao,flow,May (2),1184315,1469647,1305589,1233601,1292554,1214405,1314520.0,1267948,1339715.0
region,CS,Hidratado Producao,flow,Jun (1),1465270,1416439,1313104,984267,1119460,1243800,1376539.0,1127323,1346894.0
region,CS,Hidratado Producao,flow,Jun (2),1548003,1538737,1412872,1297178,1197265,1079775,1474558.0,1229099,1062165.0
region,CS,Hidratado Producao,flow,Jul (1),1582067,1540514,1485897,1391234,1265609,1462122,1326149.0,1345091,1534298.0
region,CS,Hidratado Producao,flow,Jul (2),1759456,1883202,1704610,1382943,1483076,1510132,1649258.0,1437598,1527921.0
region,CS,Hidratado Producao,flow,Aug (1),1355262,1676709,1590400,1430897,1192654,1433700,1495022.0,1334407,
region,CS,Hidratado Producao,flow,Aug (2),1605677,1941125,1546912,1380055,1342540,1464383,1634667.0,1518355,
region,CS,Hidratado Producao,flow,Sep (1),1704667,1703770,1592357,1193751,1275854,1261314,1633593.0,1513219,
region,CS,Hidratado Producao,flow,Sep (2),1172317,1627900,1425859,1273347,840798,1411341,1489542.0,1391474,
region,CS,Hidratado Producao,flow,Oct (1),1051523,1647354,1331075,798112,744717,1151993,1340454.0,1319332,
region,CS,Hidratado Producao,flow,Oct (2),1025665,1465784,979640,590287,879552,1137887,1067397.0,1212822,
region,CS,Hidratado Producao,flow,Nov (1),760838,989365,771938,545296,730631,1011090,690699.0,844337,
region,CS,Hidratado Producao,flow,Nov (2),551501,540674,401296,225043,496498,835036,898781.0,787600,
region,CS,Hidratado Producao,flow,Dec (1),649452,191528,183582,143669,277936,719975,559477.0,508076,
region,CS,Hidratado Producao,flow,Dec (2),168110,106992,112262,64734,187036,354509,331203.0,353729,
region,CS,Hidratado Producao,flow,Jan (1),612812,70849,110704,163591,106739,236062,236794.0,249309,
region,CS,Hidratado Producao,flow,Jan (2),51730,93510,83829,121416,118498,259591,231130.0,255156,
region,CS,Hidratado Producao,flow,Feb (1),47451,75472,104522,107715,139609,181294,241933.0,239896,
region,CS,Hidratado Producao,flow,Feb (2),56871,96693,70609,103722,67507,220126,238793.0,224109,
region,CS,Hidratado Producao,flow,Mar (1),111239,186213,196668,122679,167969,237168,293351.0,275703,
region,CS,Hidratado Producao,flow,Mar (2),348267,401037,345949,215326,344621,386807,386834.0,431241,
region,CS,Hidratado Saidas Distrib,flow,Apr (1),550189,881124,525276,653390,650919,479284,958684.0,956518,906573.0
region,CS,Hidratado Saidas Distrib,flow,Apr (2),650255,950843,625420,783842,645114,480268,969007.0,932612,926489.0
region,CS,Hidratado Saidas Distrib,flow,May (1),744525,931422,711162,751129,673262,555372,951899.0,844306,852530.0
region,CS,Hidratado Saidas Distrib,flow,May (2),527637,1109453,719287,690380,746127,697755,988547.0,986776,891701.0
region,CS,Hidratado Saidas Distrib,flow,Jun (1),881927,917586,711368,682150,649936,801708,918565.0,824527,926838.0
region,CS,Hidratado Saidas Distrib,flow,Jun (2),763255,867200,713394,691477,615834,725483,874343.0,960588,876852.0
region,CS,Hidratado Saidas Distrib,flow,Jul (1),759379,927180,714653,722145,701319,632989,888950.0,854341,835541.0
region,CS,Hidratado Saidas Distrib,flow,Jul (2),927973,1048407,828705,716872,642104,622862,973926.0,942262,988908.0
region,CS,Hidratado Saidas Distrib,flow,Aug (1),902833,944933,733031,730289,631647,737022,909334.0,877825,
region,CS,Hidratado Saidas Distrib,flow,Aug (2),1010567,999278,809732,746120,699040,843124,939136.0,881204,
region,CS,Hidratado Saidas Distrib,flow,Sep (1),975008,884207,780533,597149,643245,771112,839429.0,914772,
region,CS,Hidratado Saidas Distrib,flow,Sep (2),896011,979268,870159,641329,738890,855128,951077.0,916934,
region,CS,Hidratado Saidas Distrib,flow,Oct (1),909156,962036,832300,632555,684819,852724,975491.0,891916,
region,CS,Hidratado Saidas Distrib,flow,Oct (2),1037711,1140058,976131,557982,648349,928472,992581.0,951710,
region,CS,Hidratado Saidas Distrib,flow,Nov (1),846426,1009137,775179,557919,688083,777512,897270.0,856805,
region,CS,Hidratado Saidas Distrib,flow,Nov (2),861080,979941,856800,513941,591880,900557,983541.0,924084,
region,CS,Hidratado Saidas Distrib,flow,Dec (1),948660,900757,859957,528502,625493,928787,868408.0,938074,
region,CS,Hidratado Saidas Distrib,flow,Dec (2),875412,986320,936295,502230,763744,857821,1014072.0,783332,
region,CS,Hidratado Saidas Distrib,flow,Jan (1),1291972,870880,751893,532864,474958,812058,847725.0,800311,
region,CS,Hidratado Saidas Distrib,flow,Jan (2),966592,822388,816089,461665,595545,992712,1022360.0,859933,
region,CS,Hidratado Saidas Distrib,flow,Feb (1),949854,803701,831738,543993,601117,821454,808758.0,781232,
region,CS,Hidratado Saidas Distrib,flow,Feb (2),799995,805271,657305,523204,576914,890941,896240.0,676434,
region,CS,Hidratado Saidas Distrib,flow,Mar (1),820803,728587,830389,575196,527450,918265,837120.0,755802,
region,CS,Hidratado Saidas Distrib,flow,Mar (2),889956,696325,801635,881603,731565,931664,947126.0,962871,
region,CS,Hidratado Saidas M.Ext,flow,Apr (1),11197,925,40461,11262,10349,39181,55304.0,6818,551.0
region,CS,Hidratado Saidas M.Ext,flow,Apr (2),827,3397,7773,41971,26951,51626,14857.0,10337,11149.0
region,CS,Hidratado Saidas M.Ext,flow,May (1),343,1861,24578,23275,3473,14566,16480.0,24293,4992.0
region,CS,Hidratado Saidas M.Ext,flow,May (2),55452,14798,65133,67988,49283,19038,43064.0,48337,11625.0
region,CS,Hidratado Saidas M.Ext,flow,Jun (1),6156,2490,60062,34695,13777,53441,20786.0,24023,17548.0
region,CS,Hidratado Saidas M.Ext,flow,Jun (2),29549,63905,101033,79896,82576,43725,21226.0,44816,50031.0
region,CS,Hidratado Saidas M.Ext,flow,Jul (1),44599,29084,32908,19167,17185,34418,31747.0,34589,71188.0
region,CS,Hidratado Saidas M.Ext,flow,Jul (2),45717,41553,90577,96194,19158,71369,53934.0,53544,34485.0
region,CS,Hidratado Saidas M.Ext,flow,Aug (1),37724,26209,40389,9629,9971,80869,40209.0,27409,
region,CS,Hidratado Saidas M.Ext,flow,Aug (2),25320,44191,132064,64570,85184,114186,98084.0,69862,
region,CS,Hidratado Saidas M.Ext,flow,Sep (1),61866,25723,89696,28478,23239,47684,32976.0,103186,
region,CS,Hidratado Saidas M.Ext,flow,Sep (2),27126,46623,65095,108438,122237,59966,141027.0,25445,
region,CS,Hidratado Saidas M.Ext,flow,Oct (1),35142,21373,38277,26490,54115,42301,31832.0,24315,
region,CS,Hidratado Saidas M.Ext,flow,Oct (2),27022,63692,128138,17685,50319,94544,58936.0,52905,
region,CS,Hidratado Saidas M.Ext,flow,Nov (1),4606,22491,77548,30826,3575,11106,34990.0,37387,
region,CS,Hidratado Saidas M.Ext,flow,Nov (2),43871,28275,72291,67936,79398,113111,78226.0,9899,
region,CS,Hidratado Saidas M.Ext,flow,Dec (1),23774,20051,11438,5543,37605,22370,27112.0,49245,
region,CS,Hidratado Saidas M.Ext,flow,Dec (2),39844,70030,117083,79679,89388,100861,71898.0,23611,
region,CS,Hidratado Saidas M.Ext,flow,Jan (1),44750,22043,31902,2898,7525,55511,49429.0,7473,
region,CS,Hidratado Saidas M.Ext,flow,Jan (2),2729,5941,54563,4864,64889,100758,55049.0,12625,
region,CS,Hidratado Saidas M.Ext,flow,Feb (1),-488,283,23171,43485,13380,24278,9053.0,6137,
region,CS,Hidratado Saidas M.Ext,flow,Feb (2),22764,38039,114582,15465,74123,120552,62907.0,3035,
region,CS,Hidratado Saidas M.Ext,flow,Mar (1),1502,-2983,84544,26476,34551,55125,40663.0,25028,
region,CS,Hidratado Saidas M.Ext,flow,Mar (2),24756,79520,86507,139035,197267,85588,86814.0,5173,
region,CS,Hidratado Saidas Outras,flow,Apr (1),59661,88962,97826,78846,61796,99707,117525.0,89300,81716.0
region,CS,Hidratado Saidas Outras,flow,Apr (2),101815,90941,112211,96005,103600,86715,92788.0,110747,96640.0
region,CS,Hidratado Saidas Outras,flow,May (1),111628,103310,140478,89051,146324,121651,81243.0,58645,74298.0
region,CS,Hidratado Saidas Outras,flow,May (2),79104,110070,171533,146225,149029,145625,100556.0,108288,107581.0
region,CS,Hidratado Saidas Outras,flow,Jun (1),103150,108592,154961,140934,119208,149181,96371.0,80184,95111.0
region,CS,Hidratado Saidas Outras,flow,Jun (2),129821,126825,163005,169099,135167,167348,93125.0,93187,147082.0
region,CS,Hidratado Saidas Outras,flow,Jul (1),105271,133541,166790,154621,130204,121768,91375.0,107707,102792.0
region,CS,Hidratado Saidas Outras,flow,Jul (2),166620,149903,178176,218745,147184,156083,97224.0,117214,116722.0
region,CS,Hidratado Saidas Outras,flow,Aug (1),140277,159129,174756,171946,161259,130356,92730.0,118757,
region,CS,Hidratado Saidas Outras,flow,Aug (2),177413,164892,181740,224665,161196,147862,145834.0,115031,
region,CS,Hidratado Saidas Outras,flow,Sep (1),148645,158519,176558,180512,150596,128345,112372.0,94771,
region,CS,Hidratado Saidas Outras,flow,Sep (2),190903,286764,180166,194967,219871,136973,113513.0,116721,
region,CS,Hidratado Saidas Outras,flow,Oct (1),153581,130208,171699,196663,179464,122386,122319.0,129561,
region,CS,Hidratado Saidas Outras,flow,Oct (2),163338,149779,215032,227985,176098,146672,165290.0,151601,
region,CS,Hidratado Saidas Outras,flow,Nov (1),172656,139539,193527,231670,181596,102107,150876.0,157748,
region,CS,Hidratado Saidas Outras,flow,Nov (2),161618,230187,278397,265865,210723,118921,124188.0,160637,
region,CS,Hidratado Saidas Outras,flow,Dec (1),80390,132916,193979,189730,168602,121900,142090.0,158864,
region,CS,Hidratado Saidas Outras,flow,Dec (2),111418,113550,100762,101213,108953,88855,91720.0,75575,
region,CS,Hidratado Saidas Outras,flow,Jan (1),101056,96405,98102,87428,66306,111408,69319.0,37433,
region,CS,Hidratado Saidas Outras,flow,Jan (2),94967,122288,117096,100211,92705,53568,72986.0,61530,
region,CS,Hidratado Saidas Outras,flow,Feb (1),82088,89511,97450,104643,65712,45450,78445.0,53947,
region,CS,Hidratado Saidas Outras,flow,Feb (2),71969,96637,84914,79261,56010,94304,50556.0,70752,
region,CS,Hidratado Saidas Outras,flow,Mar (1),78538,71818,68142,82338,71841,95018,58666.0,67547,
region,CS,Hidratado Saidas Outras,flow,Mar (2),133502,137707,113685,135954,116478,240317,85590.0,126362,
region,N,Acucar,flow,Apr (1),0,0,0,0,0,0,0.0,0,0.0
region,N,Acucar,flow,Apr (2),0,0,0,0,0,0,0.0,0,0.0
region,N,Acucar,flow,May (1),0,0,0,0,262,0,0.0,0,0.0
region,N,Acucar,flow,May (2),0,0,0,117,3582,223,0.0,0,0.0
region,N,Acucar,flow,Jun (1),427,2624,2030,3474,3869,7267,6163.0,3927,7698.0
region,N,Acucar,flow,Jun (2),9209,3140,5886,13982,10832,13210,11299.0,9370,13196.0
region,N,Acucar,flow,Jul (1),5993,10475,9288,15442,15070,15893,15520.0,16680,14583.0
region,N,Acucar,flow,Jul (2),21133,15729,14425,18604,18237,19016,18320.0,21417,19634.0
region,N,Acucar,flow,Aug (1),14684,14205,16978,15796,15013,15845,21877.0,18961,
region,N,Acucar,flow,Aug (2),15230,19062,17236,19503,20826,23220,25035.0,24492,
region,N,Acucar,flow,Sep (1),16420,16329,19439,18902,21920,23660,24708.0,25016,
region,N,Acucar,flow,Sep (2),16349,17194,16524,16599,20918,22930,22478.0,22622,
region,N,Acucar,flow,Oct (1),16471,16783,17452,23994,21021,21604,21658.0,20636,
region,N,Acucar,flow,Oct (2),14218,18186,20123,14802,20845,20159,22901.0,21885,
region,N,Acucar,flow,Nov (1),10680,15454,11004,11333,21337,17465,14611.0,15122,
region,N,Acucar,flow,Nov (2),10252,13340,6823,10765,9431,10719,8102.0,9370,
region,N,Acucar,flow,Dec (1),4112,12364,1366,7819,4932,0,3567.0,5890,
region,N,Acucar,flow,Dec (2),2994,389,0,2596,0,0,1202.0,708,
region,N,Acucar,flow,Jan (1),1536,0,0,1649,0,0,0.0,0,
region,N,Acucar,flow,Jan (2),25,0,0,235,0,0,0.0,0,
region,N,Acucar,flow,Feb (1),0,0,0,0,0,0,0.0,0,
region,N,Acucar,flow,Feb (2),0,0,0,0,0,0,0.0,0,
region,N,Acucar,flow,Mar (1),0,0,0,0,0,0,0.0,0,
region,N,Acucar,flow,Mar (2),0,0,0,0,0,0,0.0,0,
region,N,Anidro Entradas,flow,Apr (1),37797,21679,24920,21466,30905,20665,43337.0,53279,59930.0
region,N,Anidro Entradas,flow,Apr (2),0,0,0,0,0,0,0.0,0,402.0
region,N,Anidro Entradas,flow,May (1),0,0,0,0,0,0,0.0,107,230.0
region,N,Anidro Entradas,flow,May (2),0,0,0,0,0,55,0.0,0,462.0
region,N,Anidro Entradas,flow,Jun (1),0,0,0,0,0,0,0.0,280,129.0
region,N,Anidro Entradas,flow,Jun (2),0,0,0,0,0,0,0.0,303,514.0
region,N,Anidro Entradas,flow,Jul (1),0,288,0,78,0,0,0.0,556,60.0
region,N,Anidro Entradas,flow,Jul (2),0,0,0,0,0,338,224.0,228,287.0
region,N,Anidro Entradas,flow,Aug (1),0,0,59,0,0,416,118.0,297,
region,N,Anidro Entradas,flow,Aug (2),0,0,0,0,0,280,209.0,652,
region,N,Anidro Entradas,flow,Sep (1),0,0,0,0,0,430,0.0,1079,
region,N,Anidro Entradas,flow,Sep (2),0,0,0,72,0,169,0.0,1023,
region,N,Anidro Entradas,flow,Oct (1),0,0,68,0,0,1091,193.0,1225,
region,N,Anidro Entradas,flow,Oct (2),0,107,759,0,0,4182,4096.0,1220,
region,N,Anidro Entradas,flow,Nov (1),0,178,95,0,1129,2657,2856.0,1170,
region,N,Anidro Entradas,flow,Nov (2),0,0,351,0,1,1032,2978.0,812,
region,N,Anidro Entradas,flow,Dec (1),0,0,12,0,0,0,8291.0,6,
region,N,Anidro Entradas,flow,Dec (2),62,0,0,0,0,0,25.0,73,
region,N,Anidro Entradas,flow,Jan (1),0,0,0,153,0,0,0.0,52,
region,N,Anidro Entradas,flow,Jan (2),208,0,0,0,9,0,0.0,97,
region,N,Anidro Entradas,flow,Feb (1),234,0,0,0,0,0,0.0,67,
region,N,Anidro Entradas,flow,Feb (2),0,0,0,0,0,0,0.0,0,
region,N,Anidro Entradas,flow,Mar (1),0,0,0,0,0,0,10.0,107,
region,N,Anidro Entradas,flow,Mar (2),0,0,0,0,2000,0,428.0,661,
region,N,Anidro Estoque E.Disp,stock,Apr (1),17410,6638,10852,6066,11817,14980,12000.0,20445,40900.0
region,N,Anidro Estoque E.Disp,stock,Apr (2),6172,2170,7748,2763,6992,12822,8179.0,12767,31804.0
region,N,Anidro Estoque E.Disp,stock,May (1),4491,3401,11154,7032,11426,11962,9274.0,9816,25621.0
region,N,Anidro Estoque E.Disp,stock,May (2),5146,10248,13101,14071,14969,15861,5731.0,8653,23797.0
region,N,Anidro Estoque E.Disp,stock,Jun (1),5527,12132,18565,19417,21078,14310,5346.0,10701,21545.0
region,N,Anidro Estoque E.Disp,stock,Jun (2),10042,12218,24074,27441,23058,23431,9517.0,12938,27266.0
region,N,Anidro Estoque E.Disp,stock,Jul (1),13029,18480,28707,32968,24612,33158,16098.0,19308,29237.0
region,N,Anidro Estoque E.Disp,stock,Jul (2),16567,16601,36937,42982,34498,41051,23063.0,28065,25404.0
region,N,Anidro Estoque E.Disp,stock,Aug (1),22610,23640,40620,47863,40260,50992,31667.0,27330,
region,N,Anidro Estoque E.Disp,stock,Aug (2),33899,33150,45719,45117,47906,58724,37042.0,31411,
region,N,Anidro Estoque E.Disp,stock,Sep (1),41655,33412,53885,48970,54238,66056,49445.0,39715,
region,N,Anidro Estoque E.Disp,stock,Sep (2),46929,35695,53904,58517,63786,72747,60246.0,53636,
region,N,Anidro Estoque E.Disp,stock,Oct (1),54644,35711,60574,63928,70530,73621,61586.0,61515,
region,N,Anidro Estoque E.Disp,stock,Oct (2),61514,42317,59749,67585,78673,76361,68102.0,71874,
region,N,Anidro Estoque E.Disp,stock,Nov (1),62777,48872,59534,67877,76649,72264,109557.0,80830,
region,N,Anidro Estoque E.Disp,stock,Nov (2),63172,46623,57367,68703,68378,64959,65404.0,78924,
region,N,Anidro Estoque E.Disp,stock,Dec (1),59883,47790,52253,64417,58638,56971,58448.0,68223,
region,N,Anidro Estoque E.Disp,stock,Dec (2),57744,35213,46966,63651,50777,55430,50861.0,54045,
region,N,Anidro Estoque E.Disp,stock,Jan (1),52241,29366,39084,59115,42949,52973,43175.0,44394,
region,N,Anidro Estoque E.Disp,stock,Jan (2),46238,25688,32839,53051,36880,47858,37074.0,45484,
region,N,Anidro Estoque E.Disp,stock,Feb (1),38019,22600,25208,45580,31180,41407,30095.0,42162,
region,N,Anidro Estoque E.Disp,stock,Feb (2),27062,19261,21513,40031,27723,33712,23382.0,44434,
region,N,Anidro Estoque E.Disp,stock,Mar (1),17915,16136,16749,31186,23146,26472,19837.0,42317,
region,N,Anidro Estoque E.Disp,stock,Mar (2),13470,13477,10475,19668,19734,21038,31670.0,44058,
region,N,Anidro Estoque E.Fisico,stock,Apr (1),24262,12301,18551,13929,18966,15517,30542.0,37507,53760.0
region,N,Anidro Estoque E.Fisico,stock,Apr (2),9991,3332,12841,8902,11096,13696,22182.0,26257,41055.0
region,N,Anidro Estoque E.Fisico,stock,May (1),5223,4897,16246,15101,15596,12665,18089.0,21251,30860.0
region,N,Anidro Estoque E.Fisico,stock,May (2),7086,12598,19184,23874,18250,18449,10607.0,20364,24858.0
region,N,Anidro Estoque E.Fisico,stock,Jun (1),7280,17770,27676,33629,22620,27826,13762.0,27123,25489.0
region,N,Anidro Estoque E.Fisico,stock,Jun (2),15002,21567,34294,44991,26395,35164,20757.0,32053,30857.0
region,N,Anidro Estoque E.Fisico,stock,Jul (1),21699,31027,41778,54241,29939,50002,31790.0,41518,35653.0
region,N,Anidro Estoque E.Fisico,stock,Jul (2),30227,32954,52909,68187,41337,63881,42085.0,54966,35916.0
region,N,Anidro Estoque E.Fisico,stock,Aug (1),41266,43980,60054,76036,48123,78323,55471.0,57170,
region,N,Anidro Estoque E.Fisico,stock,Aug (2),55473,56687,68065,76222,56377,90790,64944.0,65752,
region,N,Anidro Estoque E.Fisico,stock,Sep (1),67029,61329,80455,83478,65269,103924,81288.0,76401,
region,N,Anidro Estoque E.Fisico,stock,Sep (2),73865,66347,83432,95628,77463,115817,95707.0,94460,
region,N,Anidro Estoque E.Fisico,stock,Oct (1),83217,67594,93065,103462,85634,121641,99558.0,106932,
region,N,Anidro Estoque E.Fisico,stock,Oct (2),91803,76501,94367,110536,95215,128235,110332.0,122512,
region,N,Anidro Estoque E.Fisico,stock,Nov (1),96263,83721,96237,111801,97084,129470,110538.0,128975,
region,N,Anidro Estoque E.Fisico,stock,Nov (2),98123,82172,93473,114947,82976,119758,111360.0,123471,
region,N,Anidro Estoque E.Fisico,stock,Dec (1),92526,84842,91411,110922,70693,108829,109700.0,110261,
region,N,Anidro Estoque E.Fisico,stock,Dec (2),86426,68699,82226,105528,58042,103030,98703.0,92198,
region,N,Anidro Estoque E.Fisico,stock,Jan (1),76406,58246,69393,95238,48801,94761,87343.0,78086,
region,N,Anidro Estoque E.Fisico,stock,Jan (2),67014,51435,58727,83832,40167,85296,78056.0,74731,
region,N,Anidro Estoque E.Fisico,stock,Feb (1),55253,44925,47254,72706,34955,74420,62726.0,68736,
region,N,Anidro Estoque E.Fisico,stock,Feb (2),42509,36632,40447,61335,30496,62129,52527.0,67501,
region,N,Anidro Estoque E.Fisico,stock,Mar (1),29462,29377,26258,48194,24791,51030,45203.0,62425,
region,N,Anidro Estoque E.Fisico,stock,Mar (2),21679,22267,21466,30905,20665,43337,52850.0,59804,
region,N,Anidro Producao,flow,Apr (1),0,0,0,0,0,738,0.0,6350,29726.0
region,N,Anidro Producao,flow,Apr (2),0,0,732,3035,3770,5749,0.0,6882,30519.0
region,N,Anidro Producao,flow,May (1),3299,5424,13041,14830,15323,9525,3691.0,16563,38877.0
region,N,Anidro Producao,flow,May (2),6624,14776,11930,20443,18276,16113,8314.0,23509,44427.0
region,N,Anidro Producao,flow,Jun (1),10168,13368,17218,20618,17799,19905,15239.0,33965,42816.0
region,N,Anidro Producao,flow,Jun (2),18022,15868,17778,25118,16237,22585,23170.0,39320,54509.0
region,N,Anidro Producao,flow,Jul (1),16671,20730,21556,25281,17710,26282,26889.0,39996,57486.0
region,N,Anidro Producao,flow,Jul (2),23296,20051,29585,27235,31579,31888,27989.0,46366,56229.0
region,N,Anidro Producao,flow,Aug (1),20818,24644,28633,23162,28115,28783,24633.0,36314,
region,N,Anidro Producao,flow,Aug (2),27950,30694,30282,19874,29740,31724,22936.0,43203,
region,N,Anidro Producao,flow,Sep (1),24914,18729,28693,22061,25964,29729,28456.0,40245,
region,N,Anidro Producao,flow,Sep (2),21650,21863,24172,27114,29012,26999,28819.0,52275,
region,N,Anidro Producao,flow,Oct (1),21443,21662,25004,23404,26846,19576,21859.0,50582,
region,N,Anidro Producao,flow,Oct (2),21967,25480,22041,20758,27170,22287,21951.0,62164,
region,N,Anidro Producao,flow,Nov (1),13660,22981,17672,14707,17334,14454,13895.0,42484,
region,N,Anidro Producao,flow,Nov (2),10636,14493,16702,14630,2607,3962,9165.0,42017,
region,N,Anidro Producao,flow,Dec (1),1438,11222,10206,6519,0,2367,1038.0,38786,
region,N,Anidro Producao,flow,Dec (2),2833,1237,686,4004,0,4438,1826.0,41619,
region,N,Anidro Producao,flow,Jan (1),979,0,410,437,0,3308,435.0,37114,
region,N,Anidro Producao,flow,Jan (2),257,0,0,0,0,0,0.0,42152,
region,N,Anidro Producao,flow,Feb (1),0,0,0,0,0,0,0.0,38298,
region,N,Anidro Producao,flow,Feb (2),0,0,0,0,0,0,0.0,32762,
region,N,Anidro Producao,flow,Mar (1),0,0,0,0,0,0,0.0,38723,
region,N,Anidro Producao,flow,Mar (2),0,0,0,0,0,0,17600.0,41493,
region,N,Anidro Saidas Distrib,flow,Apr (1),11469,6790,6305,6466,8704,5828,10146.0,18896,33532.0
region,N,Anidro Saidas Distrib,flow,Apr (2),11095,6134,5812,7733,9350,6107,4861.0,17972,41119.0
region,N,Anidro Saidas Distrib,flow,May (1),8067,3253,8346,8627,9335,9318,6757.0,20287,49025.0
region,N,Anidro Saidas Distrib,flow,May (2),4678,6516,8146,11144,12888,10344,11734.0,22784,50421.0
region,N,Anidro Saidas Distrib,flow,Jun (1),9867,8175,8600,10801,13144,10301,11935.0,25677,42040.0
region,N,Anidro Saidas Distrib,flow,Jun (2),9729,12010,11096,13662,12109,15090,12365.0,34437,49063.0
region,N,Anidro Saidas Distrib,flow,Jul (1),9896,11256,14058,16010,14145,11355,15806.0,30902,52529.0
region,N,Anidro Saidas Distrib,flow,Jul (2),14524,17997,18273,13120,20063,18077,17794.0,32838,55855.0
region,N,Anidro Saidas Distrib,flow,Aug (1),9644,13479,21439,15169,21273,14600,11283.0,34208,
region,N,Anidro Saidas Distrib,flow,Aug (2),13546,17815,21474,19426,21335,19195,13562.0,34944,
region,N,Anidro Saidas Distrib,flow,Sep (1),13212,13951,16192,14724,16970,16862,12015.0,30476,
region,N,Anidro Saidas Distrib,flow,Sep (2),14610,16610,20998,14794,16740,14888,14104.0,34934,
region,N,Anidro Saidas Distrib,flow,Oct (1),12024,19886,15302,15460,18538,14599,18082.0,38518,
region,N,Anidro Saidas Distrib,flow,Oct (2),13198,16406,21287,13542,17456,19477,15096.0,47323,
region,N,Anidro Saidas Distrib,flow,Nov (1),9159,15801,15787,13428,16541,15769,16447.0,36862,
region,N,Anidro Saidas Distrib,flow,Nov (2),8466,15974,19546,11214,16271,13184,10692.0,47941,
region,N,Anidro Saidas Distrib,flow,Dec (1),6867,8405,12181,10520,12251,13147,10350.0,51578,
region,N,Anidro Saidas Distrib,flow,Dec (2),8796,17291,9439,9191,12628,9690,12140.0,59257,
region,N,Anidro Saidas Distrib,flow,Jan (1),10894,10419,10379,10879,9165,11427,11609.0,50832,
region,N,Anidro Saidas Distrib,flow,Jan (2),7667,6668,9621,11238,8542,8049,8896.0,45134,
region,N,Anidro Saidas Distrib,flow,Feb (1),9947,6459,10467,11070,4739,8775,13792.0,44016,
region,N,Anidro Saidas Distrib,flow,Feb (2),8529,8239,4771,11320,3979,9454,8613.0,33330,
region,N,Anidro Saidas Distrib,flow,Mar (1),7800,7249,14163,11656,5228,7914,7137.0,42510,
region,N,Anidro Saidas Distrib,flow,Mar (2),6708,6985,1957,11688,5981,6166,9773.0,41283,
region,N,Anidro Saidas M.Ext,flow,Apr (1),0,0,0,0,0,0,0.0,0,0.0
region,N,Anidro Saidas M.Ext,flow,Apr (2),0,0,0,0,0,0,0.0,0,0.0
region,N,Anidro Saidas M.Ext,flow,May (1),0,0,0,0,0,0,0.0,0,0.0
region,N,Anidro Saidas M.Ext,flow,May (2),0,6,0,0,0,0,0.0,0,0.0
region,N,Anidro Saidas M.Ext,flow,Jun (1),0,0,0,0,0,0,0.0,0,0.0
region,N,Anidro Saidas M.Ext,flow,Jun (2),0,0,0,0,0,0,871.0,0,0.0
region,N,Anidro Saidas M.Ext,flow,Jul (1),0,30,0,0,0,0,0.0,0,0.0
region,N,Anidro Saidas M.Ext,flow,Jul (2),0,0,0,0,0,0,0.0,0,0.0
region,N,Anidro Saidas M.Ext,flow,Aug (1),0,0,0,0,0,0,0.0,0,
region,N,Anidro Saidas M.Ext,flow,Aug (2),0,0,0,0,0,45,0.0,0,
region,N,Anidro Saidas M.Ext,flow,Sep (1),0,0,0,0,0,44,0.0,0,
region,N,Anidro Saidas M.Ext,flow,Sep (2),0,0,0,0,0,0,0.0,0,
region,N,Anidro Saidas M.Ext,flow,Oct (1),0,0,0,0,0,0,0.0,0,
region,N,Anidro Saidas M.Ext,flow,Oct (2),0,0,0,0,0,0,0.0,0,
region,N,Anidro Saidas M.Ext,flow,Nov (1),0,3,0,0,0,0,0.0,0,
region,N,Anidro Saidas M.Ext,flow,Nov (2),0,0,0,0,0,0,0.0,0,
region,N,Anidro Saidas M.Ext,flow,Dec (1),0,0,0,0,0,0,0.0,0,
region,N,Anidro Saidas M.Ext,flow,Dec (2),0,0,0,0,0,0,0.0,0,
region,N,Anidro Saidas M.Ext,flow,Jan (1),0,0,0,0,0,0,0.0,0,
region,N,Anidro Saidas M.Ext,flow,Jan (2),0,0,0,0,0,0,0.0,0,
region,N,Anidro Saidas M.Ext,flow,Feb (1),0,0,0,0,0,0,0.0,0,
region,N,Anidro Saidas M.Ext,flow,Feb (2),0,0,0,0,0,0,0.0,0,
region,N,Anidro Saidas M.Ext,flow,Mar (1),0,0,0,0,0,0,0.0,0,
region,N,Anidro Saidas M.Ext,flow,Mar (2),0,0,0,0,0,0,0.0,0,
region,N,Anidro Saidas Outras,flow,Apr (1),2066,2588,64,1071,3235,58,2649.0,3226,2364.0
region,N,Anidro Saidas Outras,flow,Apr (2),3176,2835,630,329,2290,1463,3499.0,160,2507.0
region,N,Anidro Saidas Outras,flow,May (1),0,606,1290,4,1488,1238,1027.0,1389,277.0
region,N,Anidro Saidas Outras,flow,May (2),83,553,846,526,2734,40,4062.0,1612,470.0
region,N,Anidro Saidas Outras,flow,Jun (1),107,21,126,62,285,227,149.0,1809,274.0
region,N,Anidro Saidas Outras,flow,Jun (2),571,61,64,94,353,157,2939.0,256,592.0
region,N,Anidro Saidas Outras,flow,Jul (1),78,272,14,99,21,89,50.0,185,221.0
region,N,Anidro Saidas Outras,flow,Jul (2),244,127,181,169,118,270,124.0,308,398.0
region,N,Anidro Saidas Outras,flow,Aug (1),135,139,108,144,56,157,82.0,199,
region,N,Anidro Saidas Outras,flow,Aug (2),197,172,797,262,151,297,110.0,329,
region,N,Anidro Saidas Outras,flow,Sep (1),146,136,111,81,102,119,97.0,199,
region,N,Anidro Saidas Outras,flow,Sep (2),204,235,197,242,78,387,296.0,305,
region,N,Anidro Saidas Outras,flow,Oct (1),67,529,137,110,137,244,119.0,817,
region,N,Anidro Saidas Outras,flow,Oct (2),183,274,211,142,133,398,177.0,481,
region,N,Anidro Saidas Outras,flow,Nov (1),41,135,110,14,53,107,98.0,329,
region,N,Anidro Saidas Outras,flow,Nov (2),310,68,271,270,445,1522,629.0,392,
region,N,Anidro Saidas Outras,flow,Dec (1),168,147,99,24,32,149,639.0,424,
region,N,Anidro Saidas Outras,flow,Dec (2),199,89,432,207,23,547,708.0,498,
region,N,Anidro Saidas Outras,flow,Jan (1),105,34,2864,1,76,150,186.0,446,
region,N,Anidro Saidas Outras,flow,Jan (2),2190,143,1045,168,101,1416,391.0,470,
region,N,Anidro Saidas Outras,flow,Feb (1),2048,51,1006,56,473,2101,1538.0,344,
region,N,Anidro Saidas Outras,flow,Feb (2),4215,54,2036,51,480,2837,1586.0,667,
region,N,Anidro Saidas Outras,flow,Mar (1),5247,6,26,1485,477,3185,197.0,1396,
region,N,Anidro Saidas Outras,flow,Mar (2),1075,125,2835,5601,145,1527,608.0,3492,
region,N,Cana,flow,Apr (1),45461,58779,100255,0,134661,132662,72535.0,117157,0.0
region,N,Cana,flow,Apr (2),69030,104742,121672,219941,157631,171212,109946.0,145000,70015.0
region,N,Cana,flow,May (1),147305,173395,259992,263360,274372,183045,167865.0,209282,131073.0
region,N,Cana,flow,May (2),139699,265164,254867,339447,408114,300578,214013.0,190560,184958.0
region,N,Cana,flow,Jun (1),273295,349364,362978,415745,355725,316682,310414.0,348103,400219.0
region,N,Cana,flow,Jun (2),458632,485203,353188,483933,520280,546689,496303.0,350647,490845.0
region,N,Cana,flow,Jul (1),566799,536074,537448,728330,612464,605891,606016.0,536942,518576.0
region,N,Cana,flow,Jul (2),593903,640782,697944,471093,673076,723247,667198.0,551085,542747.0
region,N,Cana,flow,Aug (1),562889,608636,609108,580206,579468,603306,636344.0,502684,
region,N,Cana,flow,Aug (2),557367,673410,636051,666402,670714,707733,708357.0,646305,
region,N,Cana,flow,Sep (1),501591,520769,614569,579065,571291,653480,673584.0,640790,
region,N,Cana,flow,Sep (2),508185,521487,537722,562568,606561,634094,625305.0,618273,
region,N,Cana,flow,Oct (1),483199,564130,543625,469009,598250,569972,556567.0,554077,
region,N,Cana,flow,Oct (2),485544,555298,567623,428471,562474,512692,555067.0,502825,
region,N,Cana,flow,Nov (1),417538,488061,369781,448453,355938,471959,444787.0,283413,
region,N,Cana,flow,Nov (2),336230,501872,265795,480502,187798,161129,281154.0,151320,
region,N,Cana,flow,Dec (1),126583,305333,231244,227913,84834,1,200952.0,104495,
region,N,Cana,flow,Dec (2),91498,46581,23893,29800,0,1,31618.0,22247,
region,N,Cana,flow,Jan (1),51156,1272,5792,118335,0,0,0.0,0,
region,N,Cana,flow,Jan (2),4120,114,0,6710,0,0,0.0,0,
region,N,Cana,flow,Feb (1),1370,0,0,12131,0,0,0.0,494487,
region,N,Cana,flow,Feb (2),0,0,0,0,0,0,0.0,0,
region,N,Cana,flow,Mar (1),461,0,0,0,0,0,0.0,0,
region,N,Cana,flow,Mar (2),526,0,0,61213,68512,0,18910.0,0,
region,N,Etanol Total,flow,Apr (1),1377,2864,5908,6833,9607,9236,3913.0,27235,41688.0
region,N,Etanol Total,flow,Apr (2),3889,6554,7650,8583,12169,11860,8668.0,29803,44803.0
region,N,Etanol Total,flow,May (1),9167,11128,18521,19257,19232,13229,11450.0,33965,48947.0
region,N,Etanol Total,flow,May (2),8492,15314,17015,24696,27290,22343,13525.0,40007,55350.0
region,N,Etanol Total,flow,Jun (1),17437,19840,22929,26991,25531,25802,18839.0,41898,61375.0
region,N,Etanol Total,flow,Jun (2),27386,30040,25894,34971,32924,31845,33542.0,49426,70218.0
region,N,Etanol Total,flow,Jul (1),33441,30943,31754,37177,35728,36252,38372.0,54993,76316.0
region,N,Etanol Total,flow,Jul (2),36129,36339,37663,38507,40088,47595,42831.0,61297,80542.0
region,N,Etanol Total,flow,Aug (1),36243,39198,39004,37660,37166,40327,39055.0,55219,
region,N,Etanol Total,flow,Aug (2),34498,44389,42710,41551,41993,45827,43608.0,61002,
region,N,Etanol Total,flow,Sep (1),32335,34245,38801,35241,33744,41036,41737.0,55449,
region,N,Etanol Total,flow,Sep (2),31943,33870,37243,38492,38929,38006,40234.0,69582,
region,N,Etanol Total,flow,Oct (1),30625,36646,35316,27946,37885,31515,35262.0,62607,
region,N,Etanol Total,flow,Oct (2),30989,34024,36887,27410,35101,30343,31567.0,68534,
region,N,Etanol Total,flow,Nov (1),27359,29590,21628,21996,24652,19101,25900.0,51591,
region,N,Etanol Total,flow,Nov (2),19217,26712,18349,21953,12109,6393,15052.0,45653,
region,N,Etanol Total,flow,Dec (1),5874,17289,12916,10101,2520,3072,9588.0,42637,
region,N,Etanol Total,flow,Dec (2),4488,3578,1474,5249,0,4438,3902.0,43395,
region,N,Etanol Total,flow,Jan (1),2290,61,480,1472,0,3308,435.0,38868,
region,N,Etanol Total,flow,Jan (2),409,5,0,275,0,0,0.0,43945,
region,N,Etanol Total,flow,Feb (1),33,0,0,0,0,0,0.0,39963,
region,N,Etanol Total,flow,Feb (2),0,0,0,0,0,0,0.0,34962,
region,N,Etanol Total,flow,Mar (1),55,0,19,0,0,0,0.0,40571,
region,N,Etanol Total,flow,Mar (2),24,0,0,4438,4070,0,27631.0,42946,
region,N,Hidratado Entradas,flow,Apr (1),6831,5829,3917,5039,15659,11066,6082.0,11424,9605.0
region,N,Hidratado Entradas,flow,Apr (2),3162,2933,1146,274,2357,1584,3612.0,34,2332.0
region,N,Hidratado Entradas,flow,May (1),0,106,1295,14,1534,1331,1049.0,1393,46.0
region,N,Hidratado Entradas,flow,May (2),0,553,393,524,2836,8,4221.0,1537,55.0
region,N,Hidratado Entradas,flow,Jun (1),121,134,71,0,342,210,6.0,1533,223.0
region,N,Hidratado Entradas,flow,Jun (2),10,59,0,0,59,95,2995.0,1,390.0
region,N,Hidratado Entradas,flow,Jul (1),58,0,0,0,0,0,3.0,0,0.0
region,N,Hidratado Entradas,flow,Jul (2),-2,43,5,59,0,34,0.0,18,84.0
region,N,Hidratado Entradas,flow,Aug (1),110,0,5,0,30,4,0.0,0,
region,N,Hidratado Entradas,flow,Aug (2),0,0,117,0,0,0,0.0,32,
region,N,Hidratado Entradas,flow,Sep (1),0,0,5,0,0,0,0.0,17,
region,N,Hidratado Entradas,flow,Sep (2),0,94,33,112,0,0,0.0,117,
region,N,Hidratado Entradas,flow,Oct (1),0,440,56,0,0,0,0.0,603,
region,N,Hidratado Entradas,flow,Oct (2),59,0,32,0,0,76,0.0,2,
region,N,Hidratado Entradas,flow,Nov (1),0,6,7,0,63,0,0.0,43,
region,N,Hidratado Entradas,flow,Nov (2),101,0,1,0,445,1233,464.0,79,
region,N,Hidratado Entradas,flow,Dec (1),159,4,7,0,5,17,549.0,193,
region,N,Hidratado Entradas,flow,Dec (2),0,64,315,14,6,0,556.0,49,
region,N,Hidratado Entradas,flow,Jan (1),19,33,2893,0,8,160,0.0,169,
region,N,Hidratado Entradas,flow,Jan (2),2085,3,1010,7,9,1074,22.0,46,
region,N,Hidratado Entradas,flow,Feb (1),2089,9,996,5,502,2140,1605.0,66,
region,N,Hidratado Entradas,flow,Feb (2),4325,0,2068,0,509,2885,1494.0,39,
region,N,Hidratado Entradas,flow,Mar (1),5468,6,0,1366,477,3302,4.0,1451,
region,N,Hidratado Entradas,flow,Mar (2),1031,11,2926,5638,142,1354,0.0,1944,
region,N,Hidratado Estoque E.Disp,stock,Apr (1),3171,4225,8376,7483,14886,13561,6168.0,13463,12483.0
region,N,Hidratado Estoque E.Disp,stock,Apr (2),5570,7439,13730,5738,17551,14918,12574.0,18308,11804.0
region,N,Hidratado Estoque E.Disp,stock,May (1),5470,9786,17290,5577,17435,15364,17081.0,22071,11719.0
region,N,Hidratado Estoque E.Disp,stock,May (2),3317,7031,17748,5154,17552,13726,18465.0,23207,14460.0
region,N,Hidratado Estoque E.Disp,stock,Jun (1),5405,10000,17717,7277,17280,16223,15301.0,22093,19545.0
region,N,Hidratado Estoque E.Disp,stock,Jun (2),7481,16831,18352,12328,21566,18864,20679.0,20641,23515.0
region,N,Hidratado Estoque E.Disp,stock,Jul (1),16352,15246,24086,15388,26892,21661,23002.0,22747,30881.0
region,N,Hidratado Estoque E.Disp,stock,Jul (2),15465,17377,25141,15694,25464,24569,26141.0,25600,39992.0
region,N,Hidratado Estoque E.Disp,stock,Aug (1),15162,18871,28445,24631,28297,23891,30067.0,32743,
region,N,Hidratado Estoque E.Disp,stock,Aug (2),11378,19882,29427,35939,33529,24255,41168.0,40525,
region,N,Hidratado Estoque E.Disp,stock,Sep (1),10665,27959,28043,41284,35619,26948,45326.0,44155,
region,N,Hidratado Estoque E.Disp,stock,Sep (2),12356,29335,30760,42928,39668,28841,47854.0,49754,
region,N,Hidratado Estoque E.Disp,stock,Oct (1),12421,33976,30461,37750,44140,33081,50575.0,50467,
region,N,Hidratado Estoque E.Disp,stock,Oct (2),11413,33710,37070,36625,41252,30602,43408.0,47240,
region,N,Hidratado Estoque E.Disp,stock,Nov (1),17011,32416,34882,38512,42112,27291,57161.0,49165,
region,N,Hidratado Estoque E.Disp,stock,Nov (2),15048,36627,32043,41060,45556,25448,45214.0,47228,
region,N,Hidratado Estoque E.Disp,stock,Dec (1),14417,37101,29625,40649,42300,20056,46933.0,42530,
region,N,Hidratado Estoque E.Disp,stock,Dec (2),11924,28834,24656,36292,34528,15219,41334.0,37001,
region,N,Hidratado Estoque E.Disp,stock,Jan (1),8623,24388,22423,32978,30386,11048,34467.0,32105,
region,N,Hidratado Estoque E.Disp,stock,Jan (2),9191,19230,18790,29753,24589,7067,26880.0,25142,
region,N,Hidratado Estoque E.Disp,stock,Feb (1),6917,13627,16069,25149,20592,4819,21524.0,19300,
region,N,Hidratado Estoque E.Disp,stock,Feb (2),5461,8976,12901,19246,15713,2801,14993.0,14448,
region,N,Hidratado Estoque E.Disp,stock,Mar (1),5703,5795,8482,14525,10822,3296,9966.0,12333,
region,N,Hidratado Estoque E.Disp,stock,Mar (2),3161,3698,3944,12161,10931,3353,7750.0,6019,
region,N,Hidratado Estoque E.Fisico,stock,Apr (1),3638,4410,8585,7483,14986,13568,6173.0,14150,12613.0
region,N,Hidratado Estoque E.Fisico,stock,Apr (2),5936,7624,13833,5758,17565,14928,12579.0,18707,11900.0
region,N,Hidratado Estoque E.Fisico,stock,May (1),5564,9888,17350,5611,17449,15377,17086.0,22313,11766.0
region,N,Hidratado Estoque E.Fisico,stock,May (2),3370,7076,17791,5184,17679,13740,18470.0,23224,14657.0
region,N,Hidratado Estoque E.Fisico,stock,Jun (1),5417,10293,18016,7841,17826,16645,16346.0,22445,21166.0
region,N,Hidratado Estoque E.Fisico,stock,Jun (2),8630,17638,18750,13249,22264,19641,23496.0,20863,25623.0
region,N,Hidratado Estoque E.Fisico,stock,Jul (1),17425,16583,24593,16294,27189,23215,25925.0,23668,34627.0
region,N,Hidratado Estoque E.Fisico,stock,Jul (2),15844,18465,25808,18811,26196,26137,29931.0,26695,45521.0
region,N,Hidratado Estoque E.Fisico,stock,Aug (1),15638,19874,28941,25964,29368,25919,35945.0,34565,
region,N,Hidratado Estoque E.Fisico,stock,Aug (2),11500,20556,29711,37449,34565,27590,49118.0,43003,
region,N,Hidratado Estoque E.Fisico,stock,Sep (1),10924,28660,28463,42881,36995,31136,55027.0,46098,
region,N,Hidratado Estoque E.Fisico,stock,Sep (2),12944,30186,31493,44446,41217,34573,60018.0,52426,
region,N,Hidratado Estoque E.Fisico,stock,Oct (1),12677,34498,32097,39367,45644,38692,63852.0,53767,
region,N,Hidratado Estoque E.Fisico,stock,Oct (2),11781,34256,38258,38116,42789,35270,56599.0,49649,
region,N,Hidratado Estoque E.Fisico,stock,Nov (1),17724,32714,35443,39849,42948,29490,58524.0,50149,
region,N,Hidratado Estoque E.Fisico,stock,Nov (2),15664,36776,32775,42163,46313,25970,55564.0,48150,
region,N,Hidratado Estoque E.Fisico,stock,Dec (1),15069,37981,30200,41232,43364,20694,48587.0,44269,
region,N,Hidratado Estoque E.Fisico,stock,Dec (2),12776,29843,25193,36402,35722,16287,42979.0,37996,
region,N,Hidratado Estoque E.Fisico,stock,Jan (1),10084,25170,23046,33565,31953,11402,36275.0,32260,
region,N,Hidratado Estoque E.Fisico,stock,Jan (2),10292,19737,19248,30140,25332,7620,28197.0,25355,
region,N,Hidratado Estoque E.Fisico,stock,Feb (1),7882,14136,16354,25866,20790,5135,22856.0,19660,
region,N,Hidratado Estoque E.Fisico,stock,Feb (2),5519,9573,13388,20236,15763,2871,16274.0,14852,
region,N,Hidratado Estoque E.Fisico,stock,Mar (1),5808,6065,6061,15169,10877,3377,11167.0,12715,
region,N,Hidratado Estoque E.Fisico,stock,Mar (2),3164,3864,3981,12258,10949,3358,8109.0,6387,
region,N,Hidratado Producao,flow,Apr (1),1377,2864,5908,6833,9607,8498,3913.0,20885,11962.0
region,N,Hidratado Producao,flow,Apr (2),3889,6554,6918,5548,8399,6111,8668.0,22921,14284.0
region,N,Hidratado Producao,flow,May (1),5868,5704,5480,4427,3909,3704,7759.0,17402,10070.0
region,N,Hidratado Producao,flow,May (2),1868,538,5085,4253,9014,6230,5211.0,16498,10923.0
region,N,Hidratado Producao,flow,Jun (1),7269,6472,5711,6373,7732,5897,3600.0,7933,18559.0
region,N,Hidratado Producao,flow,Jun (2),9364,14172,8116,9853,16687,9260,10372.0,10106,15709.0
region,N,Hidratado Producao,flow,Jul (1),16770,10213,10198,11896,18018,9970,11483.0,14997,18830.0
region,N,Hidratado Producao,flow,Jul (2),12833,16288,8078,11272,8509,15707,14842.0,14931,24313.0
region,N,Hidratado Producao,flow,Aug (1),15425,14554,10371,14498,9051,11544,14422.0,18905,
region,N,Hidratado Producao,flow,Aug (2),6548,13695,12428,21677,12253,14103,20672.0,17799,
region,N,Hidratado Producao,flow,Sep (1),7421,15516,10108,13180,7780,11307,13281.0,15204,
region,N,Hidratado Producao,flow,Sep (2),10293,12007,13071,11378,9917,11007,11415.0,17307,
region,N,Hidratado Producao,flow,Oct (1),9182,14984,10312,4542,11039,11939,13403.0,12025,
region,N,Hidratado Producao,flow,Oct (2),9022,8544,14846,6652,7931,8056,9616.0,6370,
region,N,Hidratado Producao,flow,Nov (1),13699,6609,3956,7289,7318,4647,12005.0,9107,
region,N,Hidratado Producao,flow,Nov (2),8581,12219,1647,7323,9502,2431,5887.0,3636,
region,N,Hidratado Producao,flow,Dec (1),4436,6067,2710,3582,2520,705,8550.0,3851,
region,N,Hidratado Producao,flow,Dec (2),1655,2341,788,1245,0,0,2076.0,1776,
region,N,Hidratado Producao,flow,Jan (1),1311,61,70,1035,0,0,0.0,1754,
region,N,Hidratado Producao,flow,Jan (2),152,5,0,275,0,0,0.0,1793,
region,N,Hidratado Producao,flow,Feb (1),33,0,0,0,0,0,0.0,1665,
region,N,Hidratado Producao,flow,Feb (2),0,0,0,0,0,0,0.0,2200,
region,N,Hidratado Producao,flow,Mar (1),55,0,19,0,0,0,0.0,1848,
region,N,Hidratado Producao,flow,Mar (2),24,0,0,4438,4070,0,10031.0,1453,
region,N,Hidratado Saidas Distrib,flow,Apr (1),4561,4249,1072,4361,10258,5967,3772.0,17940,8832.0
region,N,Hidratado Saidas Distrib,flow,Apr (2),4627,6249,2106,7469,8149,6232,5527.0,18266,17189.0
region,N,Hidratado Saidas Distrib,flow,May (1),6224,3518,3137,4570,5530,4560,4279.0,15134,10167.0
region,N,Hidratado Saidas Distrib,flow,May (2),4002,3851,4874,5024,11574,7744,8002.0,16894,7756.0
region,N,Hidratado Saidas Distrib,flow,Jun (1),5305,3342,5375,3685,7900,3160,5706.0,9846,12193.0
region,N,Hidratado Saidas Distrib,flow,Jun (2),6022,6759,7324,4397,12216,6303,5874.0,11333,11006.0
region,N,Hidratado Saidas Distrib,flow,Jul (1),7933,10764,4308,8629,13034,6322,9018.0,11594,9698.0
region,N,Hidratado Saidas Distrib,flow,Jul (2),14302,14358,6766,8770,9420,12290,10432.0,11548,13297.0
region,N,Hidratado Saidas Distrib,flow,Aug (1),15646,13029,7164,7296,5863,11296,8236.0,10927,
region,N,Hidratado Saidas Distrib,flow,Aug (2),10607,12873,11664,10094,6914,12068,7195.0,8650,
region,N,Hidratado Saidas Distrib,flow,Sep (1),7924,7341,11321,7645,5305,7223,7309.0,10908,
region,N,Hidratado Saidas Distrib,flow,Sep (2),8186,10503,9973,9756,5649,7327,6209.0,9844,
region,N,Hidratado Saidas Distrib,flow,Oct (1),9384,11013,9553,9573,6577,6610,9291.0,10078,
region,N,Hidratado Saidas Distrib,flow,Oct (2),9886,8702,7785,7833,10649,6966,12517.0,9067,
region,N,Hidratado Saidas Distrib,flow,Nov (1),7683,8091,6539,5514,6012,7563,6995.0,7343,
region,N,Hidratado Saidas Distrib,flow,Nov (2),10697,8089,3639,4907,6379,5921,5963.0,5483,
region,N,Hidratado Saidas Distrib,flow,Dec (1),5140,4799,5024,4474,5437,5955,7299.0,7852,
region,N,Hidratado Saidas Distrib,flow,Dec (2),3908,10199,5822,6053,7616,4193,8141.0,8060,
region,N,Hidratado Saidas Distrib,flow,Jan (1),4009,4754,5026,3592,3623,5019,6534.0,7521,
region,N,Hidratado Saidas Distrib,flow,Jan (2),1993,5387,4762,3660,6582,4818,7771.0,8602,
region,N,Hidratado Saidas Distrib,flow,Feb (1),4522,5582,3865,4251,5019,4575,6894.0,7372,
region,N,Hidratado Saidas Distrib,flow,Feb (2),6657,4526,4977,5601,5522,3973,7988.0,6714,
region,N,Hidratado Saidas Distrib,flow,Mar (1),5211,3489,7336,6397,5342,2774,5024.0,5369,
region,N,Hidratado Saidas Distrib,flow,Mar (2),3654,2154,4948,12671,4082,1324,12337.0,9564,
region,N,Hidratado Saidas M.Ext,flow,Apr (1),0,0,0,0,0,0,0.0,0,0.0
region,N,Hidratado Saidas M.Ext,flow,Apr (2),0,0,0,0,0,0,0.0,0,0.0
region,N,Hidratado Saidas M.Ext,flow,May (1),0,0,0,0,0,0,0.0,0,20.0
region,N,Hidratado Saidas M.Ext,flow,May (2),0,0,0,0,0,0,0.0,97,0.0
region,N,Hidratado Saidas M.Ext,flow,Jun (1),0,0,0,0,0,0,0.0,0,0.0
region,N,Hidratado Saidas M.Ext,flow,Jun (2),0,0,0,0,0,0,0.0,0,0.0
region,N,Hidratado Saidas M.Ext,flow,Jul (1),0,3,0,0,0,0,0.0,0,0.0
region,N,Hidratado Saidas M.Ext,flow,Jul (2),0,0,0,0,0,0,0.0,8,0.0
region,N,Hidratado Saidas M.Ext,flow,Aug (1),0,0,0,0,0,0,0.0,0,
region,N,Hidratado Saidas M.Ext,flow,Aug (2),0,0,0,26,0,5,0.0,0,
region,N,Hidratado Saidas M.Ext,flow,Sep (1),0,0,0,0,0,0,0.0,0,
region,N,Hidratado Saidas M.Ext,flow,Sep (2),0,0,0,0,0,0,0.0,0,
region,N,Hidratado Saidas M.Ext,flow,Oct (1),0,0,0,0,0,0,0.0,0,
region,N,Hidratado Saidas M.Ext,flow,Oct (2),0,0,0,0,0,0,0.0,0,
region,N,Hidratado Saidas M.Ext,flow,Nov (1),0,0,0,0,0,0,0.0,0,
region,N,Hidratado Saidas M.Ext,flow,Nov (2),0,0,0,0,0,0,0.0,0,
region,N,Hidratado Saidas M.Ext,flow,Dec (1),0,0,0,0,0,0,0.0,0,
region,N,Hidratado Saidas M.Ext,flow,Dec (2),0,0,0,0,0,0,0.0,0,
region,N,Hidratado Saidas M.Ext,flow,Jan (1),0,0,0,0,0,0,0.0,0,
region,N,Hidratado Saidas M.Ext,flow,Jan (2),0,24,0,0,0,0,0.0,0,
region,N,Hidratado Saidas M.Ext,flow,Feb (1),0,0,0,0,0,0,0.0,0,
region,N,Hidratado Saidas M.Ext,flow,Feb (2),0,0,0,0,0,0,0.0,0,
region,N,Hidratado Saidas M.Ext,flow,Mar (1),0,0,0,0,0,0,0.0,0,
region,N,Hidratado Saidas M.Ext,flow,Mar (2),0,0,0,0,0,0,0.0,0,
region,N,Hidratado Saidas Outras,flow,Apr (1),9,34,168,28,22,29,50.0,219,122.0
region,N,Hidratado Saidas Outras,flow,Apr (2),126,24,710,78,28,103,347.0,132,140.0
region,N,Hidratado Saidas Outras,flow,May (1),16,28,121,18,29,26,22.0,55,63.0
region,N,Hidratado Saidas Outras,flow,May (2),60,52,163,180,46,131,46.0,133,331.0
region,N,Hidratado Saidas Outras,flow,Jun (1),38,47,182,31,27,42,24.0,399,80.0
region,N,Hidratado Saidas Outras,flow,Jun (2),139,127,58,48,92,56,343.0,356,636.0
region,N,Hidratado Saidas Outras,flow,Jul (1),100,501,47,222,59,74,39.0,598,128.0
region,N,Hidratado Saidas Outras,flow,Jul (2),110,91,102,44,82,529,404.0,366,206.0
region,N,Hidratado Saidas Outras,flow,Aug (1),95,116,79,49,46,470,172.0,108,
region,N,Hidratado Saidas Outras,flow,Aug (2),79,140,111,72,142,359,304.0,743,
region,N,Hidratado Saidas Outras,flow,Sep (1),73,71,40,103,45,538,63.0,1218,
region,N,Hidratado Saidas Outras,flow,Sep (2),87,72,101,169,46,243,215.0,1252,
region,N,Hidratado Saidas Outras,flow,Oct (1),65,99,211,48,35,1210,278.0,1209,
region,N,Hidratado Saidas Outras,flow,Oct (2),91,84,932,70,137,4588,4352.0,1423,
region,N,Hidratado Saidas Outras,flow,Nov (1),73,66,239,42,1210,2864,3085.0,1307,
region,N,Hidratado Saidas Outras,flow,Nov (2),45,68,677,102,203,1263,3348.0,231,
region,N,Hidratado Saidas Outras,flow,Dec (1),50,67,268,39,37,43,8777.0,73,
region,N,Hidratado Saidas Outras,flow,Dec (2),40,344,288,36,32,214,99.0,38,
region,N,Hidratado Saidas Outras,flow,Jan (1),13,13,84,280,154,26,170.0,138,
region,N,Hidratado Saidas Outras,flow,Jan (2),36,30,46,47,48,38,329.0,142,
region,N,Hidratado Saidas Outras,flow,Feb (1),10,28,25,28,25,50,52.0,54,
region,N,Hidratado Saidas Outras,flow,Feb (2),31,37,57,29,14,1176,88.0,333,
region,N,Hidratado Saidas Outras,flow,Mar (1),23,25,10,36,21,22,87.0,67,
region,N,Hidratado Saidas Outras,flow,Mar (2),45,58,58,316,58,49,752.0,161,
region,NE,Acucar,flow,Apr (1),0,0,0,0,0,0,0.0,0,0.0
region,NE,Acucar,flow,Apr (2),0,0,0,0,0,0,2112.0,0,0.0
region,NE,Acucar,flow,May (1),0,0,6535,0,0,0,9218.0,0,0.0
region,NE,Acucar,flow,May (2),0,12048,8603,0,0,0,9806.0,0,1204.0
region,NE,Acucar,flow,Jun (1),0,-12048,7174,18742,3421,0,8704.0,1617,4202.0
region,NE,Acucar,flow,Jun (2),16808,19566,10853,0,17219,37503,6862.0,7466,0.0
region,NE,Acucar,flow,Jul (1),0,0,10754,15992,0,0,3006.0,7022,0.0
region,NE,Acucar,flow,Jul (2),6666,0,13377,10287,8533,3095,0.0,7533,0.0
region,NE,Acucar,flow,Aug (1),11882,5906,18234,0,4966,12615,14629.0,24963,
region,NE,Acucar,flow,Aug (2),65459,38441,56724,32740,23396,47049,91386.0,43671,
region,NE,Acucar,flow,Sep (1),116457,87984,97696,106193,109812,102403,153889.0,72271,
region,NE,Acucar,flow,Sep (2),186329,168549,181648,214562,201846,252742,274730.0,169268,
region,NE,Acucar,flow,Oct (1),200276,205246,243899,231532,258749,262194,313076.0,216256,
region,NE,Acucar,flow,Oct (2),247092,343894,292429,264034,284275,272762,355165.0,314239,
region,NE,Acucar,flow,Nov (1),225392,241274,251834,260978,237201,324277,396407.0,288062,
region,NE,Acucar,flow,Nov (2),272523,264312,264067,242255,252166,321874,332172.0,296349,
region,NE,Acucar,flow,Dec (1),239158,229972,287377,256655,201561,333486,323955.0,284567,
region,NE,Acucar,flow,Dec (2),206439,257847,253603,226185,239881,149215,336971.0,263080,
region,NE,Acucar,flow,Jan (1),151987,244797,222389,202037,232375,221324,261248.0,257763,
region,NE,Acucar,flow,Jan (2),186309,241690,210368,194068,217436,285508,264077.0,233827,
region,NE,Acucar,flow,Feb (1),98391,158872,172429,169191,213060,251126,140734.0,155673,
region,NE,Acucar,flow,Feb (2),64999,83841,112897,137003,157948,139773,130034.0,129056,
region,NE,Acucar,flow,Mar (1),42382,51904,74107,82809,203503,133724,45166.0,86549,
region,NE,Acucar,flow,Mar (2),44905,26601,84663,37706,292928,110405,35915.0,60192,
region,NE,Anidro Entradas,flow,Apr (1),0,2239,2206,1608,637,1762,3103.0,24,20.0
region,NE,Anidro Entradas,flow,Apr (2),0,45,0,0,0,0,42.0,0,0.0
region,NE,Anidro Entradas,flow,May (1),0,0,90,0,107,0,0.0,0,0.0
region,NE,Anidro Entradas,flow,May (2),66,2649,0,0,152,0,0.0,0,0.0
region,NE,Anidro Entradas,flow,Jun (1),0,-2649,0,45,0,0,0.0,0,14.0
region,NE,Anidro Entradas,flow,Jun (2),40,0,0,194,216,9,0.0,211,25.0
region,NE,Anidro Entradas,flow,Jul (1),0,2404,0,0,35,0,206.0,33,584.0
region,NE,Anidro Entradas,flow,Jul (2),5068,0,68,44,800,1376,0.0,0,123.0
region,NE,Anidro Entradas,flow,Aug (1),0,176,142,0,309,1006,0.0,728,
region,NE,Anidro Entradas,flow,Aug (2),176,373,0,591,562,903,48.0,684,
region,NE,Anidro Entradas,flow,Sep (1),323,264,61,2588,192,4059,597.0,119,
region,NE,Anidro Entradas,flow,Sep (2),547,197,0,188,13,536,0.0,534,
region,NE,Anidro Entradas,flow,Oct (1),129,184,0,511,113,1877,73.0,807,
region,NE,Anidro Entradas,flow,Oct (2),1345,113,354,569,208,221,1268.0,1037,
region,NE,Anidro Entradas,flow,Nov (1),373,587,513,164,156,522,4318.0,2203,
region,NE,Anidro Entradas,flow,Nov (2),399,1490,589,471,211,2745,1622.0,1000,
region,NE,Anidro Entradas,flow,Dec (1),331,296,7449,166,420,1840,57.0,3620,
region,NE,Anidro Entradas,flow,Dec (2),190,242,7565,2599,5106,347,624.0,4022,
region,NE,Anidro Entradas,flow,Jan (1),78,2135,1132,0,540,1859,355.0,1483,
region,NE,Anidro Entradas,flow,Jan (2),163,747,1030,0,1276,929,2378.0,731,
region,NE,Anidro Entradas,flow,Feb (1),3750,1224,0,0,904,7767,2752.0,1780,
region,NE,Anidro Entradas,flow,Feb (2),12002,0,0,33,1688,0,0.0,0,
region,NE,Anidro Entradas,flow,Mar (1),1,1757,0,0,15,0,0.0,483,
region,NE,Anidro Entradas,flow,Mar (2),565,42077,5216,8112,2594,195,2269.0,6083,
region,NE,Anidro Estoque E.Disp,stock,Apr (1),0,509,51,1028,0,567,0.0,587,18.0
region,NE,Anidro Estoque E.Disp,stock,Apr (2),168,344,136,969,795,536,679.0,17,4967.0
region,NE,Anidro Estoque E.Disp,stock,May (1),209,278,485,611,747,527,2669.0,186,3258.0
region,NE,Anidro Estoque E.Disp,stock,May (2),822,718,2314,664,859,1257,2044.0,1543,4869.0
region,NE,Anidro Estoque E.Disp,stock,Jun (1),807,350,3139,1175,1882,473,2068.0,1519,787.0
region,NE,Anidro Estoque E.Disp,stock,Jun (2),1882,1030,4376,1089,2036,2813,5422.0,2454,4307.0
region,NE,Anidro Estoque E.Disp,stock,Jul (1),2681,143,3604,2275,1884,4916,6288.0,2981,3431.0
region,NE,Anidro Estoque E.Disp,stock,Jul (2),4857,514,5687,3577,5774,6588,6452.0,2653,1833.0
region,NE,Anidro Estoque E.Disp,stock,Aug (1),10200,2704,7950,7119,10227,16680,7124.0,3956,
region,NE,Anidro Estoque E.Disp,stock,Aug (2),13934,6364,11348,14719,26352,25447,10235.0,5902,
region,NE,Anidro Estoque E.Disp,stock,Sep (1),19685,10456,16310,31428,41892,32068,20943.0,7467,
region,NE,Anidro Estoque E.Disp,stock,Sep (2),25214,21455,24628,53821,53452,57109,29464.0,14308,
region,NE,Anidro Estoque E.Disp,stock,Oct (1),30852,34109,35744,73571,73242,85533,43023.0,21399,
region,NE,Anidro Estoque E.Disp,stock,Oct (2),35534,51324,50782,93199,85909,105516,55091.0,23384,
region,NE,Anidro Estoque E.Disp,stock,Nov (1),46463,54315,66427,122246,98959,123010,54185.0,34179,
region,NE,Anidro Estoque E.Disp,stock,Nov (2),54847,56691,80283,142230,101461,135522,64313.0,41803,
region,NE,Anidro Estoque E.Disp,stock,Dec (1),61704,51814,108329,159788,100602,135785,84691.0,54680,
region,NE,Anidro Estoque E.Disp,stock,Dec (2),63765,54999,130922,161406,106510,130455,91001.0,81984,
region,NE,Anidro Estoque E.Disp,stock,Jan (1),62728,58365,145738,165455,113991,118346,119648.0,88716,
region,NE,Anidro Estoque E.Disp,stock,Jan (2),55677,74702,134588,160556,131859,115353,129896.0,113271,
region,NE,Anidro Estoque E.Disp,stock,Feb (1),56208,73691,128451,161442,143195,108576,137321.0,123125,
region,NE,Anidro Estoque E.Disp,stock,Feb (2),49827,72585,120264,158289,149586,98015,161548.0,123677,
region,NE,Anidro Estoque E.Disp,stock,Mar (1),38274,66996,94888,141587,153171,98652,150073.0,110998,
region,NE,Anidro Estoque E.Disp,stock,Mar (2),2662,2073,3465,1031,7865,2778,1567.0,1331,
region,NE,Anidro Estoque E.Fisico,stock,Apr (1),0,509,2174,1461,637,567,3103.0,611,18.0
region,NE,Anidro Estoque E.Fisico,stock,Apr (2),168,344,2259,969,795,536,3692.0,41,4967.0
region,NE,Anidro Estoque E.Fisico,stock,May (1),209,278,2581,611,854,527,5644.0,186,3258.0
region,NE,Anidro Estoque E.Fisico,stock,May (2),888,3367,4410,664,859,1257,5019.0,1543,4869.0
region,NE,Anidro Estoque E.Fisico,stock,Jun (1),873,350,5235,1175,1882,473,5043.0,1519,787.0
region,NE,Anidro Estoque E.Fisico,stock,Jun (2),1882,1030,6472,1089,2252,2813,8397.0,2454,4307.0
region,NE,Anidro Estoque E.Fisico,stock,Jul (1),2681,2219,5689,2275,2100,4916,9263.0,3014,4015.0
region,NE,Anidro Estoque E.Fisico,stock,Jul (2),10388,2321,7148,3577,9736,6615,8387.0,2653,1833.0
region,NE,Anidro Estoque E.Fisico,stock,Aug (1),11561,3830,9675,7119,14189,16707,11656.0,3956,
region,NE,Anidro Estoque E.Fisico,stock,Aug (2),16555,8014,16138,17039,36480,28191,18568.0,6982,
region,NE,Anidro Estoque E.Fisico,stock,Sep (1),25112,14535,21865,37169,54673,36655,28886.0,9291,
region,NE,Anidro Estoque E.Fisico,stock,Sep (2),30994,27029,32732,60271,68558,59562,40168.0,15700,
region,NE,Anidro Estoque E.Fisico,stock,Oct (1),42309,44661,49942,87423,91396,93227,53886.0,27777,
region,NE,Anidro Estoque E.Fisico,stock,Oct (2),46799,59643,71859,112974,104302,117134,64335.0,31106,
region,NE,Anidro Estoque E.Fisico,stock,Nov (1),56715,64933,81789,147617,112339,139395,72935.0,43431,
region,NE,Anidro Estoque E.Fisico,stock,Nov (2),68873,71987,94522,165233,111593,155634,85458.0,49779,
region,NE,Anidro Estoque E.Fisico,stock,Dec (1),74758,77552,125839,184539,112666,161295,107979.0,57698,
region,NE,Anidro Estoque E.Fisico,stock,Dec (2),75251,78592,151255,186552,120992,158612,115569.0,83487,
region,NE,Anidro Estoque E.Fisico,stock,Jan (1),73693,74515,164757,194989,133013,141650,123989.0,91226,
region,NE,Anidro Estoque E.Fisico,stock,Jan (2),68866,87050,152656,188231,148231,138651,135614.0,116354,
region,NE,Anidro Estoque E.Fisico,stock,Feb (1),72119,91779,150244,187692,163932,134674,142049.0,129284,
region,NE,Anidro Estoque E.Fisico,stock,Feb (2),68106,91612,145489,183699,173734,126537,165472.0,130762,
region,NE,Anidro Estoque E.Fisico,stock,Mar (1),57473,84270,120546,170876,181132,122881,152308.0,115975,
region,NE,Anidro Estoque E.Fisico,stock,Mar (2),4888,3271,5269,2375,9567,3762,1568.0,1371,
region,NE,Anidro Producao,flow,Apr (1),0,0,50,969,0,733,0.0,992,0.0
region,NE,Anidro Producao,flow,Apr (2),772,96,2352,2066,452,1386,778.0,1654,7807.0
region,NE,Anidro Producao,flow,May (1),1535,1518,3492,1420,2005,3433,3355.0,2544,6914.0
region,NE,Anidro Producao,flow,May (2),1532,3218,5566,2488,4093,9292,3158.0,2883,8194.0
region,NE,Anidro Producao,flow,Jun (1),2464,2972,6682,10826,6915,6202,5552.0,4192,6441.0
region,NE,Anidro Producao,flow,Jun (2),6641,6250,7782,3591,6951,23614,6713.0,7718,22531.0
region,NE,Anidro Producao,flow,Jul (1),3695,3059,8278,16530,6092,9811,5767.0,6604,18940.0
region,NE,Anidro Producao,flow,Jul (2),8250,5904,9723,13111,19201,6656,2498.0,6678,15178.0
region,NE,Anidro Producao,flow,Aug (1),8211,9393,16522,9593,12443,13659,6253.0,7788,
region,NE,Anidro Producao,flow,Aug (2),19215,15594,23723,25848,38399,26295,15343.0,15274,
region,NE,Anidro Producao,flow,Sep (1),23590,17657,25402,36330,42885,27277,19727.0,21663,
region,NE,Anidro Producao,flow,Sep (2),32198,31355,34859,60689,52841,60781,26775.0,26621,
region,NE,Anidro Producao,flow,Oct (1),48714,47391,50976,62584,64843,77959,41120.0,44562,
region,NE,Anidro Producao,flow,Oct (2),55114,92579,66998,72894,74473,66522,46498.0,48851,
region,NE,Anidro Producao,flow,Nov (1),47221,59143,58334,73341,73319,58781,49020.0,50511,
region,NE,Anidro Producao,flow,Nov (2),58814,71777,62751,65289,63032,54179,51650.0,50172,
region,NE,Anidro Producao,flow,Dec (1),36930,64958,69041,61076,57133,53991,50374.0,56502,
region,NE,Anidro Producao,flow,Dec (2),34863,59030,54705,49748,73621,52283,45261.0,61656,
region,NE,Anidro Producao,flow,Jan (1),28664,45459,38616,41289,58540,40779,41192.0,66560,
region,NE,Anidro Producao,flow,Jan (2),46371,52136,39408,42732,64539,52305,47192.0,57443,
region,NE,Anidro Producao,flow,Feb (1),24426,25309,24001,32990,58797,33418,28014.0,33320,
region,NE,Anidro Producao,flow,Feb (2),15789,14444,16636,13215,38439,26801,48562.0,23008,
region,NE,Anidro Producao,flow,Mar (1),11030,8261,10755,10294,52856,24715,4914.0,18196,
region,NE,Anidro Producao,flow,Mar (2),15931,19829,18717,5773,122047,20566,-20536.0,21777,
region,NE,Anidro Saidas Distrib,flow,Apr (1),0,1202,0,1111,0,1901,0.0,396,0.0
region,NE,Anidro Saidas Distrib,flow,Apr (2),565,259,2251,2451,255,1397,129.0,2210,1595.0
region,NE,Anidro Saidas Distrib,flow,May (1),1482,1579,3240,1777,2009,3396,1357.0,2382,8439.0
region,NE,Anidro Saidas Distrib,flow,May (2),901,2596,3677,2433,4229,8494,3751.0,1500,6512.0
region,NE,Anidro Saidas Distrib,flow,Jun (1),2039,3144,5831,10317,5858,6918,5471.0,4127,10478.0
region,NE,Anidro Saidas Distrib,flow,Jun (2),5647,5526,6515,3668,6773,21226,3306.0,6918,18789.0
region,NE,Anidro Saidas Distrib,flow,Jul (1),2895,4257,9047,15299,6264,7631,5058.0,6016,19747.0
region,NE,Anidro Saidas Distrib,flow,Jul (2),5588,4764,8303,11818,12309,6283,3281.0,6979,17202.0
region,NE,Anidro Saidas Distrib,flow,Aug (1),6915,7320,13957,6012,8245,4508,2802.0,7009,
region,NE,Anidro Saidas Distrib,flow,Aug (2),14050,11443,17111,16445,16509,15549,8233.0,12684,
region,NE,Anidro Saidas Distrib,flow,Sep (1),14766,11130,19276,18387,24363,21069,9885.0,19225,
region,NE,Anidro Saidas Distrib,flow,Sep (2),26019,18483,23701,37242,38657,36496,15138.0,20345,
region,NE,Anidro Saidas Distrib,flow,Oct (1),37105,29153,33542,35476,41731,45488,27089.0,32966,
region,NE,Anidro Saidas Distrib,flow,Oct (2),51323,76732,45111,47547,59644,42145,36938.0,46054,
region,NE,Anidro Saidas Distrib,flow,Nov (1),36930,53844,48540,38517,64824,36611,44231.0,40074,
region,NE,Anidro Saidas Distrib,flow,Nov (2),46471,65636,50130,47665,63442,39948,40152.0,44225,
region,NE,Anidro Saidas Distrib,flow,Dec (1),30645,58957,42246,41302,56034,49704,27441.0,51783,
region,NE,Anidro Saidas Distrib,flow,Dec (2),32547,57483,36496,48894,68355,53398,37648.0,39259,
region,NE,Anidro Saidas Distrib,flow,Jan (1),29917,50679,25948,32349,46367,58683,32526.0,59136,
region,NE,Anidro Saidas Distrib,flow,Jan (2),49313,39263,50883,47096,49927,54666,36295.0,31818,
region,NE,Anidro Saidas Distrib,flow,Feb (1),22479,16568,23624,29669,43008,43490,22009.0,20985,
region,NE,Anidro Saidas Distrib,flow,Feb (2),26758,13360,18220,14183,29832,31980,21543.0,17556,
region,NE,Anidro Saidas Distrib,flow,Mar (1),15611,14311,16907,20806,44941,25644,14573.0,23074,
region,NE,Anidro Saidas Distrib,flow,Mar (2),39940,150788,127550,94839,400564,163243,113701.0,98124,
region,NE,Anidro Saidas M.Ext,flow,Apr (1),0,0,0,0,0,0,0.0,0,0.0
region,NE,Anidro Saidas M.Ext,flow,Apr (2),0,0,0,0,0,0,0.0,0,0.0
region,NE,Anidro Saidas M.Ext,flow,May (1),0,0,0,0,0,0,0.0,0,0.0
region,NE,Anidro Saidas M.Ext,flow,May (2),0,0,0,0,0,0,0.0,0,0.0
region,NE,Anidro Saidas M.Ext,flow,Jun (1),0,0,0,0,0,0,0.0,0,0.0
region,NE,Anidro Saidas M.Ext,flow,Jun (2),0,0,0,0,0,0,0.0,0,0.0
region,NE,Anidro Saidas M.Ext,flow,Jul (1),0,0,0,0,0,0,0.0,0,0.0
region,NE,Anidro Saidas M.Ext,flow,Jul (2),0,0,0,0,0,0,0.0,0,0.0
region,NE,Anidro Saidas M.Ext,flow,Aug (1),0,0,0,0,0,0,0.0,0,
region,NE,Anidro Saidas M.Ext,flow,Aug (2),0,0,0,0,0,0,0.0,0,
region,NE,Anidro Saidas M.Ext,flow,Sep (1),0,0,0,0,100,0,0.0,0,
region,NE,Anidro Saidas M.Ext,flow,Sep (2),0,0,0,0,0,0,0.0,0,
region,NE,Anidro Saidas M.Ext,flow,Oct (1),0,0,0,6,0,0,0.0,0,
region,NE,Anidro Saidas M.Ext,flow,Oct (2),0,0,0,0,0,0,0.0,0,
region,NE,Anidro Saidas M.Ext,flow,Nov (1),0,0,0,0,0,0,0.0,0,
region,NE,Anidro Saidas M.Ext,flow,Nov (2),0,0,0,0,0,0,0.0,0,
region,NE,Anidro Saidas M.Ext,flow,Dec (1),0,0,0,0,0,0,0.0,0,
region,NE,Anidro Saidas M.Ext,flow,Dec (2),15,0,0,3,0,0,0.0,0,
region,NE,Anidro Saidas M.Ext,flow,Jan (1),0,0,0,0,0,0,0.0,0,
region,NE,Anidro Saidas M.Ext,flow,Jan (2),0,0,0,0,0,11,9.0,0,
region,NE,Anidro Saidas M.Ext,flow,Feb (1),0,0,0,0,0,-2,15.0,0,
region,NE,Anidro Saidas M.Ext,flow,Feb (2),-15,0,0,0,20,-9,0.0,0,
region,NE,Anidro Saidas M.Ext,flow,Mar (1),0,0,0,0,-20,0,0.0,0,
region,NE,Anidro Saidas M.Ext,flow,Mar (2),0,0,0,9,129,39,0.0,0,
region,NE,Anidro Saidas Outras,flow,Apr (1),0,528,82,5,0,27,0.0,9,2.0
region,NE,Anidro Saidas Outras,flow,Apr (2),39,47,16,107,39,20,102.0,14,1263.0
region,NE,Anidro Saidas Outras,flow,May (1),12,5,20,1,44,46,46.0,17,184.0
region,NE,Anidro Saidas Outras,flow,May (2),18,182,60,2,11,68,32.0,26,71.0
region,NE,Anidro Saidas Outras,flow,Jun (1),440,196,26,43,34,68,57.0,89,59.0
region,NE,Anidro Saidas Outras,flow,Jun (2),25,44,30,203,24,57,53.0,76,247.0
region,NE,Anidro Saidas Outras,flow,Jul (1),1,17,14,45,15,77,49.0,61,69.0
region,NE,Anidro Saidas Outras,flow,Jul (2),23,1038,29,35,56,50,93.0,60,281.0
region,NE,Anidro Saidas Outras,flow,Aug (1),123,740,180,39,54,65,182.0,204,
region,NE,Anidro Saidas Outras,flow,Aug (2),347,340,149,74,161,165,246.0,248,
region,NE,Anidro Saidas Outras,flow,Sep (1),590,270,460,401,421,1803,121.0,248,
region,NE,Anidro Saidas Outras,flow,Sep (2),844,575,291,533,312,1914,355.0,401,
region,NE,Anidro Saidas Outras,flow,Oct (1),423,790,224,461,387,683,386.0,326,
region,NE,Anidro Saidas Outras,flow,Oct (2),646,978,324,365,2131,691,379.0,505,
region,NE,Anidro Saidas Outras,flow,Nov (1),748,596,377,345,614,431,507.0,315,
region,NE,Anidro Saidas Outras,flow,Nov (2),584,577,477,479,547,737,597.0,599,
region,NE,Anidro Saidas Outras,flow,Dec (1),731,732,2927,634,446,466,469.0,420,
region,NE,Anidro Saidas Outras,flow,Dec (2),1998,749,358,1437,2046,1915,647.0,630,
region,NE,Anidro Saidas Outras,flow,Jan (1),383,992,298,503,692,917,601.0,1168,
region,NE,Anidro Saidas Outras,flow,Jan (2),2048,1085,1656,2394,670,1556,1641.0,1228,
region,NE,Anidro Saidas Outras,flow,Feb (1),2444,5236,2789,3860,992,1674,2307.0,1185,
region,NE,Anidro Saidas Outras,flow,Feb (2),5061,1251,3171,3058,473,2967,3596.0,3974,
region,NE,Anidro Saidas Outras,flow,Mar (1),6053,3049,18791,2311,552,2727,3505.0,10392,
region,NE,Anidro Saidas Outras,flow,Mar (2),29141,69387,73017,87538,38895,67215,99862.0,44340,
region,NE,Cana,flow,Apr (1),19159,38960,975,182530,0,83121,0.0,96573,0.0
region,NE,Cana,flow,Apr (2),64838,121028,82443,141547,51917,81099,163897.0,119987,147742.0
region,NE,Cana,flow,May (1),71859,143109,217240,150193,97237,141414,269489.0,119200,166386.0
region,NE,Cana,flow,May (2),166932,432170,280773,191639,174560,437856,323048.0,139704,194996.0
region,NE,Cana,flow,Jun (1),133622,-147461,279953,420907,323733,270968,315226.0,224117,232827.0
region,NE,Cana,flow,Jun (2),461907,563797,299076,189351,448993,856747,328673.0,405216,233002.0
region,NE,Cana,flow,Jul (1),152494,201011,322311,583947,232188,290134,328406.0,379957,207348.0
region,NE,Cana,flow,Jul (2),361226,264850,422553,384202,653539,364129,268196.0,428426,254987.0
region,NE,Cana,flow,Aug (1),542035,538207,679718,327791,527650,575034,612480.0,697880,
region,NE,Cana,flow,Aug (2),1398998,1167373,1452102,1074000,1116065,1348383,1815947.0,1287844,
region,NE,Cana,flow,Sep (1),2255604,2122952,2166294,2292673,2296935,2245810,3228291.0,1791469,
region,NE,Cana,flow,Sep (2),3319085,3350427,3316400,3661286,3473986,4215372,3867417.0,3339055,
region,NE,Cana,flow,Oct (1),3612381,3736605,3820929,4035788,3924562,4317181,4395301.0,3725134,
region,NE,Cana,flow,Oct (2),4117297,5516394,4218615,4297980,4360126,4433969,4688204.0,4909268,
region,NE,Cana,flow,Nov (1),3739114,3824779,3542096,4085548,3933838,4236793,4180041.0,4311973,
region,NE,Cana,flow,Nov (2),4203646,3877604,3655299,3966064,3843677,3902666,3953957.0,4152807,
region,NE,Cana,flow,Dec (1),3488674,3433968,4119769,3912715,3315511,3957379,3909582.0,4001928,
region,NE,Cana,flow,Dec (2),3331190,3631752,4012424,3518873,3755669,3574141,3953827.0,3835767,
region,NE,Cana,flow,Jan (1),2601776,3532540,3175046,3085094,3436437,3236789,3181224.0,3931603,
region,NE,Cana,flow,Jan (2),3049689,3381966,3161427,3218975,3572552,3930497,3658435.0,3656353,
region,NE,Cana,flow,Feb (1),1704851,2392094,2305490,2546054,3335348,3113734,2339674.0,2403209,
region,NE,Cana,flow,Feb (2),1114235,1257584,1466815,1810112,2540078,2337283,2008498.0,1936147,
region,NE,Cana,flow,Mar (1),776179,723092,1077248,1449890,3201502,2143935,929559.0,1572566,
region,NE,Cana,flow,Mar (2),905514,964538,1149657,887167,7297224,2626530,2165112.0,1493874,
region,NE,Etanol Total,flow,Apr (1),1079,2505,50,13204,0,6162,0.0,6379,0.0
region,NE,Etanol Total,flow,Apr (2),4699,8325,5439,10981,3433,6453,7371.0,8541,63639.0
region,NE,Etanol Total,flow,May (1),5171,10368,11517,11763,7544,11098,12939.0,9541,31692.0
region,NE,Etanol Total,flow,May (2),11091,24356,15782,15617,14119,33324,15569.0,10917,33636.0
region,NE,Etanol Total,flow,Jun (1),9511,-2613,16358,20217,23215,21428,16470.0,15462,34463.0
region,NE,Etanol Total,flow,Jun (2),22208,29466,16658,16144,25029,38214,17595.0,20192,36810.0
region,NE,Etanol Total,flow,Jul (1),11697,14722,18488,38393,19939,24590,19823.0,23835,36264.0
region,NE,Etanol Total,flow,Jul (2),23348,18958,23976,27025,40609,23538,20057.0,26350,40386.0
region,NE,Etanol Total,flow,Aug (1),32936,29721,35939,25057,35375,31618,36619.0,30013,
region,NE,Etanol Total,flow,Aug (2),62516,55100,63916,55148,64321,60351,62689.0,66732,
region,NE,Etanol Total,flow,Sep (1),88425,84910,85851,69747,78017,74443,122384.0,74030,
region,NE,Etanol Total,flow,Sep (2),130878,118408,123118,136362,110958,118205,125787.0,101430,
region,NE,Etanol Total,flow,Oct (1),158589,152030,141668,133398,129475,159186,166545.0,127724,
region,NE,Etanol Total,flow,Oct (2),175681,213347,158054,155559,147264,138211,145536.0,152613,
region,NE,Etanol Total,flow,Nov (1),168643,149229,134944,149766,148711,148254,144529.0,144488,
region,NE,Etanol Total,flow,Nov (2),188869,160704,135089,146185,119822,140866,137312.0,145116,
region,NE,Etanol Total,flow,Dec (1),153427,152421,152287,139952,113283,132525,134636.0,143754,
region,NE,Etanol Total,flow,Dec (2),140829,149796,131407,116433,130933,95793,121928.0,149289,
region,NE,Etanol Total,flow,Jan (1),105757,146763,108628,93460,104102,90913,98852.0,154868,
region,NE,Etanol Total,flow,Jan (2),113507,138326,114300,98269,108275,117231,119360.0,145134,
region,NE,Etanol Total,flow,Feb (1),56111,105064,72944,72370,104420,84468,81915.0,99239,
region,NE,Etanol Total,flow,Feb (2),38557,53274,46955,47767,69798,62229,90994.0,65299,
region,NE,Etanol Total,flow,Mar (1),29433,30711,39102,49175,89659,61574,33608.0,57176,
region,NE,Etanol Total,flow,Mar (2),33830,46959,58951,48389,270168,102734,40448.0,84737,
region,NE,Hidratado Entradas,flow,Apr (1),10,821,16528,28,17,215,4277.0,183,13.0
region,NE,Hidratado Entradas,flow,Apr (2),35,84,0,159,0,0,39.0,0,1206.0
region,NE,Hidratado Entradas,flow,May (1),0,32,0,41,2985,0,82.0,0,125.0
region,NE,Hidratado Entradas,flow,May (2),161,5018,0,118,0,84,0.0,10,220.0
region,NE,Hidratado Entradas,flow,Jun (1),427,-4631,0,279,202,0,33.0,41,124.0
region,NE,Hidratado Entradas,flow,Jun (2),850,177,0,365,51,125,0.0,105,298.0
region,NE,Hidratado Entradas,flow,Jul (1),601,1190,0,43,98,0,0.0,0,526.0
region,NE,Hidratado Entradas,flow,Jul (2),4239,949,1036,20,885,3235,203.0,146,509.0
region,NE,Hidratado Entradas,flow,Aug (1),0,672,691,1311,4299,546,710.0,9037,
region,NE,Hidratado Entradas,flow,Aug (2),106,545,69,2227,1164,3858,2107.0,3725,
region,NE,Hidratado Entradas,flow,Sep (1),1981,2856,982,7444,3017,5328,6112.0,1264,
region,NE,Hidratado Entradas,flow,Sep (2),809,270,593,1059,253,1980,441.0,1703,
region,NE,Hidratado Entradas,flow,Oct (1),125,636,759,1043,640,1214,839.0,1036,
region,NE,Hidratado Entradas,flow,Oct (2),142,696,330,1120,686,909,2591.0,775,
region,NE,Hidratado Entradas,flow,Nov (1),422,579,602,620,464,433,1132.0,152,
region,NE,Hidratado Entradas,flow,Nov (2),593,152,620,1151,225,564,1120.0,471,
region,NE,Hidratado Entradas,flow,Dec (1),5,515,135,1063,550,253,1194.0,243,
region,NE,Hidratado Entradas,flow,Dec (2),1583,897,561,388,4446,1190,825.0,614,
region,NE,Hidratado Entradas,flow,Jan (1),195,5,3310,330,379,624,958.0,1101,
region,NE,Hidratado Entradas,flow,Jan (2),1199,2116,1558,1626,326,870,1372.0,197,
region,NE,Hidratado Entradas,flow,Feb (1),1917,4181,2971,3690,525,1361,3665.0,717,
region,NE,Hidratado Entradas,flow,Feb (2),4788,2254,3088,2931,144,2562,4111.0,4271,
region,NE,Hidratado Entradas,flow,Mar (1),5944,2773,19579,1232,134,2701,3365.0,10537,
region,NE,Hidratado Entradas,flow,Mar (2),33686,73194,74206,99336,44053,72090,140191.0,56787,
region,NE,Hidratado Estoque E.Disp,stock,Apr (1),350,1518,94,168,0,624,0.0,306,13.0
region,NE,Hidratado Estoque E.Disp,stock,Apr (2),1325,1232,2243,869,692,702,712.0,211,9462.0
region,NE,Hidratado Estoque E.Disp,stock,May (1),239,4025,4234,1056,1620,774,1394.0,379,9652.0
region,NE,Hidratado Estoque E.Disp,stock,May (2),3802,8732,6698,1383,3557,3477,3203.0,1911,6789.0
region,NE,Hidratado Estoque E.Disp,stock,Jun (1),2564,7216,5790,2762,8431,6460,5371.0,3379,6741.0
region,NE,Hidratado Estoque E.Disp,stock,Jun (2),5500,7845,3129,6722,7102,3258,5539.0,5058,4581.0
region,NE,Hidratado Estoque E.Disp,stock,Jul (1),9641,4927,3493,13666,9376,11301,4111.0,3588,3824.0
region,NE,Hidratado Estoque E.Disp,stock,Jul (2),12360,3551,13120,13853,14263,21698,10267.0,6676,5115.0
region,NE,Hidratado Estoque E.Disp,stock,Aug (1),23303,7590,15273,17797,28076,27564,22327.0,14606,
region,NE,Hidratado Estoque E.Disp,stock,Aug (2),34448,18213,24566,27847,37084,34932,42396.0,33247,
region,NE,Hidratado Estoque E.Disp,stock,Sep (1),53921,55015,40674,40572,47709,40496,85008.0,46653,
region,NE,Hidratado Estoque E.Disp,stock,Sep (2),83142,90888,71648,65144,73657,56171,137999.0,68845,
region,NE,Hidratado Estoque E.Disp,stock,Oct (1),102455,128503,102539,84833,88080,87086,162296.0,92510,
region,NE,Hidratado Estoque E.Disp,stock,Oct (2),125878,157962,120668,104250,95648,104458,186043.0,105213,
region,NE,Hidratado Estoque E.Disp,stock,Nov (1),145731,159561,134551,113074,106122,128244,190477.0,116468,
region,NE,Hidratado Estoque E.Disp,stock,Nov (2),143779,168874,116527,122482,103060,143878,193597.0,126919,
region,NE,Hidratado Estoque E.Disp,stock,Dec (1),159172,168953,114314,118081,101205,140927,192183.0,111356,
region,NE,Hidratado Estoque E.Disp,stock,Dec (2),177846,157224,109024,115376,109039,134699,174143.0,103922,
region,NE,Hidratado Estoque E.Disp,stock,Jan (1),155656,140625,109449,108084,113684,112467,149938.0,102263,
region,NE,Hidratado Estoque E.Disp,stock,Jan (2),137385,142026,126404,108937,103101,102828,139338.0,115038,
region,NE,Hidratado Estoque E.Disp,stock,Feb (1),108856,154550,109773,102779,111856,92601,146939.0,120497,
region,NE,Hidratado Estoque E.Disp,stock,Feb (2),89948,150031,91984,107802,116228,89378,146145.0,120690,
region,NE,Hidratado Estoque E.Disp,stock,Mar (1),70533,128790,82334,100686,117801,89218,136625.0,117988,
region,NE,Hidratado Estoque E.Disp,stock,Mar (2),3656,15049,3046,8336,10928,10545,12833.0,11536,
region,NE,Hidratado Estoque E.Fisico,stock,Apr (1),350,1518,16524,186,17,647,4277.0,362,13.0
region,NE,Hidratado Estoque E.Fisico,stock,Apr (2),1325,1232,16067,869,692,725,4820.0,267,9462.0
region,NE,Hidratado Estoque E.Fisico,stock,May (1),239,4025,17949,1056,1620,797,5502.0,697,9652.0
region,NE,Hidratado Estoque E.Fisico,stock,May (2),3963,13386,20413,1383,3557,3477,7311.0,2229,6789.0
region,NE,Hidratado Estoque E.Fisico,stock,Jun (1),2725,7216,19505,2762,9174,6460,9479.0,3379,6741.0
region,NE,Hidratado Estoque E.Fisico,stock,Jun (2),5500,7845,16844,6722,7108,3258,9647.0,5061,4581.0
region,NE,Hidratado Estoque E.Fisico,stock,Jul (1),9641,7835,17197,13666,9382,11301,8219.0,3642,4315.0
region,NE,Hidratado Estoque E.Fisico,stock,Jul (2),17183,6994,18038,13873,15538,21748,11244.0,6676,5115.0
region,NE,Hidratado Estoque E.Fisico,stock,Aug (1),25432,11452,19629,17797,29895,27656,24875.0,20709,
region,NE,Hidratado Estoque E.Fisico,stock,Aug (2),40703,24591,31261,31093,38041,38959,47191.0,36516,
region,NE,Hidratado Estoque E.Fisico,stock,Sep (1),63663,67537,49164,45383,53804,43267,95633.0,48650,
region,NE,Hidratado Estoque E.Fisico,stock,Sep (2),97822,109060,85702,70324,77732,63101,150066.0,75007,
region,NE,Hidratado Estoque E.Fisico,stock,Oct (1),120992,153168,117563,98699,95540,92127,182995.0,97245,
region,NE,Hidratado Estoque E.Fisico,stock,Oct (2),144026,179322,135377,118236,105058,107782,200609.0,114153,
region,NE,Hidratado Estoque E.Fisico,stock,Nov (1),172054,190994,153142,129294,118074,133491,205365.0,121212,
region,NE,Hidratado Estoque E.Fisico,stock,Nov (2),176584,201377,134474,132403,122587,147378,206282.0,132877,
region,NE,Hidratado Estoque E.Fisico,stock,Dec (1),199038,198494,137282,134025,122503,145525,205219.0,119409,
region,NE,Hidratado Estoque E.Fisico,stock,Dec (2),222213,190798,125792,130966,120371,141267,183088.0,110552,
region,NE,Hidratado Estoque E.Fisico,stock,Jan (1),202812,178000,127854,124365,126352,119303,154301.0,112030,
region,NE,Hidratado Estoque E.Fisico,stock,Jan (2),178772,178574,146429,125295,113969,108459,142675.0,124061,
region,NE,Hidratado Estoque E.Fisico,stock,Feb (1),154081,198772,137588,118976,120764,99439,152455.0,127731,
region,NE,Hidratado Estoque E.Fisico,stock,Feb (2),127781,189585,120582,123477,125783,95012,148688.0,130593,
region,NE,Hidratado Estoque E.Fisico,stock,Mar (1),103611,160661,96495,115105,126601,94688,141419.0,125980,
region,NE,Hidratado Estoque E.Fisico,stock,Mar (2),5051,17484,6315,9652,12424,11533,13053.0,11811,
region,NE,Hidratado Producao,flow,Apr (1),1079,2505,0,12235,0,5429,0.0,5387,0.0
region,NE,Hidratado Producao,flow,Apr (2),3927,8229,3087,8915,2981,5067,6593.0,6887,55832.0
region,NE,Hidratado Producao,flow,May (1),3636,8850,8025,10343,5539,7665,9584.0,6997,24778.0
region,NE,Hidratado Producao,flow,May (2),9559,21138,10216,13129,10026,24032,12411.0,8034,25442.0
region,NE,Hidratado Producao,flow,Jun (1),7047,-5585,9676,9391,16300,15226,10918.0,11270,28022.0
region,NE,Hidratado Producao,flow,Jun (2),15567,23216,8876,12553,18078,14600,10882.0,12474,14279.0
region,NE,Hidratado Producao,flow,Jul (1),8002,11663,10210,21863,13847,14779,14056.0,17231,17324.0
region,NE,Hidratado Producao,flow,Jul (2),15098,13054,14253,13914,21408,16882,17559.0,19672,25208.0
region,NE,Hidratado Producao,flow,Aug (1),24725,20328,19417,15464,22932,17959,30366.0,22225,
region,NE,Hidratado Producao,flow,Aug (2),43301,39506,40193,29300,25922,34056,47346.0,51458,
region,NE,Hidratado Producao,flow,Sep (1),64835,67253,60449,33417,35132,47166,102657.0,52367,
region,NE,Hidratado Producao,flow,Sep (2),98680,87053,88259,75673,58117,57424,99012.0,74809,
region,NE,Hidratado Producao,flow,Oct (1),109875,104639,90692,70814,64632,81227,125425.0,83162,
region,NE,Hidratado Producao,flow,Oct (2),120567,120768,91056,82665,72791,71689,99038.0,103762,
region,NE,Hidratado Producao,flow,Nov (1),121422,90086,76610,76425,75392,89473,95509.0,93977,
region,NE,Hidratado Producao,flow,Nov (2),130055,88927,72338,80896,56790,86687,85662.0,94944,
region,NE,Hidratado Producao,flow,Dec (1),116497,87463,83246,78876,56150,78534,84262.0,87252,
region,NE,Hidratado Producao,flow,Dec (2),105966,90766,76702,66685,57312,43510,76667.0,87633,
region,NE,Hidratado Producao,flow,Jan (1),77093,101304,70012,52171,45562,50134,57660.0,88308,
region,NE,Hidratado Producao,flow,Jan (2),67136,86190,74892,55537,43736,64926,72168.0,87691,
region,NE,Hidratado Producao,flow,Feb (1),31685,79755,48943,39380,45623,51050,53901.0,65919,
region,NE,Hidratado Producao,flow,Feb (2),22768,38830,30319,34552,31359,35428,42432.0,42291,
region,NE,Hidratado Producao,flow,Mar (1),18403,22450,28347,38881,36803,36859,28694.0,38980,
region,NE,Hidratado Producao,flow,Mar (2),17899,27130,40234,42616,148121,82168,61687.0,62960,
region,NE,Hidratado Saidas Distrib,flow,Apr (1),726,1764,0,11988,0,4958,0.0,5155,0.0
region,NE,Hidratado Saidas Distrib,flow,Apr (2),2963,8579,3511,8340,2285,4954,5992.0,6954,47091.0
region,NE,Hidratado Saidas Distrib,flow,May (1),4688,6060,5922,10166,7563,7531,8915.0,6520,24532.0
region,NE,Hidratado Saidas Distrib,flow,May (2),5967,16663,7721,12886,7878,21280,10413.0,6438,28269.0
region,NE,Hidratado Saidas Distrib,flow,Jun (1),8687,-3977,10519,8196,10802,12157,8634.0,10033,27913.0
region,NE,Hidratado Saidas Distrib,flow,Jun (2),13553,22619,11470,8919,20093,17785,10587.0,10791,16533.0
region,NE,Hidratado Saidas Distrib,flow,Jul (1),4402,12780,9766,14840,11521,6641,15082.0,18544,17979.0
region,NE,Hidratado Saidas Distrib,flow,Jul (2),11630,14722,13368,13597,15954,8708,14404.0,16628,24679.0
region,NE,Hidratado Saidas Distrib,flow,Aug (1),16173,16248,17331,11795,11068,11374,16308.0,15826,
region,NE,Hidratado Saidas Distrib,flow,Aug (2),27531,25950,27005,16789,17572,24892,25565.0,37213,
region,NE,Hidratado Saidas Distrib,flow,Sep (1),42213,25920,36967,22217,19650,44130,56654.0,36601,
region,NE,Hidratado Saidas Distrib,flow,Sep (2),61231,43492,40536,41885,30412,35554,41902.0,46416,
region,NE,Hidratado Saidas Distrib,flow,Oct (1),82926,58315,47632,35832,44228,49718,89654.0,56917,
region,NE,Hidratado Saidas Distrib,flow,Oct (2),94440,90266,57874,57766,59733,51916,77591.0,83214,
region,NE,Hidratado Saidas Distrib,flow,Nov (1),91049,74119,50673,55405,59532,60992,83284.0,81743,
region,NE,Hidratado Saidas Distrib,flow,Nov (2),113969,75194,71285,62852,49187,67318,81161.0,78956,
region,NE,Hidratado Saidas Distrib,flow,Dec (1),90158,88278,73933,70774,50860,75973,82345.0,93612,
region,NE,Hidratado Saidas Distrib,flow,Dec (2),79984,96838,68354,64399,51149,46324,95225.0,85900,
region,NE,Hidratado Saidas Distrib,flow,Jan (1),91856,112106,57862,56902,34033,68107,83416.0,83711,
region,NE,Hidratado Saidas Distrib,flow,Jan (2),87693,84943,49557,52953,32270,72279,78507.0,71959,
region,NE,Hidratado Saidas Distrib,flow,Feb (1),54659,61375,51992,44721,31240,50320,39955.0,57649,
region,NE,Hidratado Saidas Distrib,flow,Feb (2),51142,48641,40462,29411,23287,40528,46902.0,40724,
region,NE,Hidratado Saidas Distrib,flow,Mar (1),45623,51383,52437,44495,33414,37042,36878.0,49690,
region,NE,Hidratado Saidas Distrib,flow,Mar (2),137192,238872,182694,219039,340618,274218,373274.0,197902,
region,NE,Hidratado Saidas M.Ext,flow,Apr (1),0,0,0,0,0,0,0.0,0,0.0
region,NE,Hidratado Saidas M.Ext,flow,Apr (2),0,0,0,0,0,0,0.0,0,0.0
region,NE,Hidratado Saidas M.Ext,flow,May (1),0,0,0,0,33,0,0.0,0,0.0
region,NE,Hidratado Saidas M.Ext,flow,May (2),0,0,29,0,0,0,0.0,0,0.0
region,NE,Hidratado Saidas M.Ext,flow,Jun (1),0,0,0,0,0,0,0.0,0,0.0
region,NE,Hidratado Saidas M.Ext,flow,Jun (2),0,0,0,0,0,0,0.0,0,0.0
region,NE,Hidratado Saidas M.Ext,flow,Jul (1),0,0,0,0,0,0,0.0,0,0.0
region,NE,Hidratado Saidas M.Ext,flow,Jul (2),0,0,0,0,0,0,0.0,0,0.0
region,NE,Hidratado Saidas M.Ext,flow,Aug (1),0,0,0,0,0,0,107.0,0,
region,NE,Hidratado Saidas M.Ext,flow,Aug (2),0,0,0,14,0,0,0.0,0,
region,NE,Hidratado Saidas M.Ext,flow,Sep (1),0,64,3015,264,0,0,0.0,0,
region,NE,Hidratado Saidas M.Ext,flow,Sep (2),0,0,7617,5048,0,0,71.0,0,
region,NE,Hidratado Saidas M.Ext,flow,Oct (1),0,199,7747,2063,0,0,0.0,0,
region,NE,Hidratado Saidas M.Ext,flow,Oct (2),30,0,11835,1716,0,2019,0.0,0,
region,NE,Hidratado Saidas M.Ext,flow,Nov (1),71,173,4347,5808,0,0,0.0,0,
region,NE,Hidratado Saidas M.Ext,flow,Nov (2),7493,0,16248,9953,12,0,0.0,0,
region,NE,Hidratado Saidas M.Ext,flow,Dec (1),0,0,3031,2361,948,0,0.0,0,
region,NE,Hidratado Saidas M.Ext,flow,Dec (2),0,248,12603,0,7556,0,0.0,3835,
region,NE,Hidratado Saidas M.Ext,flow,Jan (1),0,0,6109,0,1686,0,0.0,0,
region,NE,Hidratado Saidas M.Ext,flow,Jan (2),0,0,3276,0,18289,0,0.0,0,
region,NE,Hidratado Saidas M.Ext,flow,Feb (1),0,0,4798,0,3227,5,29.0,0,
region,NE,Hidratado Saidas M.Ext,flow,Feb (2),0,198,6768,1001,0,0,0.0,52,
region,NE,Hidratado Saidas M.Ext,flow,Mar (1),0,173,14649,1012,0,0,0.0,0,
region,NE,Hidratado Saidas M.Ext,flow,Mar (2),78,37111,25829,1898,12050,1105,0.0,216,
region,NE,Hidratado Saidas Outras,flow,Apr (1),13,44,4,89,0,39,0.0,53,0.0
region,NE,Hidratado Saidas Outras,flow,Apr (2),24,20,33,51,21,35,97.0,28,498.0
region,NE,Hidratado Saidas Outras,flow,May (1),34,29,221,31,0,62,69.0,47,181.0
region,NE,Hidratado Saidas Outras,flow,May (2),29,132,2,34,211,156,189.0,74,256.0
region,NE,Hidratado Saidas Outras,flow,Jun (1),25,-69,65,95,83,86,149.0,128,281.0
region,NE,Hidratado Saidas Outras,flow,Jun (2),89,145,67,39,102,142,127.0,106,204.0
region,NE,Hidratado Saidas Outras,flow,Jul (1),60,83,91,122,150,95,402.0,106,137.0
region,NE,Hidratado Saidas Outras,flow,Jul (2),165,122,1080,130,183,962,333.0,156,238.0
region,NE,Hidratado Saidas Outras,flow,Aug (1),303,294,1186,1056,1806,1223,1030.0,1403,
region,NE,Hidratado Saidas Outras,flow,Aug (2),605,962,1625,1428,1368,1719,1572.0,2163,
region,NE,Hidratado Saidas Outras,flow,Sep (1),1643,1179,3546,4090,2736,4056,3673.0,4896,
region,NE,Hidratado Saidas Outras,flow,Sep (2),4099,2308,4161,4858,4030,4016,3047.0,3739,
region,NE,Hidratado Saidas Outras,flow,Oct (1),3904,2653,4211,5587,3236,3697,3681.0,5043,
region,NE,Hidratado Saidas Outras,flow,Oct (2),3205,5044,3863,4766,4226,3008,6424.0,4415,
region,NE,Hidratado Saidas Outras,flow,Nov (1),2696,4701,4427,4774,3308,3205,8601.0,5327,
region,NE,Hidratado Saidas Outras,flow,Nov (2),4656,3502,4093,6133,3303,6046,4704.0,4794,
region,NE,Hidratado Saidas Outras,flow,Dec (1),3890,2583,3609,5182,4976,4667,4174.0,7351,
region,NE,Hidratado Saidas Outras,flow,Dec (2),4390,2273,7796,5733,5185,2634,4398.0,7369,
region,NE,Hidratado Saidas Outras,flow,Jan (1),4833,2001,7289,2200,4241,4615,3989.0,4220,
region,NE,Hidratado Saidas Outras,flow,Jan (2),4682,2789,5042,3280,5886,4361,6659.0,3898,
region,NE,Hidratado Saidas Outras,flow,Feb (1),3634,2363,3965,4668,4886,11106,7802.0,5317,
region,NE,Hidratado Saidas Outras,flow,Feb (2),2714,1432,3183,2570,3197,1889,3408.0,2924,
region,NE,Hidratado Saidas Outras,flow,Mar (1),2894,2591,4927,2978,2705,2842,2450.0,4440,
region,NE,Hidratado Saidas Outras,flow,Mar (2),12875,77136,55924,26468,48932,34115,51339.0,35798,
state,AC,Acucar,flow,Apr (1),0,0,0,0,0,0,0.0,0,0.0
state,AC,Acucar,flow,Apr (2),0,0,0,0,0,0,0.0,0,0.0
state,AC,Acucar,flow,May (1),0,0,0,0,0,0,0.0,0,0.0
state,AC,Acucar,flow,May (2),0,0,0,0,0,0,0.0,0,0.0
state,AC,Acucar,flow,Jun (1),0,0,0,0,0,0,0.0,0,0.0
state,AC,Acucar,flow,Jun (2),0,0,0,0,0,0,0.0,0,0.0
state,AC,Acucar,flow,Jul (1),0,0,0,0,0,0,0.0,0,0.0
state,AC,Acucar,flow,Jul (2),0,0,0,0,0,0,0.0,0,0.0
state,AC,Acucar,flow,Aug (1),0,0,0,0,0,0,0.0,0,
state,AC,Acucar,flow,Aug (2),0,0,0,0,0,0,0.0,0,
state,AC,Acucar,flow,Sep (1),0,0,0,0,0,0,0.0,0,
state,AC,Acucar,flow,Sep (2),0,0,0,0,0,0,0.0,0,
state,AC,Acucar,flow,Oct (1),0,0,0,0,0,0,0.0,0,
state,AC,Acucar,flow,Oct (2),0,0,0,0,0,0,0.0,0,
state,AC,Acucar,flow,Nov (1),0,0,0,0,0,0,0.0,0,
state,AC,Acucar,flow,Nov (2),0,0,0,0,0,0,0.0,0,
state,AC,Acucar,flow,Dec (1),0,0,0,0,0,0,0.0,0,
state,AC,Acucar,flow,Dec (2),0,0,0,0,0,0,0.0,0,
state,AC,Acucar,flow,Jan (1),0,0,0,0,0,0,0.0,0,
state,AC,Acucar,flow,Jan (2),0,0,0,0,0,0,0.0,0,
state,AC,Acucar,flow,Feb (1),0,0,0,0,0,0,0.0,0,
state,AC,Acucar,flow,Feb (2),0,0,0,0,0,0,0.0,0,
state,AC,Acucar,flow,Mar (1),0,0,0,0,0,0,0.0,0,
state,AC,Acucar,flow,Mar (2),0,0,0,0,0,0,0.0,0,
state,AC,Anidro Entradas,flow,Apr (1),0,0,0,0,0,0,0.0,0,0.0
state,AC,Anidro Entradas,flow,Apr (2),0,0,0,0,0,0,0.0,0,0.0
state,AC,Anidro Entradas,flow,May (1),0,0,0,0,0,0,0.0,0,0.0
state,AC,Anidro Entradas,flow,May (2),0,0,0,0,0,0,0.0,0,0.0
state,AC,Anidro Entradas,flow,Jun (1),0,0,0,0,0,0,0.0,0,0.0
state,AC,Anidro Entradas,flow,Jun (2),0,0,0,0,0,0,0.0,0,0.0
state,AC,Anidro Entradas,flow,Jul (1),0,0,0,0,0,0,0.0,0,0.0
state,AC,Anidro Entradas,flow,Jul (2),0,0,0,0,0,0,0.0,0,0.0
state,AC,Anidro Entradas,flow,Aug (1),0,0,0,0,0,0,0.0,0,
state,AC,Anidro Entradas,flow,Aug (2),0,0,0,0,0,0,0.0,0,
state,AC,Anidro Entradas,flow,Sep (1),0,0,0,0,0,0,0.0,0,
state,AC,Anidro Entradas,flow,Sep (2),0,0,0,0,0,0,0.0,0,
state,AC,Anidro Entradas,flow,Oct (1),0,0,0,0,0,0,0.0,0,
state,AC,Anidro Entradas,flow,Oct (2),0,0,0,0,0,0,0.0,0,
state,AC,Anidro Entradas,flow,Nov (1),0,0,0,0,0,0,0.0,0,
state,AC,Anidro Entradas,flow,Nov (2),0,0,0,0,0,0,0.0,0,
state,AC,Anidro Entradas,flow,Dec (1),0,0,0,0,0,0,0.0,0,
state,AC,Anidro Entradas,flow,Dec (2),0,0,0,0,0,0,0.0,0,
state,AC,Anidro Entradas,flow,Jan (1),0,0,0,0,0,0,0.0,0,
state,AC,Anidro Entradas,flow,Jan (2),0,0,0,0,0,0,0.0,0,
state,AC,Anidro Entradas,flow,Feb (1),0,0,0,0,0,0,0.0,0,
state,AC,Anidro Entradas,flow,Feb (2),0,0,0,0,0,0,0.0,0,
state,AC,Anidro Entradas,flow,Mar (1),0,0,0,0,0,0,0.0,0,
state,AC,Anidro Entradas,flow,Mar (2),0,0,0,0,0,0,0.0,0,
state,AC,Anidro Estoque E.Disp,stock,Apr (1),0,0,0,0,0,0,0.0,0,0.0
state,AC,Anidro Estoque E.Disp,stock,Apr (2),0,0,0,0,0,0,0.0,0,0.0
state,AC,Anidro Estoque E.Disp,stock,May (1),0,0,0,0,0,0,0.0,0,0.0
state,AC,Anidro Estoque E.Disp,stock,May (2),0,0,0,0,0,0,0.0,0,0.0
state,AC,Anidro Estoque E.Disp,stock,Jun (1),0,0,0,0,0,0,0.0,0,0.0
state,AC,Anidro Estoque E.Disp,stock,Jun (2),0,0,0,0,0,0,0.0,0,0.0
state,AC,Anidro Estoque E.Disp,stock,Jul (1),0,0,0,0,0,0,0.0,0,0.0
state,AC,Anidro Estoque E.Disp,stock,Jul (2),0,0,0,0,0,0,0.0,0,0.0
state,AC,Anidro Estoque E.Disp,stock,Aug (1),0,0,0,0,0,0,0.0,0,
state,AC,Anidro Estoque E.Disp,stock,Aug (2),0,0,0,0,0,0,0.0,0,
state,AC,Anidro Estoque E.Disp,stock,Sep (1),0,0,0,0,0,0,0.0,0,
state,AC,Anidro Estoque E.Disp,stock,Sep (2),0,0,0,0,0,0,0.0,0,
state,AC,Anidro Estoque E.Disp,stock,Oct (1),0,0,0,0,0,0,0.0,0,
state,AC,Anidro Estoque E.Disp,stock,Oct (2),0,0,0,0,0,0,0.0,0,
state,AC,Anidro Estoque E.Disp,stock,Nov (1),0,0,0,0,0,0,0.0,0,
state,AC,Anidro Estoque E.Disp,stock,Nov (2),0,0,0,0,0,0,0.0,0,
state,AC,Anidro Estoque E.Disp,stock,Dec (1),0,0,0,0,0,0,0.0,0,
state,AC,Anidro Estoque E.Disp,stock,Dec (2),0,0,0,0,0,0,0.0,0,
state,AC,Anidro Estoque E.Disp,stock,Jan (1),0,0,0,0,0,0,0.0,0,
state,AC,Anidro Estoque E.Disp,stock,Jan (2),0,0,0,0,0,0,0.0,0,
state,AC,Anidro Estoque E.Disp,stock,Feb (1),0,0,0,0,0,0,0.0,0,
state,AC,Anidro Estoque E.Disp,stock,Feb (2),0,0,0,0,0,0,0.0,0,
state,AC,Anidro Estoque E.Disp,stock,Mar (1),0,0,0,0,0,0,0.0,0,
state,AC,Anidro Estoque E.Disp,stock,Mar (2),0,0,0,0,0,0,0.0,0,
state,AC,Anidro Estoque E.Fisico,stock,Apr (1),0,0,0,0,0,0,0.0,0,0.0
state,AC,Anidro Estoque E.Fisico,stock,Apr (2),0,0,0,0,0,0,0.0,0,0.0
state,AC,Anidro Estoque E.Fisico,stock,May (1),0,0,0,0,0,0,0.0,0,0.0
state,AC,Anidro Estoque E.Fisico,stock,May (2),0,0,0,0,0,0,0.0,0,0.0
state,AC,Anidro Estoque E.Fisico,stock,Jun (1),0,0,0,0,0,0,0.0,0,0.0
state,AC,Anidro Estoque E.Fisico,stock,Jun (2),0,0,0,0,0,0,0.0,0,0.0
state,AC,Anidro Estoque E.Fisico,stock,Jul (1),0,0,0,0,0,0,0.0,0,0.0
state,AC,Anidro Estoque E.Fisico,stock,Jul (2),0,0,0,0,0,0,0.0,0,0.0
state,AC,Anidro Estoque E.Fisico,stock,Aug (1),0,0,0,0,0,0,0.0,0,
state,AC,Anidro Estoque E.Fisico,stock,Aug (2),0,0,0,0,0,0,0.0,0,
state,AC,Anidro Estoque E.Fisico,stock,Sep (1),0,0,0,0,0,0,0.0,0,
state,AC,Anidro Estoque E.Fisico,stock,Sep (2),0,0,0,0,0,0,0.0,0,
state,AC,Anidro Estoque E.Fisico,stock,Oct (1),0,0,0,0,0,0,0.0,0,
state,AC,Anidro Estoque E.Fisico,stock,Oct (2),0,0,0,0,0,0,0.0,0,
state,AC,Anidro Estoque E.Fisico,stock,Nov (1),0,0,0,0,0,0,0.0,0,
state,AC,Anidro Estoque E.Fisico,stock,Nov (2),0,0,0,0,0,0,0.0,0,
state,AC,Anidro Estoque E.Fisico,stock,Dec (1),0,0,0,0,0,0,0.0,0,
state,AC,Anidro Estoque E.Fisico,stock,Dec (2),0,0,0,0,0,0,0.0,0,
state,AC,Anidro Estoque E.Fisico,stock,Jan (1),0,0,0,0,0,0,0.0,0,
state,AC,Anidro Estoque E.Fisico,stock,Jan (2),0,0,0,0,0,0,0.0,0,
state,AC,Anidro Estoque E.Fisico,stock,Feb (1),0,0,0,0,0,0,0.0,0,
state,AC,Anidro Estoque E.Fisico,stock,Feb (2),0,0,0,0,0,0,0.0,0,
state,AC,Anidro Estoque E.Fisico,stock,Mar (1),0,0,0,0,0,0,0.0,0,
state,AC,Anidro Estoque E.Fisico,stock,Mar (2),0,0,0,0,0,0,0.0,0,
state,AC,Anidro Producao,flow,Apr (1),0,0,0,0,0,0,0.0,0,0.0
state,AC,Anidro Producao,flow,Apr (2),0,0,0,0,0,0,0.0,0,0.0
state,AC,Anidro Producao,flow,May (1),0,0,0,0,0,0,0.0,0,0.0
state,AC,Anidro Producao,flow,May (2),0,0,0,0,0,0,0.0,0,0.0
state,AC,Anidro Producao,flow,Jun (1),0,0,0,0,0,0,0.0,0,0.0
state,AC,Anidro Producao,flow,Jun (2),0,0,0,0,0,0,0.0,0,0.0
state,AC,Anidro Producao,flow,Jul (1),0,0,0,0,0,0,0.0,0,0.0
state,AC,Anidro Producao,flow,Jul (2),0,0,0,0,0,0,0.0,0,0.0
state,AC,Anidro Producao,flow,Aug (1),0,0,0,0,0,0,0.0,0,
state,AC,Anidro Producao,flow,Aug (2),0,0,0,0,0,0,0.0,0,
state,AC,Anidro Producao,flow,Sep (1),0,0,0,0,0,0,0.0,0,
state,AC,Anidro Producao,flow,Sep (2),0,0,0,0,0,0,0.0,0,
state,AC,Anidro Producao,flow,Oct (1),0,0,0,0,0,0,0.0,0,
state,AC,Anidro Producao,flow,Oct (2),0,0,0,0,0,0,0.0,0,
state,AC,Anidro Producao,flow,Nov (1),0,0,0,0,0,0,0.0,0,
state,AC,Anidro Producao,flow,Nov (2),0,0,0,0,0,0,0.0,0,
state,AC,Anidro Producao,flow,Dec (1),0,0,0,0,0,0,0.0,0,
state,AC,Anidro Producao,flow,Dec (2),0,0,0,0,0,0,0.0,0,
state,AC,Anidro Producao,flow,Jan (1),0,0,0,0,0,0,0.0,0,
state,AC,Anidro Producao,flow,Jan (2),0,0,0,0,0,0,0.0,0,
state,AC,Anidro Producao,flow,Feb (1),0,0,0,0,0,0,0.0,0,
state,AC,Anidro Producao,flow,Feb (2),0,0,0,0,0,0,0.0,0,
state,AC,Anidro Producao,flow,Mar (1),0,0,0,0,0,0,0.0,0,
state,AC,Anidro Producao,flow,Mar (2),0,0,0,0,0,0,0.0,0,
state,AC,Anidro Saidas Distrib,flow,Apr (1),0,0,0,0,0,0,0.0,0,0.0
state,AC,Anidro Saidas Distrib,flow,Apr (2),0,0,0,0,0,0,0.0,0,0.0
state,AC,Anidro Saidas Distrib,flow,May (1),0,0,0,0,0,0,0.0,0,0.0
state,AC,Anidro Saidas Distrib,flow,May (2),0,0,0,0,0,0,0.0,0,0.0
state,AC,Anidro Saidas Distrib,flow,Jun (1),0,0,0,0,0,0,0.0,0,0.0
state,AC,Anidro Saidas Distrib,flow,Jun (2),0,0,0,0,0,0,0.0,0,0.0
state,AC,Anidro Saidas Distrib,flow,Jul (1),0,0,0,0,0,0,0.0,0,0.0
state,AC,Anidro Saidas Distrib,flow,Jul (2),0,0,0,0,0,0,0.0,0,0.0
state,AC,Anidro Saidas Distrib,flow,Aug (1),0,0,0,0,0,0,0.0,0,
state,AC,Anidro Saidas Distrib,flow,Aug (2),0,0,0,0,0,0,0.0,0,
state,AC,Anidro Saidas Distrib,flow,Sep (1),0,0,0,0,0,0,0.0,0,
state,AC,Anidro Saidas Distrib,flow,Sep (2),0,0,0,0,0,0,0.0,0,
state,AC,Anidro Saidas Distrib,flow,Oct (1),0,0,0,0,0,0,0.0,0,
state,AC,Anidro Saidas Distrib,flow,Oct (2),0,0,0,0,0,0,0.0,0,
state,AC,Anidro Saidas Distrib,flow,Nov (1),0,0,0,0,0,0,0.0,0,
state,AC,Anidro Saidas Distrib,flow,Nov (2),0,0,0,0,0,0,0.0,0,
state,AC,Anidro Saidas Distrib,flow,Dec (1),0,0,0,0,0,0,0.0,0,
state,AC,Anidro Saidas Distrib,flow,Dec (2),0,0,0,0,0,0,0.0,0,
state,AC,Anidro Saidas Distrib,flow,Jan (1),0,0,0,0,0,0,0.0,0,
state,AC,Anidro Saidas Distrib,flow,Jan (2),0,0,0,0,0,0,0.0,0,
state,AC,Anidro Saidas Distrib,flow,Feb (1),0,0,0,0,0,0,0.0,0,
state,AC,Anidro Saidas Distrib,flow,Feb (2),0,0,0,0,0,0,0.0,0,
state,AC,Anidro Saidas Distrib,flow,Mar (1),0,0,0,0,0,0,0.0,0,
state,AC,Anidro Saidas Distrib,flow,Mar (2),0,0,0,0,0,0,0.0,0,
state,AC,Anidro Saidas M.Ext,flow,Apr (1),0,0,0,0,0,0,0.0,0,0.0
state,AC,Anidro Saidas M.Ext,flow,Apr (2),0,0,0,0,0,0,0.0,0,0.0
state,AC,Anidro Saidas M.Ext,flow,May (1),0,0,0,0,0,0,0.0,0,0.0
state,AC,Anidro Saidas M.Ext,flow,May (2),0,0,0,0,0,0,0.0,0,0.0
state,AC,Anidro Saidas M.Ext,flow,Jun (1),0,0,0,0,0,0,0.0,0,0.0
state,AC,Anidro Saidas M.Ext,flow,Jun (2),0,0,0,0,0,0,0.0,0,0.0
state,AC,Anidro Saidas M.Ext,flow,Jul (1),0,0,0,0,0,0,0.0,0,0.0
state,AC,Anidro Saidas M.Ext,flow,Jul (2),0,0,0,0,0,0,0.0,0,0.0
state,AC,Anidro Saidas M.Ext,flow,Aug (1),0,0,0,0,0,0,0.0,0,
state,AC,Anidro Saidas M.Ext,flow,Aug (2),0,0,0,0,0,0,0.0,0,
state,AC,Anidro Saidas M.Ext,flow,Sep (1),0,0,0,0,0,0,0.0,0,
state,AC,Anidro Saidas M.Ext,flow,Sep (2),0,0,0,0,0,0,0.0,0,
state,AC,Anidro Saidas M.Ext,flow,Oct (1),0,0,0,0,0,0,0.0,0,
state,AC,Anidro Saidas M.Ext,flow,Oct (2),0,0,0,0,0,0,0.0,0,
state,AC,Anidro Saidas M.Ext,flow,Nov (1),0,0,0,0,0,0,0.0,0,
state,AC,Anidro Saidas M.Ext,flow,Nov (2),0,0,0,0,0,0,0.0,0,
state,AC,Anidro Saidas M.Ext,flow,Dec (1),0,0,0,0,0,0,0.0,0,
state,AC,Anidro Saidas M.Ext,flow,Dec (2),0,0,0,0,0,0,0.0,0,
state,AC,Anidro Saidas M.Ext,flow,Jan (1),0,0,0,0,0,0,0.0,0,
state,AC,Anidro Saidas M.Ext,flow,Jan (2),0,0,0,0,0,0,0.0,0,
state,AC,Anidro Saidas M.Ext,flow,Feb (1),0,0,0,0,0,0,0.0,0,
state,AC,Anidro Saidas M.Ext,flow,Feb (2),0,0,0,0,0,0,0.0,0,
state,AC,Anidro Saidas M.Ext,flow,Mar (1),0,0,0,0,0,0,0.0,0,
state,AC,Anidro Saidas M.Ext,flow,Mar (2),0,0,0,0,0,0,0.0,0,
state,AC,Anidro Saidas Outras,flow,Apr (1),0,0,0,0,0,0,0.0,0,0.0
state,AC,Anidro Saidas Outras,flow,Apr (2),0,0,0,0,0,0,0.0,0,0.0
state,AC,Anidro Saidas Outras,flow,May (1),0,0,0,0,0,0,0.0,0,0.0
state,AC,Anidro Saidas Outras,flow,May (2),0,0,0,0,0,0,0.0,0,0.0
state,AC,Anidro Saidas Outras,flow,Jun (1),0,0,0,0,0,0,0.0,0,0.0
state,AC,Anidro Saidas Outras,flow,Jun (2),0,0,0,0,0,0,0.0,0,0.0
state,AC,Anidro Saidas Outras,flow,Jul (1),0,0,0,0,0,0,0.0,0,0.0
state,AC,Anidro Saidas Outras,flow,Jul (2),0,0,0,0,0,0,0.0,0,0.0
state,AC,Anidro Saidas Outras,flow,Aug (1),0,0,0,0,0,0,0.0,0,
state,AC,Anidro Saidas Outras,flow,Aug (2),0,0,0,0,0,0,0.0,0,
state,AC,Anidro Saidas Outras,flow,Sep (1),0,0,0,0,0,0,0.0,0,
state,AC,Anidro Saidas Outras,flow,Sep (2),0,0,0,0,0,0,0.0,0,
state,AC,Anidro Saidas Outras,flow,Oct (1),0,0,0,0,0,0,0.0,0,
state,AC,Anidro Saidas Outras,flow,Oct (2),0,0,0,0,0,0,0.0,0,
state,AC,Anidro Saidas Outras,flow,Nov (1),0,0,0,0,0,0,0.0,0,
state,AC,Anidro Saidas Outras,flow,Nov (2),0,0,0,0,0,0,0.0,0,
state,AC,Anidro Saidas Outras,flow,Dec (1),0,0,0,0,0,0,0.0,0,
state,AC,Anidro Saidas Outras,flow,Dec (2),0,0,0,0,0,0,0.0,0,
state,AC,Anidro Saidas Outras,flow,Jan (1),0,0,0,0,0,0,0.0,0,
state,AC,Anidro Saidas Outras,flow,Jan (2),0,0,0,0,0,0,0.0,0,
state,AC,Anidro Saidas Outras,flow,Feb (1),0,0,0,0,0,0,0.0,0,
state,AC,Anidro Saidas Outras,flow,Feb (2),0,0,0,0,0,0,0.0,0,
state,AC,Anidro Saidas Outras,flow,Mar (1),0,0,0,0,0,0,0.0,0,
state,AC,Anidro Saidas Outras,flow,Mar (2),0,0,0,0,0,0,0.0,0,
state,AC,Cana,flow,Apr (1),0,0,0,0,0,0,0.0,0,0.0
state,AC,Cana,flow,Apr (2),0,0,0,0,0,0,0.0,0,0.0
state,AC,Cana,flow,May (1),0,0,0,0,0,0,0.0,0,0.0
state,AC,Cana,flow,May (2),0,0,0,0,0,0,0.0,0,0.0
state,AC,Cana,flow,Jun (1),0,0,0,0,0,0,0.0,0,0.0
state,AC,Cana,flow,Jun (2),0,0,0,0,0,0,0.0,0,0.0
state,AC,Cana,flow,Jul (1),0,0,0,0,0,0,0.0,0,0.0
state,AC,Cana,flow,Jul (2),0,0,0,0,0,0,0.0,0,0.0
state,AC,Cana,flow,Aug (1),0,0,0,0,0,0,0.0,0,
state,AC,Cana,flow,Aug (2),0,0,0,0,0,0,0.0,0,
state,AC,Cana,flow,Sep (1),0,0,0,0,0,0,0.0,0,
state,AC,Cana,flow,Sep (2),0,0,0,0,0,0,0.0,0,
state,AC,Cana,flow,Oct (1),0,0,0,0,0,0,0.0,0,
state,AC,Cana,flow,Oct (2),0,0,0,0,0,0,0.0,0,
state,AC,Cana,flow,Nov (1),0,0,0,0,0,0,0.0,0,
state,AC,Cana,flow,Nov (2),0,0,0,0,0,0,0.0,0,
state,AC,Cana,flow,Dec (1),0,0,0,0,0,0,0.0,0,
state,AC,Cana,flow,Dec (2),0,0,0,0,0,0,0.0,0,
state,AC,Cana,flow,Jan (1),0,0,0,0,0,0,0.0,0,
state,AC,Cana,flow,Jan (2),0,0,0,0,0,0,0.0,0,
state,AC,Cana,flow,Feb (1),0,0,0,0,0,0,0.0,0,
state,AC,Cana,flow,Feb (2),0,0,0,0,0,0,0.0,0,
state,AC,Cana,flow,Mar (1),0,0,0,0,0,0,0.0,0,
state,AC,Cana,flow,Mar (2),0,0,0,0,0,0,0.0,0,
state,AC,Etanol Total,flow,Apr (1),0,0,0,0,0,0,0.0,0,0.0
state,AC,Etanol Total,flow,Apr (2),0,0,0,0,0,0,0.0,0,0.0
state,AC,Etanol Total,flow,May (1),0,0,0,0,0,0,0.0,0,0.0
state,AC,Etanol Total,flow,May (2),0,0,0,0,0,0,0.0,0,0.0
state,AC,Etanol Total,flow,Jun (1),0,0,0,0,0,0,0.0,0,0.0
state,AC,Etanol Total,flow,Jun (2),0,0,0,0,0,0,0.0,0,0.0
state,AC,Etanol Total,flow,Jul (1),0,0,0,0,0,0,0.0,0,0.0
state,AC,Etanol Total,flow,Jul (2),0,0,0,0,0,0,0.0,0,0.0
state,AC,Etanol Total,flow,Aug (1),0,0,0,0,0,0,0.0,0,
state,AC,Etanol Total,flow,Aug (2),0,0,0,0,0,0,0.0,0,
state,AC,Etanol Total,flow,Sep (1),0,0,0,0,0,0,0.0,0,
state,AC,Etanol Total,flow,Sep (2),0,0,0,0,0,0,0.0,0,
state,AC,Etanol Total,flow,Oct (1),0,0,0,0,0,0,0.0,0,
state,AC,Etanol Total,flow,Oct (2),0,0,0,0,0,0,0.0,0,
state,AC,Etanol Total,flow,Nov (1),0,0,0,0,0,0,0.0,0,
state,AC,Etanol Total,flow,Nov (2),0,0,0,0,0,0,0.0,0,
state,AC,Etanol Total,flow,Dec (1),0,0,0,0,0,0,0.0,0,
state,AC,Etanol Total,flow,Dec (2),0,0,0,0,0,0,0.0,0,
state,AC,Etanol Total,flow,Jan (1),0,0,0,0,0,0,0.0,0,
state,AC,Etanol Total,flow,Jan (2),0,0,0,0,0,0,0.0,0,
state,AC,Etanol Total,flow,Feb (1),0,0,0,0,0,0,0.0,0,
state,AC,Etanol Total,flow,Feb (2),0,0,0,0,0,0,0.0,0,
state,AC,Etanol Total,flow,Mar (1),0,0,0,0,0,0,0.0,0,
state,AC,Etanol Total,flow,Mar (2),0,0,0,0,0,0,0.0,0,
state,AC,Hidratado Entradas,flow,Apr (1),0,0,0,0,0,0,0.0,0,0.0
state,AC,Hidratado Entradas,flow,Apr (2),0,0,0,0,0,0,0.0,0,0.0
state,AC,Hidratado Entradas,flow,May (1),0,0,0,0,0,0,0.0,0,0.0
state,AC,Hidratado Entradas,flow,May (2),0,0,0,0,0,0,0.0,0,0.0
state,AC,Hidratado Entradas,flow,Jun (1),0,0,0,0,0,0,0.0,0,0.0
state,AC,Hidratado Entradas,flow,Jun (2),0,0,0,0,0,0,0.0,0,0.0
state,AC,Hidratado Entradas,flow,Jul (1),0,0,0,0,0,0,0.0,0,0.0
state,AC,Hidratado Entradas,flow,Jul (2),0,0,0,0,0,0,0.0,0,0.0
state,AC,Hidratado Entradas,flow,Aug (1),0,0,0,0,0,0,0.0,0,
state,AC,Hidratado Entradas,flow,Aug (2),0,0,0,0,0,0,0.0,0,
state,AC,Hidratado Entradas,flow,Sep (1),0,0,0,0,0,0,0.0,0,
state,AC,Hidratado Entradas,flow,Sep (2),0,0,0,0,0,0,0.0,0,
state,AC,Hidratado Entradas,flow,Oct (1),0,0,0,0,0,0,0.0,0,
state,AC,Hidratado Entradas,flow,Oct (2),0,0,0,0,0,0,0.0,0,
state,AC,Hidratado Entradas,flow,Nov (1),0,0,0,0,0,0,0.0,0,
state,AC,Hidratado Entradas,flow,Nov (2),0,0,0,0,0,0,0.0,0,
state,AC,Hidratado Entradas,flow,Dec (1),0,0,0,0,0,0,0.0,0,
state,AC,Hidratado Entradas,flow,Dec (2),0,0,0,0,0,0,0.0,0,
state,AC,Hidratado Entradas,flow,Jan (1),0,0,0,0,0,0,0.0,0,
state,AC,Hidratado Entradas,flow,Jan (2),0,0,0,0,0,0,0.0,0,
state,AC,Hidratado Entradas,flow,Feb (1),0,0,0,0,0,0,0.0,0,
state,AC,Hidratado Entradas,flow,Feb (2),0,0,0,0,0,0,0.0,0,
state,AC,Hidratado Entradas,flow,Mar (1),0,0,0,0,0,0,0.0,0,
state,AC,Hidratado Entradas,flow,Mar (2),0,0,0,0,0,0,0.0,0,
state,AC,Hidratado Estoque E.Disp,stock,Apr (1),0,0,0,0,0,0,0.0,0,0.0
state,AC,Hidratado Estoque E.Disp,stock,Apr (2),0,0,0,0,0,0,0.0,0,0.0
state,AC,Hidratado Estoque E.Disp,stock,May (1),0,0,0,0,0,0,0.0,0,0.0
state,AC,Hidratado Estoque E.Disp,stock,May (2),0,0,0,0,0,0,0.0,0,0.0
state,AC,Hidratado Estoque E.Disp,stock,Jun (1),0,0,0,0,0,0,0.0,0,0.0
state,AC,Hidratado Estoque E.Disp,stock,Jun (2),0,0,0,0,0,0,0.0,0,0.0
state,AC,Hidratado Estoque E.Disp,stock,Jul (1),0,0,0,0,0,0,0.0,0,0.0
state,AC,Hidratado Estoque E.Disp,stock,Jul (2),0,0,0,0,0,0,0.0,0,0.0
state,AC,Hidratado Estoque E.Disp,stock,Aug (1),0,0,0,0,0,0,0.0,0,
state,AC,Hidratado Estoque E.Disp,stock,Aug (2),0,0,0,0,0,0,0.0,0,
state,AC,Hidratado Estoque E.Disp,stock,Sep (1),0,0,0,0,0,0,0.0,0,
state,AC,Hidratado Estoque E.Disp,stock,Sep (2),0,0,0,0,0,0,0.0,0,
state,AC,Hidratado Estoque E.Disp,stock,Oct (1),0,0,0,0,0,0,0.0,0,
state,AC,Hidratado Estoque E.Disp,stock,Oct (2),0,0,0,0,0,0,0.0,0,
state,AC,Hidratado Estoque E.Disp,stock,Nov (1),0,0,0,0,0,0,0.0,0,
state,AC,Hidratado Estoque E.Disp,stock,Nov (2),0,0,0,0,0,0,0.0,0,
state,AC,Hidratado Estoque E.Disp,stock,Dec (1),0,0,0,0,0,0,0.0,0,
state,AC,Hidratado Estoque E.Disp,stock,Dec (2),0,0,0,0,0,0,0.0,0,
state,AC,Hidratado Estoque E.Disp,stock,Jan (1),0,0,0,0,0,0,0.0,0,
state,AC,Hidratado Estoque E.Disp,stock,Jan (2),0,0,0,0,0,0,0.0,0,
state,AC,Hidratado Estoque E.Disp,stock,Feb (1),0,0,0,0,0,0,0.0,0,
state,AC,Hidratado Estoque E.Disp,stock,Feb (2),0,0,0,0,0,0,0.0,0,
state,AC,Hidratado Estoque E.Disp,stock,Mar (1),0,0,0,0,0,0,0.0,0,
state,AC,Hidratado Estoque E.Disp,stock,Mar (2),0,0,0,0,0,0,0.0,0,
state,AC,Hidratado Estoque E.Fisico,stock,Apr (1),0,0,0,0,0,0,0.0,0,0.0
state,AC,Hidratado Estoque E.Fisico,stock,Apr (2),0,0,0,0,0,0,0.0,0,0.0
state,AC,Hidratado Estoque E.Fisico,stock,May (1),0,0,0,0,0,0,0.0,0,0.0
state,AC,Hidratado Estoque E.Fisico,stock,May (2),0,0,0,0,0,0,0.0,0,0.0
state,AC,Hidratado Estoque E.Fisico,stock,Jun (1),0,0,0,0,0,0,0.0,0,0.0
state,AC,Hidratado Estoque E.Fisico,stock,Jun (2),0,0,0,0,0,0,0.0,0,0.0
state,AC,Hidratado Estoque E.Fisico,stock,Jul (1),0,0,0,0,0,0,0.0,0,0.0
state,AC,Hidratado Estoque E.Fisico,stock,Jul (2),0,0,0,0,0,0,0.0,0,0.0
state,AC,Hidratado Estoque E.Fisico,stock,Aug (1),0,0,0,0,0,0,0.0,0,
state,AC,Hidratado Estoque E.Fisico,stock,Aug (2),0,0,0,0,0,0,0.0,0,
state,AC,Hidratado Estoque E.Fisico,stock,Sep (1),0,0,0,0,0,0,0.0,0,
state,AC,Hidratado Estoque E.Fisico,stock,Sep (2),0,0,0,0,0,0,0.0,0,
state,AC,Hidratado Estoque E.Fisico,stock,Oct (1),0,0,0,0,0,0,0.0,0,
state,AC,Hidratado Estoque E.Fisico,stock,Oct (2),0,0,0,0,0,0,0.0,0,
state,AC,Hidratado Estoque E.Fisico,stock,Nov (1),0,0,0,0,0,0,0.0,0,
state,AC,Hidratado Estoque E.Fisico,stock,Nov (2),0,0,0,0,0,0,0.0,0,
state,AC,Hidratado Estoque E.Fisico,stock,Dec (1),0,0,0,0,0,0,0.0,0,
state,AC,Hidratado Estoque E.Fisico,stock,Dec (2),0,0,0,0,0,0,0.0,0,
state,AC,Hidratado Estoque E.Fisico,stock,Jan (1),0,0,0,0,0,0,0.0,0,
state,AC,Hidratado Estoque E.Fisico,stock,Jan (2),0,0,0,0,0,0,0.0,0,
state,AC,Hidratado Estoque E.Fisico,stock,Feb (1),0,0,0,0,0,0,0.0,0,
state,AC,Hidratado Estoque E.Fisico,stock,Feb (2),0,0,0,0,0,0,0.0,0,
state,AC,Hidratado Estoque E.Fisico,stock,Mar (1),0,0,0,0,0,0,0.0,0,
state,AC,Hidratado Estoque E.Fisico,stock,Mar (2),0,0,0,0,0,0,0.0,0,
state,AC,Hidratado Producao,flow,Apr (1),0,0,0,0,0,0,0.0,0,0.0
state,AC,Hidratado Producao,flow,Apr (2),0,0,0,0,0,0,0.0,0,0.0
state,AC,Hidratado Producao,flow,May (1),0,0,0,0,0,0,0.0,0,0.0
state,AC,Hidratado Producao,flow,May (2),0,0,0,0,0,0,0.0,0,0.0
state,AC,Hidratado Producao,flow,Jun (1),0,0,0,0,0,0,0.0,0,0.0
state,AC,Hidratado Producao,flow,Jun (2),0,0,0,0,0,0,0.0,0,0.0
state,AC,Hidratado Producao,flow,Jul (1),0,0,0,0,0,0,0.0,0,0.0
state,AC,Hidratado Producao,flow,Jul (2),0,0,0,0,0,0,0.0,0,0.0
state,AC,Hidratado Producao,flow,Aug (1),0,0,0,0,0,0,0.0,0,
state,AC,Hidratado Producao,flow,Aug (2),0,0,0,0,0,0,0.0,0,
state,AC,Hidratado Producao,flow,Sep (1),0,0,0,0,0,0,0.0,0,
state,AC,Hidratado Producao,flow,Sep (2),0,0,0,0,0,0,0.0,0,
state,AC,Hidratado Producao,flow,Oct (1),0,0,0,0,0,0,0.0,0,
state,AC,Hidratado Producao,flow,Oct (2),0,0,0,0,0,0,0.0,0,
state,AC,Hidratado Producao,flow,Nov (1),0,0,0,0,0,0,0.0,0,
state,AC,Hidratado Producao,flow,Nov (2),0,0,0,0,0,0,0.0,0,
state,AC,Hidratado Producao,flow,Dec (1),0,0,0,0,0,0,0.0,0,
state,AC,Hidratado Producao,flow,Dec (2),0,0,0,0,0,0,0.0,0,
state,AC,Hidratado Producao,flow,Jan (1),0,0,0,0,0,0,0.0,0,
state,AC,Hidratado Producao,flow,Jan (2),0,0,0,0,0,0,0.0,0,
state,AC,Hidratado Producao,flow,Feb (1),0,0,0,0,0,0,0.0,0,
state,AC,Hidratado Producao,flow,Feb (2),0,0,0,0,0,0,0.0,0,
state,AC,Hidratado Producao,flow,Mar (1),0,0,0,0,0,0,0.0,0,
state,AC,Hidratado Producao,flow,Mar (2),0,0,0,0,0,0,0.0,0,
state,AC,Hidratado Saidas Distrib,flow,Apr (1),0,0,0,0,0,0,0.0,0,0.0
state,AC,Hidratado Saidas Distrib,flow,Apr (2),0,0,0,0,0,0,0.0,0,0.0
state,AC,Hidratado Saidas Distrib,flow,May (1),0,0,0,0,0,0,0.0,0,0.0
state,AC,Hidratado Saidas Distrib,flow,May (2),0,0,0,0,0,0,0.0,0,0.0
state,AC,Hidratado Saidas Distrib,flow,Jun (1),0,0,0,0,0,0,0.0,0,0.0
state,AC,Hidratado Saidas Distrib,flow,Jun (2),0,0,0,0,0,0,0.0,0,0.0
state,AC,Hidratado Saidas Distrib,flow,Jul (1),0,0,0,0,0,0,0.0,0,0.0
state,AC,Hidratado Saidas Distrib,flow,Jul (2),0,0,0,0,0,0,0.0,0,0.0
state,AC,Hidratado Saidas Distrib,flow,Aug (1),0,0,0,0,0,0,0.0,0,
state,AC,Hidratado Saidas Distrib,flow,Aug (2),0,0,0,0,0,0,0.0,0,
state,AC,Hidratado Saidas Distrib,flow,Sep (1),0,0,0,0,0,0,0.0,0,
state,AC,Hidratado Saidas Distrib,flow,Sep (2),0,0,0,0,0,0,0.0,0,
state,AC,Hidratado Saidas Distrib,flow,Oct (1),0,0,0,0,0,0,0.0,0,
state,AC,Hidratado Saidas Distrib,flow,Oct (2),0,0,0,0,0,0,0.0,0,
state,AC,Hidratado Saidas Distrib,flow,Nov (1),0,0,0,0,0,0,0.0,0,
state,AC,Hidratado Saidas Distrib,flow,Nov (2),0,0,0,0,0,0,0.0,0,
state,AC,Hidratado Saidas Distrib,flow,Dec (1),0,0,0,0,0,0,0.0,0,
state,AC,Hidratado Saidas Distrib,flow,Dec (2),0,0,0,0,0,0,0.0,0,
state,AC,Hidratado Saidas Distrib,flow,Jan (1),0,0,0,0,0,0,0.0,0,
state,AC,Hidratado Saidas Distrib,flow,Jan (2),0,0,0,0,0,0,0.0,0,
state,AC,Hidratado Saidas Distrib,flow,Feb (1),0,0,0,0,0,0,0.0,0,
state,AC,Hidratado Saidas Distrib,flow,Feb (2),0,0,0,0,0,0,0.0,0,
state,AC,Hidratado Saidas Distrib,flow,Mar (1),0,0,0,0,0,0,0.0,0,
state,AC,Hidratado Saidas Distrib,flow,Mar (2),0,0,0,0,0,0,0.0,0,
state,AC,Hidratado Saidas M.Ext,flow,Apr (1),0,0,0,0,0,0,0.0,0,0.0
state,AC,Hidratado Saidas M.Ext,flow,Apr (2),0,0,0,0,0,0,0.0,0,0.0
state,AC,Hidratado Saidas M.Ext,flow,May (1),0,0,0,0,0,0,0.0,0,0.0
state,AC,Hidratado Saidas M.Ext,flow,May (2),0,0,0,0,0,0,0.0,0,0.0
state,AC,Hidratado Saidas M.Ext,flow,Jun (1),0,0,0,0,0,0,0.0,0,0.0
state,AC,Hidratado Saidas M.Ext,flow,Jun (2),0,0,0,0,0,0,0.0,0,0.0
state,AC,Hidratado Saidas M.Ext,flow,Jul (1),0,0,0,0,0,0,0.0,0,0.0
state,AC,Hidratado Saidas M.Ext,flow,Jul (2),0,0,0,0,0,0,0.0,0,0.0
state,AC,Hidratado Saidas M.Ext,flow,Aug (1),0,0,0,0,0,0,0.0,0,
state,AC,Hidratado Saidas M.Ext,flow,Aug (2),0,0,0,0,0,0,0.0,0,
state,AC,Hidratado Saidas M.Ext,flow,Sep (1),0,0,0,0,0,0,0.0,0,
state,AC,Hidratado Saidas M.Ext,flow,Sep (2),0,0,0,0,0,0,0.0,0,
state,AC,Hidratado Saidas M.Ext,flow,Oct (1),0,0,0,0,0,0,0.0,0,
state,AC,Hidratado Saidas M.Ext,flow,Oct (2),0,0,0,0,0,0,0.0,0,
state,AC,Hidratado Saidas M.Ext,flow,Nov (1),0,0,0,0,0,0,0.0,0,
state,AC,Hidratado Saidas M.Ext,flow,Nov (2),0,0,0,0,0,0,0.0,0,
state,AC,Hidratado Saidas M.Ext,flow,Dec (1),0,0,0,0,0,0,0.0,0,
state,AC,Hidratado Saidas M.Ext,flow,Dec (2),0,0,0,0,0,0,0.0,0,
state,AC,Hidratado Saidas M.Ext,flow,Jan (1),0,0,0,0,0,0,0.0,0,
state,AC,Hidratado Saidas M.Ext,flow,Jan (2),0,0,0,0,0,0,0.0,0,
state,AC,Hidratado Saidas M.Ext,flow,Feb (1),0,0,0,0,0,0,0.0,0,
state,AC,Hidratado Saidas M.Ext,flow,Feb (2),0,0,0,0,0,0,0.0,0,
state,AC,Hidratado Saidas M.Ext,flow,Mar (1),0,0,0,0,0,0,0.0,0,
state,AC,Hidratado Saidas M.Ext,flow,Mar (2),0,0,0,0,0,0,0.0,0,
state,AC,Hidratado Saidas Outras,flow,Apr (1),0,0,0,0,0,0,0.0,0,0.0
state,AC,Hidratado Saidas Outras,flow,Apr (2),0,0,0,0,0,0,0.0,0,0.0
state,AC,Hidratado Saidas Outras,flow,May (1),0,0,0,0,0,0,0.0,0,0.0
state,AC,Hidratado Saidas Outras,flow,May (2),0,0,0,0,0,0,0.0,0,0.0
state,AC,Hidratado Saidas Outras,flow,Jun (1),0,0,0,0,0,0,0.0,0,0.0
state,AC,Hidratado Saidas Outras,flow,Jun (2),0,0,0,0,0,0,0.0,0,0.0
state,AC,Hidratado Saidas Outras,flow,Jul (1),0,0,0,0,0,0,0.0,0,0.0
state,AC,Hidratado Saidas Outras,flow,Jul (2),0,0,0,0,0,0,0.0,0,0.0
state,AC,Hidratado Saidas Outras,flow,Aug (1),0,0,0,0,0,0,0.0,0,
state,AC,Hidratado Saidas Outras,flow,Aug (2),0,0,0,0,0,0,0.0,0,
state,AC,Hidratado Saidas Outras,flow,Sep (1),0,0,0,0,0,0,0.0,0,
state,AC,Hidratado Saidas Outras,flow,Sep (2),0,0,0,0,0,0,0.0,0,
state,AC,Hidratado Saidas Outras,flow,Oct (1),0,0,0,0,0,0,0.0,0,
state,AC,Hidratado Saidas Outras,flow,Oct (2),0,0,0,0,0,0,0.0,0,
state,AC,Hidratado Saidas Outras,flow,Nov (1),0,0,0,0,0,0,0.0,0,
state,AC,Hidratado Saidas Outras,flow,Nov (2),0,0,0,0,0,0,0.0,0,
state,AC,Hidratado Saidas Outras,flow,Dec (1),0,0,0,0,0,0,0.0,0,
state,AC,Hidratado Saidas Outras,flow,Dec (2),0,0,0,0,0,0,0.0,0,
state,AC,Hidratado Saidas Outras,flow,Jan (1),0,0,0,0,0,0,0.0,0,
state,AC,Hidratado Saidas Outras,flow,Jan (2),0,0,0,0,0,0,0.0,0,
state,AC,Hidratado Saidas Outras,flow,Feb (1),0,0,0,0,0,0,0.0,0,
state,AC,Hidratado Saidas Outras,flow,Feb (2),0,0,0,0,0,0,0.0,0,
state,AC,Hidratado Saidas Outras,flow,Mar (1),0,0,0,0,0,0,0.0,0,
state,AC,Hidratado Saidas Outras,flow,Mar (2),0,0,0,0,0,0,0.0,0,
state,AL,Acucar,flow,Apr (1),0,0,0,0,0,0,0.0,0,0.0
state,AL,Acucar,flow,Apr (2),0,0,0,0,0,0,0.0,0,0.0
state,AL,Acucar,flow,May (1),0,0,0,0,0,0,0.0,0,0.0
state,AL,Acucar,flow,May (2),0,0,0,0,0,0,0.0,0,0.0
state,AL,Acucar,flow,Jun (1),0,0,0,0,0,0,0.0,0,0.0
state,AL,Acucar,flow,Jun (2),0,0,0,0,0,0,0.0,0,0.0
state,AL,Acucar,flow,Jul (1),0,0,0,0,0,0,0.0,0,0.0
state,AL,Acucar,flow,Jul (2),0,0,0,0,0,0,0.0,0,0.0
state,AL,Acucar,flow,Aug (1),716,3217,0,0,0,0,0.0,0,
state,AL,Acucar,flow,Aug (2),14733,13254,0,0,0,0,0.0,0,
state,AL,Acucar,flow,Sep (1),30110,33916,19992,43207,13710,24256,54387.0,10507,
state,AL,Acucar,flow,Sep (2),80489,83402,70601,86260,88310,77162,128873.0,60152,
state,AL,Acucar,flow,Oct (1),95288,109912,110054,118611,129835,122869,150657.0,107479,
state,AL,Acucar,flow,Oct (2),121160,132559,137073,132301,132956,137910,165830.0,147896,
state,AL,Acucar,flow,Nov (1),120096,123231,129760,130464,79441,171171,166129.0,141189,
state,AL,Acucar,flow,Nov (2),117179,134304,135690,132781,118389,179304,170515.0,150097,
state,AL,Acucar,flow,Dec (1),144384,120370,159659,128538,99425,185825,164731.0,149364,
state,AL,Acucar,flow,Dec (2),111303,152218,126240,114036,124350,50080,167181.0,147742,
state,AL,Acucar,flow,Jan (1),87623,116291,120564,115099,124499,114740,129957.0,126486,
state,AL,Acucar,flow,Jan (2),82355,122904,108221,120726,121088,150623,145680.0,131367,
state,AL,Acucar,flow,Feb (1),63657,79953,106025,101128,127703,119639,88229.0,94207,
state,AL,Acucar,flow,Feb (2),51212,43779,86244,93281,94336,82354,64669.0,80933,
state,AL,Acucar,flow,Mar (1),42382,40625,68502,60217,113840,79337,18679.0,53545,
state,AL,Acucar,flow,Mar (2),44894,23743,61988,33381,210346,48717,17994.0,25674,
state,AL,Anidro Entradas,flow,Apr (1),0,0,335,0,0,0,0.0,0,0.0
state,AL,Anidro Entradas,flow,Apr (2),0,0,0,0,0,0,0.0,0,0.0
state,AL,Anidro Entradas,flow,May (1),0,0,0,0,0,0,0.0,0,0.0
state,AL,Anidro Entradas,flow,May (2),0,245,0,0,0,0,0.0,0,0.0
state,AL,Anidro Entradas,flow,Jun (1),0,-245,0,0,0,0,0.0,0,0.0
state,AL,Anidro Entradas,flow,Jun (2),0,0,0,0,0,0,0.0,0,0.0
state,AL,Anidro Entradas,flow,Jul (1),0,0,0,0,0,0,0.0,0,0.0
state,AL,Anidro Entradas,flow,Jul (2),0,0,0,0,0,0,0.0,0,0.0
state,AL,Anidro Entradas,flow,Aug (1),0,77,0,0,0,0,0.0,0,
state,AL,Anidro Entradas,flow,Aug (2),0,37,0,502,404,65,0.0,0,
state,AL,Anidro Entradas,flow,Sep (1),323,131,0,312,113,2222,597.0,97,
state,AL,Anidro Entradas,flow,Sep (2),0,0,0,0,0,182,0.0,0,
state,AL,Anidro Entradas,flow,Oct (1),0,0,0,0,0,0,0.0,0,
state,AL,Anidro Entradas,flow,Oct (2),59,45,0,0,0,0,0.0,0,
state,AL,Anidro Entradas,flow,Nov (1),0,0,0,0,0,0,0.0,0,
state,AL,Anidro Entradas,flow,Nov (2),89,49,0,0,0,0,671.0,0,
state,AL,Anidro Entradas,flow,Dec (1),47,47,0,59,0,5,0.0,0,
state,AL,Anidro Entradas,flow,Dec (2),22,0,14,0,2373,0,624.0,59,
state,AL,Anidro Entradas,flow,Jan (1),32,0,0,0,-1047,0,32.0,61,
state,AL,Anidro Entradas,flow,Jan (2),106,0,45,0,0,61,0.0,0,
state,AL,Anidro Entradas,flow,Feb (1),0,1000,0,0,215,0,0.0,1,
state,AL,Anidro Entradas,flow,Feb (2),10,0,0,33,0,0,0.0,0,
state,AL,Anidro Entradas,flow,Mar (1),1,1044,0,0,0,0,0.0,483,
state,AL,Anidro Entradas,flow,Mar (2),553,10006,4538,425,74,193,0.0,21,
state,AL,Anidro Estoque E.Disp,stock,Apr (1),0,0,0,0,0,0,0.0,0,0.0
state,AL,Anidro Estoque E.Disp,stock,Apr (2),0,0,0,0,0,0,0.0,0,0.0
state,AL,Anidro Estoque E.Disp,stock,May (1),0,0,0,0,0,0,0.0,0,0.0
state,AL,Anidro Estoque E.Disp,stock,May (2),0,0,0,0,0,0,0.0,0,0.0
state,AL,Anidro Estoque E.Disp,stock,Jun (1),0,0,0,0,0,0,0.0,0,0.0
state,AL,Anidro Estoque E.Disp,stock,Jun (2),0,0,0,0,0,0,0.0,0,0.0
state,AL,Anidro Estoque E.Disp,stock,Jul (1),0,0,0,0,0,0,0.0,0,0.0
state,AL,Anidro Estoque E.Disp,stock,Jul (2),0,0,0,0,0,0,0.0,0,0.0
state,AL,Anidro Estoque E.Disp,stock,Aug (1),0,58,0,0,0,0,0.0,0,
state,AL,Anidro Estoque E.Disp,stock,Aug (2),0,3,0,0,0,0,0.0,0,
state,AL,Anidro Estoque E.Disp,stock,Sep (1),1246,1797,226,2381,111,46,3483.0,74,
state,AL,Anidro Estoque E.Disp,stock,Sep (2),3580,6318,3550,9377,4700,6625,8713.0,1481,
state,AL,Anidro Estoque E.Disp,stock,Oct (1),8971,12310,7165,16659,14368,19023,17773.0,7085,
state,AL,Anidro Estoque E.Disp,stock,Oct (2),6567,8400,9779,23752,17475,24566,18466.0,6408,
state,AL,Anidro Estoque E.Disp,stock,Nov (1),9576,8260,14902,30923,19312,29152,16640.0,6383,
state,AL,Anidro Estoque E.Disp,stock,Nov (2),11664,8576,16750,32826,20745,28960,15558.0,6931,
state,AL,Anidro Estoque E.Disp,stock,Dec (1),15789,8270,21232,34245,13693,29207,20010.0,5875,
state,AL,Anidro Estoque E.Disp,stock,Dec (2),13744,8358,30474,35514,11155,29409,21204.0,10387,
state,AL,Anidro Estoque E.Disp,stock,Jan (1),12596,6549,36874,39883,17890,24703,23264.0,10972,
state,AL,Anidro Estoque E.Disp,stock,Jan (2),12123,12846,37590,42645,21557,25426,27286.0,15590,
state,AL,Anidro Estoque E.Disp,stock,Feb (1),11135,15940,39478,45212,20445,23703,29226.0,20441,
state,AL,Anidro Estoque E.Disp,stock,Feb (2),11660,15965,39126,44689,24654,21696,54478.0,24581,
state,AL,Anidro Estoque E.Disp,stock,Mar (1),10480,13238,37249,35524,25018,28042,51762.0,23716,
state,AL,Anidro Estoque E.Disp,stock,Mar (2),113,245,1663,111,3333,656,98.0,184,
state,AL,Anidro Estoque E.Fisico,stock,Apr (1),0,0,335,0,0,0,0.0,0,0.0
state,AL,Anidro Estoque E.Fisico,stock,Apr (2),0,0,335,0,0,0,0.0,0,0.0
state,AL,Anidro Estoque E.Fisico,stock,May (1),0,0,335,0,0,0,0.0,0,0.0
state,AL,Anidro Estoque E.Fisico,stock,May (2),0,245,335,0,0,0,0.0,0,0.0
state,AL,Anidro Estoque E.Fisico,stock,Jun (1),0,0,335,0,0,0,0.0,0,0.0
state,AL,Anidro Estoque E.Fisico,stock,Jun (2),0,0,335,0,0,0,0.0,0,0.0
state,AL,Anidro Estoque E.Fisico,stock,Jul (1),0,0,335,0,0,0,0.0,0,0.0
state,AL,Anidro Estoque E.Fisico,stock,Jul (2),0,0,335,0,0,0,0.0,0,0.0
state,AL,Anidro Estoque E.Fisico,stock,Aug (1),0,58,335,0,0,0,0.0,0,
state,AL,Anidro Estoque E.Fisico,stock,Aug (2),198,290,335,502,404,65,0.0,0,
state,AL,Anidro Estoque E.Fisico,stock,Sep (1),1741,2557,612,3231,407,2400,3912.0,589,
state,AL,Anidro Estoque E.Fisico,stock,Sep (2),4444,8072,3756,9907,6416,7895,10034.0,1659,
state,AL,Anidro Estoque E.Fisico,stock,Oct (1),11928,14403,9714,17519,17637,21786,20532.0,7578,
state,AL,Anidro Estoque E.Fisico,stock,Oct (2),9739,11263,15374,25524,21692,29006,19827.0,7796,
state,AL,Anidro Estoque E.Fisico,stock,Nov (1),12209,10921,19401,34251,22416,33619,18244.0,7191,
state,AL,Anidro Estoque E.Fisico,stock,Nov (2),14272,13058,19993,38306,24227,34626,19398.0,7931,
state,AL,Anidro Estoque E.Fisico,stock,Dec (1),17587,15675,25403,38053,19206,34604,23737.0,7015,
state,AL,Anidro Estoque E.Fisico,stock,Dec (2),17013,15510,34465,39986,14222,36766,24624.0,11096,
state,AL,Anidro Estoque E.Fisico,stock,Jan (1),16217,11552,40609,44247,20967,29171,26199.0,11697,
state,AL,Anidro Estoque E.Fisico,stock,Jan (2),14622,18098,42622,46457,26725,29059,29771.0,16288,
state,AL,Anidro Estoque E.Fisico,stock,Feb (1),13411,24119,44011,48301,25859,26872,31672.0,21552,
state,AL,Anidro Estoque E.Fisico,stock,Feb (2),14164,24084,46067,47100,31969,27039,56311.0,26502,
state,AL,Anidro Estoque E.Fisico,stock,Mar (1),12327,19477,43034,38619,32146,31745,53205.0,25091,
state,AL,Anidro Estoque E.Fisico,stock,Mar (2),245,400,832,517,3533,658,99.0,217,
state,AL,Anidro Producao,flow,Apr (1),0,0,0,0,0,0,0.0,0,0.0
state,AL,Anidro Producao,flow,Apr (2),0,0,0,0,0,0,0.0,0,0.0
state,AL,Anidro Producao,flow,May (1),0,0,0,0,0,0,0.0,0,0.0
state,AL,Anidro Producao,flow,May (2),0,0,0,0,0,0,0.0,0,0.0
state,AL,Anidro Producao,flow,Jun (1),0,0,0,0,0,0,0.0,0,0.0
state,AL,Anidro Producao,flow,Jun (2),0,0,0,0,0,0,0.0,0,0.0
state,AL,Anidro Producao,flow,Jul (1),0,0,0,0,0,0,0.0,0,0.0
state,AL,Anidro Producao,flow,Jul (2),0,0,0,0,0,0,0.0,0,0.0
state,AL,Anidro Producao,flow,Aug (1),0,0,0,0,0,0,0.0,0,
state,AL,Anidro Producao,flow,Aug (2),1749,201,0,0,0,0,0.0,0,
state,AL,Anidro Producao,flow,Sep (1),3946,2157,828,4286,1334,794,3322.0,590,
state,AL,Anidro Producao,flow,Sep (2),7139,8821,5282,10610,9439,7429,8566.0,3021,
state,AL,Anidro Producao,flow,Oct (1),14864,17794,11644,15265,16656,20093,16087.0,13862,
state,AL,Anidro Producao,flow,Oct (2),17024,19864,17806,18090,19504,22269,16216.0,21377,
state,AL,Anidro Producao,flow,Nov (1),19134,21151,19910,21105,13372,18621,16882.0,19399,
state,AL,Anidro Producao,flow,Nov (2),18733,22195,19081,23745,18820,20040,18742.0,19473,
state,AL,Anidro Producao,flow,Dec (1),15802,22163,23349,17685,15210,22502,14901.0,21177,
state,AL,Anidro Producao,flow,Dec (2),13184,20545,22771,17987,21667,21670,13584.0,25576,
state,AL,Anidro Producao,flow,Jan (1),14466,17419,17295,17312,20837,16998,14058.0,19066,
state,AL,Anidro Producao,flow,Jan (2),18122,21595,17581,19045,20079,19234,19486.0,19223,
state,AL,Anidro Producao,flow,Feb (1),13534,14999,15078,17752,20431,16014,12140.0,17174,
state,AL,Anidro Producao,flow,Feb (2),9020,8165,10783,7738,17002,15643,36741.0,13957,
state,AL,Anidro Producao,flow,Mar (1),6140,3949,5238,4616,21146,17020,2322.0,8195,
state,AL,Anidro Producao,flow,Mar (2),10768,9769,3050,3059,67733,6973,-29529.0,1799,
state,AL,Anidro Saidas Distrib,flow,Apr (1),0,0,0,0,0,0,0.0,0,0.0
state,AL,Anidro Saidas Distrib,flow,Apr (2),0,0,0,0,0,0,0.0,0,0.0
state,AL,Anidro Saidas Distrib,flow,May (1),0,0,0,0,0,0,0.0,0,0.0
state,AL,Anidro Saidas Distrib,flow,May (2),0,0,0,0,0,0,0.0,0,0.0
state,AL,Anidro Saidas Distrib,flow,Jun (1),0,0,0,0,0,0,0.0,0,0.0
state,AL,Anidro Saidas Distrib,flow,Jun (2),0,0,0,0,0,0,0.0,0,0.0
state,AL,Anidro Saidas Distrib,flow,Jul (1),0,0,0,0,0,0,0.0,0,0.0
state,AL,Anidro Saidas Distrib,flow,Jul (2),0,0,0,0,0,0,0.0,0,0.0
state,AL,Anidro Saidas Distrib,flow,Aug (1),0,0,0,0,0,0,0.0,0,
state,AL,Anidro Saidas Distrib,flow,Aug (2),1548,0,0,0,0,0,0.0,0,
state,AL,Anidro Saidas Distrib,flow,Sep (1),2677,0,504,1632,1176,677,0.0,93,
state,AL,Anidro Saidas Distrib,flow,Sep (2),4174,3136,2074,3802,3420,2033,2420.0,1928,
state,AL,Anidro Saidas Distrib,flow,Oct (1),7138,11158,5648,7443,5389,6100,5523.0,7895,
state,AL,Anidro Saidas Distrib,flow,Oct (2),18930,22656,12054,9983,13615,14818,16862.0,21018,
state,AL,Anidro Saidas Distrib,flow,Nov (1),16406,21394,15796,12310,12401,13920,18275.0,19912,
state,AL,Anidro Saidas Distrib,flow,Nov (2),16585,19889,18362,19614,16786,18803,18162.0,18577,
state,AL,Anidro Saidas Distrib,flow,Dec (1),12146,19306,17730,17733,20132,22416,10318.0,21911,
state,AL,Anidro Saidas Distrib,flow,Dec (2),13502,20466,13614,15830,28823,19297,13190.0,21337,
state,AL,Anidro Saidas Distrib,flow,Jan (1),15230,21208,11105,12840,12949,24172,12224.0,18337,
state,AL,Anidro Saidas Distrib,flow,Jan (2),19648,14663,15574,16193,14069,19073,14727.0,14520,
state,AL,Anidro Saidas Distrib,flow,Feb (1),14542,8888,13436,15223,21238,16812,9753.0,11547,
state,AL,Anidro Saidas Distrib,flow,Feb (2),8204,7983,8668,8838,10721,15207,11894.0,8778,
state,AL,Anidro Saidas Distrib,flow,Mar (1),7376,8563,8011,12189,20813,11496,4998.0,9852,
state,AL,Anidro Saidas Distrib,flow,Mar (2),20023,38490,52366,31726,118575,53871,30830.0,22793,
state,AL,Anidro Saidas M.Ext,flow,Apr (1),0,0,0,0,0,0,0.0,0,0.0
state,AL,Anidro Saidas M.Ext,flow,Apr (2),0,0,0,0,0,0,0.0,0,0.0
state,AL,Anidro Saidas M.Ext,flow,May (1),0,0,0,0,0,0,0.0,0,0.0
state,AL,Anidro Saidas M.Ext,flow,May (2),0,0,0,0,0,0,0.0,0,0.0
state,AL,Anidro Saidas M.Ext,flow,Jun (1),0,0,0,0,0,0,0.0,0,0.0
state,AL,Anidro Saidas M.Ext,flow,Jun (2),0,0,0,0,0,0,0.0,0,0.0
state,AL,Anidro Saidas M.Ext,flow,Jul (1),0,0,0,0,0,0,0.0,0,0.0
state,AL,Anidro Saidas M.Ext,flow,Jul (2),0,0,0,0,0,0,0.0,0,0.0
state,AL,Anidro Saidas M.Ext,flow,Aug (1),0,0,0,0,0,0,0.0,0,
state,AL,Anidro Saidas M.Ext,flow,Aug (2),0,0,0,0,0,0,0.0,0,
state,AL,Anidro Saidas M.Ext,flow,Sep (1),0,0,0,0,100,0,0.0,0,
state,AL,Anidro Saidas M.Ext,flow,Sep (2),0,0,0,0,0,0,0.0,0,
state,AL,Anidro Saidas M.Ext,flow,Oct (1),0,0,0,6,0,0,0.0,0,
state,AL,Anidro Saidas M.Ext,flow,Oct (2),0,0,0,0,0,0,0.0,0,
state,AL,Anidro Saidas M.Ext,flow,Nov (1),0,0,0,0,0,0,0.0,0,
state,AL,Anidro Saidas M.Ext,flow,Nov (2),0,0,0,0,0,0,0.0,0,
state,AL,Anidro Saidas M.Ext,flow,Dec (1),0,0,0,0,0,0,0.0,0,
state,AL,Anidro Saidas M.Ext,flow,Dec (2),0,0,0,0,0,0,0.0,0,
state,AL,Anidro Saidas M.Ext,flow,Jan (1),0,0,0,0,0,0,0.0,0,
state,AL,Anidro Saidas M.Ext,flow,Jan (2),0,0,0,0,0,11,9.0,0,
state,AL,Anidro Saidas M.Ext,flow,Feb (1),0,0,0,0,0,-2,15.0,0,
state,AL,Anidro Saidas M.Ext,flow,Feb (2),0,0,0,0,0,-9,0.0,0,
state,AL,Anidro Saidas M.Ext,flow,Mar (1),0,0,0,0,0,0,0.0,0,
state,AL,Anidro Saidas M.Ext,flow,Mar (2),0,0,0,0,2,0,0.0,0,
state,AL,Anidro Saidas Outras,flow,Apr (1),0,0,0,0,0,0,0.0,0,0.0
state,AL,Anidro Saidas Outras,flow,Apr (2),0,0,0,0,0,0,0.0,0,0.0
state,AL,Anidro Saidas Outras,flow,May (1),0,0,0,0,0,0,0.0,0,0.0
state,AL,Anidro Saidas Outras,flow,May (2),0,0,0,0,0,0,0.0,0,0.0
state,AL,Anidro Saidas Outras,flow,Jun (1),0,0,0,0,0,0,0.0,0,0.0
state,AL,Anidro Saidas Outras,flow,Jun (2),0,0,0,0,0,0,0.0,0,0.0
state,AL,Anidro Saidas Outras,flow,Jul (1),0,0,0,0,0,0,0.0,0,0.0
state,AL,Anidro Saidas Outras,flow,Jul (2),0,0,0,0,0,0,0.0,0,0.0
state,AL,Anidro Saidas Outras,flow,Aug (1),0,19,0,0,0,0,0.0,0,
state,AL,Anidro Saidas Outras,flow,Aug (2),3,6,0,0,0,0,0.0,0,
state,AL,Anidro Saidas Outras,flow,Sep (1),49,21,47,237,168,4,7.0,5,
state,AL,Anidro Saidas Outras,flow,Sep (2),262,170,64,132,10,83,24.0,23,
state,AL,Anidro Saidas Outras,flow,Oct (1),242,305,38,204,46,102,66.0,48,
state,AL,Anidro Saidas Outras,flow,Oct (2),342,393,92,102,1834,231,59.0,141,
state,AL,Anidro Saidas Outras,flow,Nov (1),258,99,87,68,247,88,190.0,92,
state,AL,Anidro Saidas Outras,flow,Nov (2),174,218,127,76,223,230,97.0,156,
state,AL,Anidro Saidas Outras,flow,Dec (1),388,287,209,264,99,113,244.0,182,
state,AL,Anidro Saidas Outras,flow,Dec (2),278,244,109,224,201,211,131.0,217,
state,AL,Anidro Saidas Outras,flow,Jan (1),64,169,46,211,96,421,291.0,189,
state,AL,Anidro Saidas Outras,flow,Jan (2),175,386,39,642,252,323,1178.0,112,
state,AL,Anidro Saidas Outras,flow,Feb (1),203,1090,253,685,274,1391,471.0,364,
state,AL,Anidro Saidas Outras,flow,Feb (2),73,217,59,134,171,278,208.0,229,
state,AL,Anidro Saidas Outras,flow,Mar (1),602,1037,260,908,156,818,430.0,237,
state,AL,Anidro Saidas Outras,flow,Mar (2),3380,14853,18997,9860,7197,7408,1844.0,3901,
state,AL,Cana,flow,Apr (1),0,0,0,0,0,0,0.0,0,0.0
state,AL,Cana,flow,Apr (2),0,0,0,0,0,0,0.0,0,0.0
state,AL,Cana,flow,May (1),0,0,0,0,0,0,0.0,0,0.0
state,AL,Cana,flow,May (2),0,0,0,0,0,0,0.0,0,0.0
state,AL,Cana,flow,Jun (1),0,0,0,0,0,0,0.0,0,0.0
state,AL,Cana,flow,Jun (2),0,0,0,0,0,0,0.0,0,0.0
state,AL,Cana,flow,Jul (1),0,0,0,0,0,0,0.0,0,0.0
state,AL,Cana,flow,Jul (2),0,0,0,0,0,0,0.0,0,0.0
state,AL,Cana,flow,Aug (1),18220,58683,0,0,0,0,0.0,0,
state,AL,Cana,flow,Aug (2),170978,235189,0,0,0,0,0.0,0,
state,AL,Cana,flow,Sep (1),494555,579026,371277,727387,311747,452326,848382.0,230499,
state,AL,Cana,flow,Sep (2),1132979,1347667,1040750,1256233,1316740,1183038,1547891.0,982097,
state,AL,Cana,flow,Oct (1),1312471,1549451,1348439,1607233,1537177,1515440,1641310.0,1434832,
state,AL,Cana,flow,Oct (2),1633078,1696201,1511588,1664430,1577351,1846824,1793911.0,1958830,
state,AL,Cana,flow,Nov (1),1523905,1561649,1353463,1626573,1061378,1747203,1643852.0,1648938,
state,AL,Cana,flow,Nov (2),1526431,1564550,1435791,1689186,1467845,1678445,1614018.0,1652647,
state,AL,Cana,flow,Dec (1),1479376,1403193,1768036,1569756,1329047,1675040,1598810.0,1652061,
state,AL,Cana,flow,Dec (2),1412251,1688972,1723473,1372285,1575320,1618430,1642466.0,1701408,
state,AL,Cana,flow,Jan (1),1203098,1321348,1417734,1350499,1460693,1433746,1321819.0,1502673,
state,AL,Cana,flow,Jan (2),1236231,1379995,1293270,1645791,1559164,1698971,1593044.0,1569157,
state,AL,Cana,flow,Feb (1),1050905,986527,1300228,1370134,1559948,1424789,1090473.0,1198686,
state,AL,Cana,flow,Feb (2),837669,556973,1030224,1107835,1239060,1188432,797612.0,1033232,
state,AL,Cana,flow,Mar (1),659969,441344,824209,907793,1438174,1080147,247120.0,795136,
state,AL,Cana,flow,Mar (2),809114,732640,654398,401376,4767577,762979,223459.0,435292,
state,AL,Etanol Total,flow,Apr (1),0,0,0,0,0,0,0.0,0,0.0
state,AL,Etanol Total,flow,Apr (2),0,0,0,0,0,0,0.0,0,0.0
state,AL,Etanol Total,flow,May (1),0,0,0,0,0,0,0.0,0,0.0
state,AL,Etanol Total,flow,May (2),0,0,0,0,0,0,0.0,0,0.0
state,AL,Etanol Total,flow,Jun (1),0,0,0,0,0,0,0.0,0,0.0
state,AL,Etanol Total,flow,Jun (2),0,0,0,0,0,0,0.0,0,0.0
state,AL,Etanol Total,flow,Jul (1),0,0,0,0,0,0,0.0,0,0.0
state,AL,Etanol Total,flow,Jul (2),0,0,0,0,0,0,0.0,0,0.0
state,AL,Etanol Total,flow,Aug (1),248,1074,0,0,0,0,0.0,0,
state,AL,Etanol Total,flow,Aug (2),4429,6060,0,0,0,0,0.0,0,
state,AL,Etanol Total,flow,Sep (1),10285,12757,8521,11996,5118,7148,14790.0,7498,
state,AL,Etanol Total,flow,Sep (2),29134,32690,21185,24659,24521,21521,34134.0,18871,
state,AL,Etanol Total,flow,Oct (1),43427,44314,32966,36190,33027,33460,36967.0,31380,
state,AL,Etanol Total,flow,Oct (2),50233,47860,38734,37135,34808,38868,40548.0,45673,
state,AL,Etanol Total,flow,Nov (1),46706,46882,35864,40875,26107,47552,38863.0,41889,
state,AL,Etanol Total,flow,Nov (2),48089,49076,37445,43547,31215,47013,38945.0,42330,
state,AL,Etanol Total,flow,Dec (1),45698,47819,46450,41926,31806,51623,39894.0,44345,
state,AL,Etanol Total,flow,Dec (2),44640,47536,38156,36578,34672,21324,40906.0,50669,
state,AL,Etanol Total,flow,Jan (1),37916,41423,35436,33443,32278,35708,32094.0,45109,
state,AL,Etanol Total,flow,Jan (2),36953,43979,32423,39683,33427,44742,39667.0,48106,
state,AL,Etanol Total,flow,Feb (1),31752,34826,30825,30955,37801,35297,27841.0,39528,
state,AL,Etanol Total,flow,Feb (2),24437,19205,27475,26175,26860,26355,49496.0,31514,
state,AL,Etanol Total,flow,Mar (1),20524,13060,22059,25459,32937,30272,7219.0,27080,
state,AL,Etanol Total,flow,Mar (2),26213,26025,18560,20542,148753,30188,-24928.0,30782,
state,AL,Hidratado Entradas,flow,Apr (1),0,0,755,0,0,0,0.0,0,0.0
state,AL,Hidratado Entradas,flow,Apr (2),0,0,0,0,0,0,0.0,0,0.0
state,AL,Hidratado Entradas,flow,May (1),0,0,0,0,0,0,0.0,0,0.0
state,AL,Hidratado Entradas,flow,May (2),0,598,0,0,0,0,0.0,0,0.0
state,AL,Hidratado Entradas,flow,Jun (1),0,-598,0,0,0,0,0.0,0,0.0
state,AL,Hidratado Entradas,flow,Jun (2),0,0,0,0,0,0,0.0,0,0.0
state,AL,Hidratado Entradas,flow,Jul (1),0,0,0,0,0,0,0.0,0,0.0
state,AL,Hidratado Entradas,flow,Jul (2),49,0,0,0,0,0,0.0,0,0.0
state,AL,Hidratado Entradas,flow,Aug (1),0,13,0,0,0,0,0.0,0,
state,AL,Hidratado Entradas,flow,Aug (2),0,248,0,1202,170,81,848.0,419,
state,AL,Hidratado Entradas,flow,Sep (1),404,341,4,649,1775,2065,489.0,270,
state,AL,Hidratado Entradas,flow,Sep (2),135,4,0,4,6,19,5.0,19,
state,AL,Hidratado Entradas,flow,Oct (1),52,8,4,4,5,4,0.0,0,
state,AL,Hidratado Entradas,flow,Oct (2),4,63,40,5,27,3,1014.0,5,
state,AL,Hidratado Entradas,flow,Nov (1),5,65,48,5,65,63,23.0,17,
state,AL,Hidratado Entradas,flow,Nov (2),179,4,4,4,49,63,63.0,61,
state,AL,Hidratado Entradas,flow,Dec (1),5,5,27,32,3,59,83.0,12,
state,AL,Hidratado Entradas,flow,Dec (2),192,104,57,50,78,-169,49.0,0,
state,AL,Hidratado Entradas,flow,Jan (1),128,5,25,64,7,230,65.0,7,
state,AL,Hidratado Entradas,flow,Jan (2),19,5,205,5,5,66,61.0,0,
state,AL,Hidratado Entradas,flow,Feb (1),1,0,29,17,28,1236,305.0,138,
state,AL,Hidratado Entradas,flow,Feb (2),5,33,4,0,0,0,100.0,0,
state,AL,Hidratado Entradas,flow,Mar (1),578,0,4,34,5,763,291.0,8,
state,AL,Hidratado Entradas,flow,Mar (2),4078,9840,8569,8476,6131,6906,1449.0,5117,
state,AL,Hidratado Estoque E.Disp,stock,Apr (1),0,0,0,0,0,0,0.0,0,0.0
state,AL,Hidratado Estoque E.Disp,stock,Apr (2),0,0,0,0,0,0,0.0,0,0.0
state,AL,Hidratado Estoque E.Disp,stock,May (1),0,0,0,0,0,0,0.0,0,0.0
state,AL,Hidratado Estoque E.Disp,stock,May (2),0,0,0,0,0,0,0.0,0,0.0
state,AL,Hidratado Estoque E.Disp,stock,Jun (1),0,0,0,0,0,0,0.0,0,0.0
state,AL,Hidratado Estoque E.Disp,stock,Jun (2),0,0,0,0,0,0,0.0,0,0.0
state,AL,Hidratado Estoque E.Disp,stock,Jul (1),0,0,0,0,0,0,0.0,0,0.0
state,AL,Hidratado Estoque E.Disp,stock,Jul (2),0,0,0,0,0,0,0.0,0,0.0
state,AL,Hidratado Estoque E.Disp,stock,Aug (1),277,0,0,0,0,0,0.0,0,
state,AL,Hidratado Estoque E.Disp,stock,Aug (2),0,54,0,0,0,0,0.0,0,
state,AL,Hidratado Estoque E.Disp,stock,Sep (1),2585,2673,2803,3906,2139,1901,6507.0,1375,
state,AL,Hidratado Estoque E.Disp,stock,Sep (2),13086,8486,10606,10465,10969,4350,21453.0,7542,
state,AL,Hidratado Estoque E.Disp,stock,Oct (1),19272,13118,21108,16374,13599,12905,29691.0,12363,
state,AL,Hidratado Estoque E.Disp,stock,Oct (2),27006,18170,29697,21431,14546,15495,36050.0,18529,
state,AL,Hidratado Estoque E.Disp,stock,Nov (1),24621,17372,35739,25493,14120,22290,37773.0,20715,
state,AL,Hidratado Estoque E.Disp,stock,Nov (2),18469,18597,27843,27238,12936,28018,34758.0,20095,
state,AL,Hidratado Estoque E.Disp,stock,Dec (1),21766,19933,20582,24981,11437,23445,32550.0,17045,
state,AL,Hidratado Estoque E.Disp,stock,Dec (2),26192,17215,20094,23024,10742,23325,29904.0,16700,
state,AL,Hidratado Estoque E.Disp,stock,Jan (1),22351,19434,15636,22790,11988,16897,20532.0,16143,
state,AL,Hidratado Estoque E.Disp,stock,Jan (2),20299,20366,18395,25238,14988,13606,24020.0,20333,
state,AL,Hidratado Estoque E.Disp,stock,Feb (1),15112,19855,17410,21236,21374,17846,29361.0,28452,
state,AL,Hidratado Estoque E.Disp,stock,Feb (2),13642,19377,17052,27234,24681,18330,35300.0,34815,
state,AL,Hidratado Estoque E.Disp,stock,Mar (1),13941,13864,19679,33847,24157,16811,28500.0,39992,
state,AL,Hidratado Estoque E.Disp,stock,Mar (2),379,604,1289,1775,2819,1718,1184.0,3158,
state,AL,Hidratado Estoque E.Fisico,stock,Apr (1),0,0,755,0,0,0,0.0,0,0.0
state,AL,Hidratado Estoque E.Fisico,stock,Apr (2),0,0,755,0,0,0,0.0,0,0.0
state,AL,Hidratado Estoque E.Fisico,stock,May (1),0,0,755,0,0,0,0.0,0,0.0
state,AL,Hidratado Estoque E.Fisico,stock,May (2),0,598,755,0,0,0,0.0,0,0.0
state,AL,Hidratado Estoque E.Fisico,stock,Jun (1),0,0,755,0,0,0,0.0,0,0.0
state,AL,Hidratado Estoque E.Fisico,stock,Jun (2),0,0,755,0,0,0,0.0,0,0.0
state,AL,Hidratado Estoque E.Fisico,stock,Jul (1),0,0,755,0,0,0,0.0,0,0.0
state,AL,Hidratado Estoque E.Fisico,stock,Jul (2),49,0,755,0,0,0,0.0,0,0.0
state,AL,Hidratado Estoque E.Fisico,stock,Aug (1),297,310,755,0,0,0,0.0,0,
state,AL,Hidratado Estoque E.Fisico,stock,Aug (2),1589,1979,755,1202,170,81,848.0,419,
state,AL,Hidratado Estoque E.Fisico,stock,Sep (1),3677,7182,5459,7236,4600,3751,9108.0,1775,
state,AL,Hidratado Estoque E.Fisico,stock,Sep (2),15311,14998,15916,11806,13838,7997,27072.0,8773,
state,AL,Hidratado Estoque E.Fisico,stock,Oct (1),25449,24423,26139,18411,18056,14719,36148.0,14653,
state,AL,Hidratado Estoque E.Fisico,stock,Oct (2),30689,25050,34812,23656,19033,17810,37394.0,20745,
state,AL,Hidratado Estoque E.Fisico,stock,Nov (1),28862,25966,37425,30681,16792,26140,37620.0,22372,
state,AL,Hidratado Estoque E.Fisico,stock,Nov (2),21847,26458,32994,29888,15562,30246,35757.0,22072,
state,AL,Hidratado Estoque E.Fisico,stock,Dec (1),25212,26663,25163,30548,13902,26310,35100.0,18386,
state,AL,Hidratado Estoque E.Fisico,stock,Dec (2),32000,26203,21650,28132,13124,27266,32093.0,17496,
state,AL,Hidratado Estoque E.Fisico,stock,Jan (1),25117,25535,17202,25417,14709,20623,22433.0,17062,
state,AL,Hidratado Estoque E.Fisico,stock,Jan (2),23412,29551,21042,27734,17024,17424,25133.0,23179,
state,AL,Hidratado Estoque E.Fisico,stock,Feb (1),18552,31173,22518,25927,23704,21466,31066.0,29775,
state,AL,Hidratado Estoque E.Fisico,stock,Feb (2),18090,28140,24494,33324,26997,20687,35960.0,35306,
state,AL,Hidratado Estoque E.Fisico,stock,Mar (1),16474,21859,25570,37096,27368,18717,30410.0,40661,
state,AL,Hidratado Estoque E.Fisico,stock,Mar (2),598,990,2371,1945,3764,1840,1228.0,3233,
state,AL,Hidratado Producao,flow,Apr (1),0,0,0,0,0,0,0.0,0,0.0
state,AL,Hidratado Producao,flow,Apr (2),0,0,0,0,0,0,0.0,0,0.0
state,AL,Hidratado Producao,flow,May (1),0,0,0,0,0,0,0.0,0,0.0
state,AL,Hidratado Producao,flow,May (2),0,0,0,0,0,0,0.0,0,0.0
state,AL,Hidratado Producao,flow,Jun (1),0,0,0,0,0,0,0.0,0,0.0
state,AL,Hidratado Producao,flow,Jun (2),0,0,0,0,0,0,0.0,0,0.0
state,AL,Hidratado Producao,flow,Jul (1),0,0,0,0,0,0,0.0,0,0.0
state,AL,Hidratado Producao,flow,Jul (2),0,0,0,0,0,0,0.0,0,0.0
state,AL,Hidratado Producao,flow,Aug (1),248,1074,0,0,0,0,0.0,0,
state,AL,Hidratado Producao,flow,Aug (2),2680,5859,0,0,0,0,0.0,0,
state,AL,Hidratado Producao,flow,Sep (1),6339,10600,7693,7710,3784,6354,11468.0,6908,
state,AL,Hidratado Producao,flow,Sep (2),21995,23869,15903,14049,15082,14092,25568.0,15850,
state,AL,Hidratado Producao,flow,Oct (1),28563,26520,21322,20925,16371,13367,20880.0,17518,
state,AL,Hidratado Producao,flow,Oct (2),33209,27996,20928,19045,15304,16599,24332.0,24296,
state,AL,Hidratado Producao,flow,Nov (1),27572,25731,15954,19770,12735,28931,21981.0,22490,
state,AL,Hidratado Producao,flow,Nov (2),29356,26881,18364,19802,12395,26973,20203.0,22857,
state,AL,Hidratado Producao,flow,Dec (1),29896,25656,23101,24241,16596,29121,24993.0,23168,
state,AL,Hidratado Producao,flow,Dec (2),31456,26991,15385,18591,13005,-346,27322.0,25093,
state,AL,Hidratado Producao,flow,Jan (1),23450,24004,18141,16131,11441,18710,18036.0,26043,
state,AL,Hidratado Producao,flow,Jan (2),18831,22384,14842,20638,13348,25508,20181.0,28883,
state,AL,Hidratado Producao,flow,Feb (1),18218,19827,15747,13203,17370,19283,15701.0,22354,
state,AL,Hidratado Producao,flow,Feb (2),15417,11040,16692,18437,9858,10712,12755.0,17557,
state,AL,Hidratado Producao,flow,Mar (1),14384,9111,16821,20843,11791,13252,4897.0,18885,
state,AL,Hidratado Producao,flow,Mar (2),15445,16256,15510,17483,81020,23215,4639.0,28983,
state,AL,Hidratado Saidas Distrib,flow,Apr (1),0,0,0,0,0,0,0.0,0,0.0
state,AL,Hidratado Saidas Distrib,flow,Apr (2),0,0,0,0,0,0,0.0,0,0.0
state,AL,Hidratado Saidas Distrib,flow,May (1),0,0,0,0,0,0,0.0,0,0.0
state,AL,Hidratado Saidas Distrib,flow,May (2),0,0,0,0,0,0,0.0,0,0.0
state,AL,Hidratado Saidas Distrib,flow,Jun (1),0,0,0,0,0,0,0.0,0,0.0
state,AL,Hidratado Saidas Distrib,flow,Jun (2),0,0,0,0,0,0,0.0,0,0.0
state,AL,Hidratado Saidas Distrib,flow,Jul (1),0,0,0,0,0,0,0.0,0,0.0
state,AL,Hidratado Saidas Distrib,flow,Jul (2),0,0,0,0,0,0,0.0,0,0.0
state,AL,Hidratado Saidas Distrib,flow,Aug (1),0,769,0,0,0,0,0.0,0,
state,AL,Hidratado Saidas Distrib,flow,Aug (2),1348,4315,0,0,0,0,0.0,0,
state,AL,Hidratado Saidas Distrib,flow,Sep (1),4510,5566,2522,1303,632,4443,3140.0,3587,
state,AL,Hidratado Saidas Distrib,flow,Sep (2),9618,15144,4150,6136,4951,8488,6802.0,10290,
state,AL,Hidratado Saidas Distrib,flow,Oct (1),16154,16406,8807,11805,11401,5821,10790.0,10999,
state,AL,Hidratado Saidas Distrib,flow,Oct (2),27219,26542,9110,11669,13561,12491,23059.0,17386,
state,AL,Hidratado Saidas Distrib,flow,Nov (1),28656,24087,10394,11783,14298,19698,20975.0,19919,
state,AL,Hidratado Saidas Distrib,flow,Nov (2),35538,25556,19714,19321,12906,21793,21346.0,21816,
state,AL,Hidratado Saidas Distrib,flow,Dec (1),25628,24744,27046,22424,16721,32340,24778.0,25730,
state,AL,Hidratado Saidas Distrib,flow,Dec (2),23756,26626,16324,20276,12700,-2173,29586.0,25242,
state,AL,Hidratado Saidas Distrib,flow,Jan (1),29571,23794,19381,18427,9011,24685,26907.0,25760,
state,AL,Hidratado Saidas Distrib,flow,Jan (2),19535,17176,10247,17540,10106,27632,16534.0,21820,
state,AL,Hidratado Saidas Distrib,flow,Feb (1),21968,17232,12783,14220,9237,15703,9202.0,15320,
state,AL,Hidratado Saidas Distrib,flow,Feb (2),15082,13530,11311,10171,5790,10892,7417.0,11603,
state,AL,Hidratado Saidas Distrib,flow,Mar (1),15901,14696,12787,16226,10609,14865,10048.0,13062,
state,AL,Hidratado Saidas Distrib,flow,Mar (2),31877,50772,46531,54606,113186,59089,43507.0,69719,
state,AL,Hidratado Saidas M.Ext,flow,Apr (1),0,0,0,0,0,0,0.0,0,0.0
state,AL,Hidratado Saidas M.Ext,flow,Apr (2),0,0,0,0,0,0,0.0,0,0.0
state,AL,Hidratado Saidas M.Ext,flow,May (1),0,0,0,0,0,0,0.0,0,0.0
state,AL,Hidratado Saidas M.Ext,flow,May (2),0,0,0,0,0,0,0.0,0,0.0
state,AL,Hidratado Saidas M.Ext,flow,Jun (1),0,0,0,0,0,0,0.0,0,0.0
state,AL,Hidratado Saidas M.Ext,flow,Jun (2),0,0,0,0,0,0,0.0,0,0.0
state,AL,Hidratado Saidas M.Ext,flow,Jul (1),0,0,0,0,0,0,0.0,0,0.0
state,AL,Hidratado Saidas M.Ext,flow,Jul (2),0,0,0,0,0,0,0.0,0,0.0
state,AL,Hidratado Saidas M.Ext,flow,Aug (1),0,0,0,0,0,0,0.0,0,
state,AL,Hidratado Saidas M.Ext,flow,Aug (2),0,0,0,0,0,0,0.0,0,
state,AL,Hidratado Saidas M.Ext,flow,Sep (1),0,64,0,264,0,0,0.0,0,
state,AL,Hidratado Saidas M.Ext,flow,Sep (2),0,0,582,2520,0,0,0.0,0,
state,AL,Hidratado Saidas M.Ext,flow,Oct (1),0,0,1603,1560,0,0,0.0,0,
state,AL,Hidratado Saidas M.Ext,flow,Oct (2),30,0,2530,1716,0,0,0.0,0,
state,AL,Hidratado Saidas M.Ext,flow,Nov (1),71,0,2197,0,0,0,0.0,0,
state,AL,Hidratado Saidas M.Ext,flow,Nov (2),0,0,2197,0,12,0,0.0,0,
state,AL,Hidratado Saidas M.Ext,flow,Dec (1),0,0,3031,0,0,0,0.0,0,
state,AL,Hidratado Saidas M.Ext,flow,Dec (2),0,0,1851,0,0,0,0.0,0,
state,AL,Hidratado Saidas M.Ext,flow,Jan (1),0,0,2445,0,0,0,0.0,0,
state,AL,Hidratado Saidas M.Ext,flow,Jan (2),0,0,70,0,0,0,0.0,0,
state,AL,Hidratado Saidas M.Ext,flow,Feb (1),0,0,505,0,0,0,29.0,0,
state,AL,Hidratado Saidas M.Ext,flow,Feb (2),0,0,2405,0,0,0,0.0,0,
state,AL,Hidratado Saidas M.Ext,flow,Mar (1),0,0,1624,0,0,0,0.0,0,
state,AL,Hidratado Saidas M.Ext,flow,Mar (2),78,66,2098,0,0,22,0.0,0,
state,AL,Hidratado Saidas Outras,flow,Apr (1),0,0,0,0,0,0,0.0,0,0.0
state,AL,Hidratado Saidas Outras,flow,Apr (2),0,0,0,0,0,0,0.0,0,0.0
state,AL,Hidratado Saidas Outras,flow,May (1),0,0,0,0,0,0,0.0,0,0.0
state,AL,Hidratado Saidas Outras,flow,May (2),0,0,0,0,0,0,0.0,0,0.0
state,AL,Hidratado Saidas Outras,flow,Jun (1),0,0,0,0,0,0,0.0,0,0.0
state,AL,Hidratado Saidas Outras,flow,Jun (2),0,0,0,0,0,0,0.0,0,0.0
state,AL,Hidratado Saidas Outras,flow,Jul (1),0,0,0,0,0,0,0.0,0,0.0
state,AL,Hidratado Saidas Outras,flow,Jul (2),0,0,0,0,0,0,0.0,0,0.0
state,AL,Hidratado Saidas Outras,flow,Aug (1),0,8,0,0,0,0,0.0,0,
state,AL,Hidratado Saidas Outras,flow,Aug (2),40,123,0,0,0,0,0.0,0,
state,AL,Hidratado Saidas Outras,flow,Sep (1),145,108,471,758,497,306,557.0,2235,
state,AL,Hidratado Saidas Outras,flow,Sep (2),878,913,714,827,899,1377,807.0,-1419,
state,AL,Hidratado Saidas Outras,flow,Oct (1),2323,697,693,959,757,828,1014.0,639,
state,AL,Hidratado Saidas Outras,flow,Oct (2),724,890,655,420,793,1020,1041.0,823,
state,AL,Hidratado Saidas Outras,flow,Nov (1),677,793,798,967,743,966,803.0,961,
state,AL,Hidratado Saidas Outras,flow,Nov (2),1012,837,888,1278,756,1137,783.0,1402,
state,AL,Hidratado Saidas Outras,flow,Dec (1),908,712,882,1189,1538,776,955.0,1136,
state,AL,Hidratado Saidas Outras,flow,Dec (2),1104,929,780,781,1161,702,792.0,741,
state,AL,Hidratado Saidas Outras,flow,Jan (1),890,883,788,483,852,898,854.0,724,
state,AL,Hidratado Saidas Outras,flow,Jan (2),1020,1197,890,786,932,1141,1008.0,946,
state,AL,Hidratado Saidas Outras,flow,Feb (1),1111,973,1012,807,1481,774,842.0,576,
state,AL,Hidratado Saidas Outras,flow,Feb (2),802,576,1004,869,775,599,544.0,423,
state,AL,Hidratado Saidas Outras,flow,Mar (1),677,696,1338,879,816,1120,690.0,476,
state,AL,Hidratado Saidas Outras,flow,Mar (2),3444,10346,10882,6504,18558,9728,7654.0,1809,
state,AM,Acucar,flow,Apr (1),0,0,0,0,0,0,0.0,0,0.0
state,AM,Acucar,flow,Apr (2),0,0,0,0,0,0,0.0,0,0.0
state,AM,Acucar,flow,May (1),0,0,0,0,0,0,0.0,0,0.0
state,AM,Acucar,flow,May (2),0,0,0,0,0,0,0.0,0,0.0
state,AM,Acucar,flow,Jun (1),0,0,0,0,0,0,0.0,0,0.0
state,AM,Acucar,flow,Jun (2),0,0,0,0,0,0,0.0,0,0.0
state,AM,Acucar,flow,Jul (1),0,0,67,0,0,0,0.0,0,0.0
state,AM,Acucar,flow,Jul (2),883,1094,883,0,0,0,0.0,0,0.0
state,AM,Acucar,flow,Aug (1),1171,317,1603,0,0,0,182.0,0,
state,AM,Acucar,flow,Aug (2),2122,1747,1316,1277,1795,3331,3514.0,2074,
state,AM,Acucar,flow,Sep (1),1094,1930,1689,1296,1546,3840,3667.0,3331,
state,AM,Acucar,flow,Sep (2),2275,1526,1114,1277,3293,2717,2909.0,3398,
state,AM,Acucar,flow,Oct (1),3149,1536,902,2390,2553,3802,3264.0,2918,
state,AM,Acucar,flow,Oct (2),1546,1056,1440,1008,2035,3158,3744.0,2573,
state,AM,Acucar,flow,Nov (1),297,1603,989,2256,829,2803,2851.0,2736,
state,AM,Acucar,flow,Nov (2),0,874,451,1680,0,760,2573.0,2630,
state,AM,Acucar,flow,Dec (1),0,640,496,1152,0,0,257.0,432,
state,AM,Acucar,flow,Dec (2),0,0,0,662,0,0,0.0,0,
state,AM,Acucar,flow,Jan (1),0,0,0,1421,0,0,0.0,0,
state,AM,Acucar,flow,Jan (2),0,0,0,235,0,0,0.0,0,
state,AM,Acucar,flow,Feb (1),0,0,0,0,0,0,0.0,0,
state,AM,Acucar,flow,Feb (2),0,0,0,0,0,0,0.0,0,
state,AM,Acucar,flow,Mar (1),0,0,0,0,0,0,0.0,0,
state,AM,Acucar,flow,Mar (2),0,0,0,0,0,0,0.0,0,
state,AM,Anidro Entradas,flow,Apr (1),0,0,0,0,0,0,0.0,0,0.0
state,AM,Anidro Entradas,flow,Apr (2),0,0,0,0,0,0,0.0,0,0.0
state,AM,Anidro Entradas,flow,May (1),0,0,0,0,0,0,0.0,0,0.0
state,AM,Anidro Entradas,flow,May (2),0,0,0,0,0,0,0.0,0,0.0
state,AM,Anidro Entradas,flow,Jun (1),0,0,0,0,0,0,0.0,0,0.0
state,AM,Anidro Entradas,flow,Jun (2),0,0,0,0,0,0,0.0,0,0.0
state,AM,Anidro Entradas,flow,Jul (1),0,0,0,0,0,0,0.0,0,0.0
state,AM,Anidro Entradas,flow,Jul (2),0,0,0,0,0,0,0.0,0,0.0
state,AM,Anidro Entradas,flow,Aug (1),0,0,0,0,0,0,0.0,0,
state,AM,Anidro Entradas,flow,Aug (2),0,0,0,0,0,0,0.0,0,
state,AM,Anidro Entradas,flow,Sep (1),0,0,0,0,0,0,0.0,0,
state,AM,Anidro Entradas,flow,Sep (2),0,0,0,0,0,0,0.0,0,
state,AM,Anidro Entradas,flow,Oct (1),0,0,0,0,0,0,0.0,0,
state,AM,Anidro Entradas,flow,Oct (2),0,0,0,0,0,0,0.0,0,
state,AM,Anidro Entradas,flow,Nov (1),0,0,0,0,0,0,0.0,0,
state,AM,Anidro Entradas,flow,Nov (2),0,0,0,0,0,0,0.0,0,
state,AM,Anidro Entradas,flow,Dec (1),0,0,0,0,0,0,0.0,0,
state,AM,Anidro Entradas,flow,Dec (2),0,0,0,0,0,0,0.0,0,
state,AM,Anidro Entradas,flow,Jan (1),0,0,0,0,0,0,0.0,0,
state,AM,Anidro Entradas,flow,Jan (2),0,0,0,0,0,0,0.0,0,
state,AM,Anidro Entradas,flow,Feb (1),0,0,0,0,0,0,0.0,0,
state,AM,Anidro Entradas,flow,Feb (2),0,0,0,0,0,0,0.0,0,
state,AM,Anidro Entradas,flow,Mar (1),0,0,0,0,0,0,0.0,0,
state,AM,Anidro Entradas,flow,Mar (2),0,0,0,0,0,0,0.0,0,
state,AM,Anidro Estoque E.Disp,stock,Apr (1),0,0,0,0,0,0,0.0,0,0.0
state,AM,Anidro Estoque E.Disp,stock,Apr (2),0,0,0,0,0,0,0.0,0,0.0
state,AM,Anidro Estoque E.Disp,stock,May (1),0,0,0,0,0,0,0.0,0,0.0
state,AM,Anidro Estoque E.Disp,stock,May (2),0,0,0,0,0,0,0.0,0,0.0
state,AM,Anidro Estoque E.Disp,stock,Jun (1),0,0,0,0,0,0,0.0,0,0.0
state,AM,Anidro Estoque E.Disp,stock,Jun (2),0,0,0,0,0,0,0.0,0,0.0
state,AM,Anidro Estoque E.Disp,stock,Jul (1),0,0,0,0,0,0,0.0,0,0.0
state,AM,Anidro Estoque E.Disp,stock,Jul (2),0,0,0,0,0,0,0.0,0,0.0
state,AM,Anidro Estoque E.Disp,stock,Aug (1),0,0,0,0,0,0,0.0,0,
state,AM,Anidro Estoque E.Disp,stock,Aug (2),0,0,0,0,0,0,0.0,0,
state,AM,Anidro Estoque E.Disp,stock,Sep (1),0,0,0,0,0,0,0.0,0,
state,AM,Anidro Estoque E.Disp,stock,Sep (2),0,0,0,0,0,0,0.0,0,
state,AM,Anidro Estoque E.Disp,stock,Oct (1),0,0,0,0,0,0,0.0,0,
state,AM,Anidro Estoque E.Disp,stock,Oct (2),0,0,0,0,0,0,0.0,0,
state,AM,Anidro Estoque E.Disp,stock,Nov (1),0,0,0,0,0,0,0.0,0,
state,AM,Anidro Estoque E.Disp,stock,Nov (2),0,0,0,0,0,0,0.0,0,
state,AM,Anidro Estoque E.Disp,stock,Dec (1),0,0,0,0,0,0,0.0,0,
state,AM,Anidro Estoque E.Disp,stock,Dec (2),0,0,0,0,0,0,0.0,0,
state,AM,Anidro Estoque E.Disp,stock,Jan (1),0,0,0,0,0,0,0.0,0,
state,AM,Anidro Estoque E.Disp,stock,Jan (2),0,0,0,0,0,0,0.0,0,
state,AM,Anidro Estoque E.Disp,stock,Feb (1),0,0,0,0,0,0,0.0,0,
state,AM,Anidro Estoque E.Disp,stock,Feb (2),0,0,0,0,0,0,0.0,0,
state,AM,Anidro Estoque E.Disp,stock,Mar (1),0,0,0,0,0,0,0.0,0,
state,AM,Anidro Estoque E.Disp,stock,Mar (2),0,0,0,0,0,0,0.0,0,
state,AM,Anidro Estoque E.Fisico,stock,Apr (1),0,0,0,0,0,0,0.0,0,0.0
state,AM,Anidro Estoque E.Fisico,stock,Apr (2),0,0,0,0,0,0,0.0,0,0.0
state,AM,Anidro Estoque E.Fisico,stock,May (1),0,0,0,0,0,0,0.0,0,0.0
state,AM,Anidro Estoque E.Fisico,stock,May (2),0,0,0,0,0,0,0.0,0,0.0
state,AM,Anidro Estoque E.Fisico,stock,Jun (1),0,0,0,0,0,0,0.0,0,0.0
state,AM,Anidro Estoque E.Fisico,stock,Jun (2),0,0,0,0,0,0,0.0,0,0.0
state,AM,Anidro Estoque E.Fisico,stock,Jul (1),0,0,0,0,0,0,0.0,0,0.0
state,AM,Anidro Estoque E.Fisico,stock,Jul (2),0,0,0,0,0,0,0.0,0,0.0
state,AM,Anidro Estoque E.Fisico,stock,Aug (1),0,0,0,0,0,0,0.0,0,
state,AM,Anidro Estoque E.Fisico,stock,Aug (2),0,0,0,0,0,0,0.0,0,
state,AM,Anidro Estoque E.Fisico,stock,Sep (1),0,0,0,0,0,0,0.0,0,
state,AM,Anidro Estoque E.Fisico,stock,Sep (2),0,0,0,0,0,0,0.0,0,
state,AM,Anidro Estoque E.Fisico,stock,Oct (1),0,0,0,0,0,0,0.0,0,
state,AM,Anidro Estoque E.Fisico,stock,Oct (2),0,0,0,0,0,0,0.0,0,
state,AM,Anidro Estoque E.Fisico,stock,Nov (1),0,0,0,0,0,0,0.0,0,
state,AM,Anidro Estoque E.Fisico,stock,Nov (2),0,0,0,0,0,0,0.0,0,
state,AM,Anidro Estoque E.Fisico,stock,Dec (1),0,0,0,0,0,0,0.0,0,
state,AM,Anidro Estoque E.Fisico,stock,Dec (2),0,0,0,0,0,0,0.0,0,
state,AM,Anidro Estoque E.Fisico,stock,Jan (1),0,0,0,0,0,0,0.0,0,
state,AM,Anidro Estoque E.Fisico,stock,Jan (2),0,0,0,0,0,0,0.0,0,
state,AM,Anidro Estoque E.Fisico,stock,Feb (1),0,0,0,0,0,0,0.0,0,
state,AM,Anidro Estoque E.Fisico,stock,Feb (2),0,0,0,0,0,0,0.0,0,
state,AM,Anidro Estoque E.Fisico,stock,Mar (1),0,0,0,0,0,0,0.0,0,
state,AM,Anidro Estoque E.Fisico,stock,Mar (2),0,0,0,0,0,0,0.0,0,
state,AM,Anidro Producao,flow,Apr (1),0,0,0,0,0,0,0.0,0,0.0
state,AM,Anidro Producao,flow,Apr (2),0,0,0,0,0,0,0.0,0,0.0
state,AM,Anidro Producao,flow,May (1),0,0,0,0,0,0,0.0,0,0.0
state,AM,Anidro Producao,flow,May (2),0,0,0,0,0,0,0.0,0,0.0
state,AM,Anidro Producao,flow,Jun (1),0,0,0,0,0,0,0.0,0,0.0
state,AM,Anidro Producao,flow,Jun (2),0,0,0,0,0,0,0.0,0,0.0
state,AM,Anidro Producao,flow,Jul (1),0,0,0,0,0,0,0.0,0,0.0
state,AM,Anidro Producao,flow,Jul (2),0,0,0,0,0,0,0.0,0,0.0
state,AM,Anidro Producao,flow,Aug (1),0,0,0,0,0,0,0.0,0,
state,AM,Anidro Producao,flow,Aug (2),0,0,0,0,0,0,0.0,0,
state,AM,Anidro Producao,flow,Sep (1),0,0,0,0,0,0,0.0,0,
state,AM,Anidro Producao,flow,Sep (2),0,0,0,0,0,0,0.0,0,
state,AM,Anidro Producao,flow,Oct (1),0,0,0,0,0,0,0.0,0,
state,AM,Anidro Producao,flow,Oct (2),0,0,0,0,0,0,0.0,0,
state,AM,Anidro Producao,flow,Nov (1),0,0,0,0,0,0,0.0,0,
state,AM,Anidro Producao,flow,Nov (2),0,0,0,0,0,0,0.0,0,
state,AM,Anidro Producao,flow,Dec (1),0,0,0,0,0,0,0.0,0,
state,AM,Anidro Producao,flow,Dec (2),0,0,0,0,0,0,0.0,0,
state,AM,Anidro Producao,flow,Jan (1),0,0,0,0,0,0,0.0,0,
state,AM,Anidro Producao,flow,Jan (2),0,0,0,0,0,0,0.0,0,
state,AM,Anidro Producao,flow,Feb (1),0,0,0,0,0,0,0.0,0,
state,AM,Anidro Producao,flow,Feb (2),0,0,0,0,0,0,0.0,0,
state,AM,Anidro Producao,flow,Mar (1),0,0,0,0,0,0,0.0,0,
state,AM,Anidro Producao,flow,Mar (2),0,0,0,0,0,0,0.0,0,
state,AM,Anidro Saidas Distrib,flow,Apr (1),0,0,0,0,0,0,0.0,0,0.0
state,AM,Anidro Saidas Distrib,flow,Apr (2),0,0,0,0,0,0,0.0,0,0.0
state,AM,Anidro Saidas Distrib,flow,May (1),0,0,0,0,0,0,0.0,0,0.0
state,AM,Anidro Saidas Distrib,flow,May (2),0,0,0,0,0,0,0.0,0,0.0
state,AM,Anidro Saidas Distrib,flow,Jun (1),0,0,0,0,0,0,0.0,0,0.0
state,AM,Anidro Saidas Distrib,flow,Jun (2),0,0,0,0,0,0,0.0,0,0.0
state,AM,Anidro Saidas Distrib,flow,Jul (1),0,0,0,0,0,0,0.0,0,0.0
state,AM,Anidro Saidas Distrib,flow,Jul (2),0,0,0,0,0,0,0.0,0,0.0
state,AM,Anidro Saidas Distrib,flow,Aug (1),0,0,0,0,0,0,0.0,0,
state,AM,Anidro Saidas Distrib,flow,Aug (2),0,0,0,0,0,0,0.0,0,
state,AM,Anidro Saidas Distrib,flow,Sep (1),0,0,0,0,0,0,0.0,0,
state,AM,Anidro Saidas Distrib,flow,Sep (2),0,0,0,0,0,0,0.0,0,
state,AM,Anidro Saidas Distrib,flow,Oct (1),0,0,0,0,0,0,0.0,0,
state,AM,Anidro Saidas Distrib,flow,Oct (2),0,0,0,0,0,0,0.0,0,
state,AM,Anidro Saidas Distrib,flow,Nov (1),0,0,0,0,0,0,0.0,0,
state,AM,Anidro Saidas Distrib,flow,Nov (2),0,0,0,0,0,0,0.0,0,
state,AM,Anidro Saidas Distrib,flow,Dec (1),0,0,0,0,0,0,0.0,0,
state,AM,Anidro Saidas Distrib,flow,Dec (2),0,0,0,0,0,0,0.0,0,
state,AM,Anidro Saidas Distrib,flow,Jan (1),0,0,0,0,0,0,0.0,0,
state,AM,Anidro Saidas Distrib,flow,Jan (2),0,0,0,0,0,0,0.0,0,
state,AM,Anidro Saidas Distrib,flow,Feb (1),0,0,0,0,0,0,0.0,0,
state,AM,Anidro Saidas Distrib,flow,Feb (2),0,0,0,0,0,0,0.0,0,
state,AM,Anidro Saidas Distrib,flow,Mar (1),0,0,0,0,0,0,0.0,0,
state,AM,Anidro Saidas Distrib,flow,Mar (2),0,0,0,0,0,0,0.0,0,
state,AM,Anidro Saidas M.Ext,flow,Apr (1),0,0,0,0,0,0,0.0,0,0.0
state,AM,Anidro Saidas M.Ext,flow,Apr (2),0,0,0,0,0,0,0.0,0,0.0
state,AM,Anidro Saidas M.Ext,flow,May (1),0,0,0,0,0,0,0.0,0,0.0
state,AM,Anidro Saidas M.Ext,flow,May (2),0,0,0,0,0,0,0.0,0,0.0
state,AM,Anidro Saidas M.Ext,flow,Jun (1),0,0,0,0,0,0,0.0,0,0.0
state,AM,Anidro Saidas M.Ext,flow,Jun (2),0,0,0,0,0,0,0.0,0,0.0
state,AM,Anidro Saidas M.Ext,flow,Jul (1),0,0,0,0,0,0,0.0,0,0.0
state,AM,Anidro Saidas M.Ext,flow,Jul (2),0,0,0,0,0,0,0.0,0,0.0
state,AM,Anidro Saidas M.Ext,flow,Aug (1),0,0,0,0,0,0,0.0,0,
state,AM,Anidro Saidas M.Ext,flow,Aug (2),0,0,0,0,0,0,0.0,0,
state,AM,Anidro Saidas M.Ext,flow,Sep (1),0,0,0,0,0,0,0.0,0,
state,AM,Anidro Saidas M.Ext,flow,Sep (2),0,0,0,0,0,0,0.0,0,
state,AM,Anidro Saidas M.Ext,flow,Oct (1),0,0,0,0,0,0,0.0,0,
state,AM,Anidro Saidas M.Ext,flow,Oct (2),0,0,0,0,0,0,0.0,0,
state,AM,Anidro Saidas M.Ext,flow,Nov (1),0,0,0,0,0,0,0.0,0,
state,AM,Anidro Saidas M.Ext,flow,Nov (2),0,0,0,0,0,0,0.0,0,
state,AM,Anidro Saidas M.Ext,flow,Dec (1),0,0,0,0,0,0,0.0,0,
state,AM,Anidro Saidas M.Ext,flow,Dec (2),0,0,0,0,0,0,0.0,0,
state,AM,Anidro Saidas M.Ext,flow,Jan (1),0,0,0,0,0,0,0.0,0,
state,AM,Anidro Saidas M.Ext,flow,Jan (2),0,0,0,0,0,0,0.0,0,
state,AM,Anidro Saidas M.Ext,flow,Feb (1),0,0,0,0,0,0,0.0,0,
state,AM,Anidro Saidas M.Ext,flow,Feb (2),0,0,0,0,0,0,0.0,0,
state,AM,Anidro Saidas M.Ext,flow,Mar (1),0,0,0,0,0,0,0.0,0,
state,AM,Anidro Saidas M.Ext,flow,Mar (2),0,0,0,0,0,0,0.0,0,
state,AM,Anidro Saidas Outras,flow,Apr (1),0,0,0,0,0,0,0.0,0,0.0
state,AM,Anidro Saidas Outras,flow,Apr (2),0,0,0,0,0,0,0.0,0,0.0
state,AM,Anidro Saidas Outras,flow,May (1),0,0,0,0,0,0,0.0,0,0.0
state,AM,Anidro Saidas Outras,flow,May (2),0,0,0,0,0,0,0.0,0,0.0
state,AM,Anidro Saidas Outras,flow,Jun (1),0,0,0,0,0,0,0.0,0,0.0
state,AM,Anidro Saidas Outras,flow,Jun (2),0,0,0,0,0,0,0.0,0,0.0
state,AM,Anidro Saidas Outras,flow,Jul (1),0,0,0,0,0,0,0.0,0,0.0
state,AM,Anidro Saidas Outras,flow,Jul (2),0,0,0,0,0,0,0.0,0,0.0
state,AM,Anidro Saidas Outras,flow,Aug (1),0,0,0,0,0,0,0.0,0,
state,AM,Anidro Saidas Outras,flow,Aug (2),0,0,0,0,0,0,0.0,0,
state,AM,Anidro Saidas Outras,flow,Sep (1),0,0,0,0,0,0,0.0,0,
state,AM,Anidro Saidas Outras,flow,Sep (2),0,0,0,0,0,0,0.0,0,
state,AM,Anidro Saidas Outras,flow,Oct (1),0,0,0,0,0,0,0.0,0,
state,AM,Anidro Saidas Outras,flow,Oct (2),0,0,0,0,0,0,0.0,0,
state,AM,Anidro Saidas Outras,flow,Nov (1),0,0,0,0,0,0,0.0,0,
state,AM,Anidro Saidas Outras,flow,Nov (2),0,0,0,0,0,0,0.0,0,
state,AM,Anidro Saidas Outras,flow,Dec (1),0,0,0,0,0,0,0.0,0,
state,AM,Anidro Saidas Outras,flow,Dec (2),0,0,0,0,0,0,0.0,0,
state,AM,Anidro Saidas Outras,flow,Jan (1),0,0,0,0,0,0,0.0,0,
state,AM,Anidro Saidas Outras,flow,Jan (2),0,0,0,0,0,0,0.0,0,
state,AM,Anidro Saidas Outras,flow,Feb (1),0,0,0,0,0,0,0.0,0,
state,AM,Anidro Saidas Outras,flow,Feb (2),0,0,0,0,0,0,0.0,0,
state,AM,Anidro Saidas Outras,flow,Mar (1),0,0,0,0,0,0,0.0,0,
state,AM,Anidro Saidas Outras,flow,Mar (2),0,0,0,0,0,0,0.0,0,
state,AM,Cana,flow,Apr (1),0,0,0,0,0,0,0.0,0,0.0
state,AM,Cana,flow,Apr (2),0,0,0,0,0,0,0.0,0,0.0
state,AM,Cana,flow,May (1),0,0,0,0,0,0,0.0,0,0.0
state,AM,Cana,flow,May (2),0,0,0,0,0,0,0.0,0,0.0
state,AM,Cana,flow,Jun (1),0,0,0,0,0,0,0.0,0,0.0
state,AM,Cana,flow,Jun (2),0,0,0,0,0,0,0.0,0,0.0
state,AM,Cana,flow,Jul (1),0,0,5006,0,0,0,0.0,0,0.0
state,AM,Cana,flow,Jul (2),19729,31068,21055,0,0,0,0.0,0,0.0
state,AM,Cana,flow,Aug (1),22427,8888,36820,274,0,1783,5868.0,0,
state,AM,Cana,flow,Aug (2),35023,31550,35199,30639,37881,52873,52924.0,35263,
state,AM,Cana,flow,Sep (1),15455,34329,43534,27171,29299,49624,53296.0,51459,
state,AM,Cana,flow,Sep (2),36333,32704,26656,24565,51801,41155,48303.0,55675,
state,AM,Cana,flow,Oct (1),50952,29860,25330,42649,43343,54952,51088.0,49002,
state,AM,Cana,flow,Oct (2),36900,27850,42098,19557,39756,44190,57932.0,45655,
state,AM,Cana,flow,Nov (1),20056,37529,21653,44288,15576,46174,51076.0,48268,
state,AM,Cana,flow,Nov (2),0,35638,11406,30709,0,10017,41999.0,43147,
state,AM,Cana,flow,Dec (1),0,21032,12751,24334,0,0,3361.0,10037,
state,AM,Cana,flow,Dec (2),0,0,0,19259,0,0,0.0,0,
state,AM,Cana,flow,Jan (1),0,0,0,36154,0,0,0.0,0,
state,AM,Cana,flow,Jan (2),0,0,0,6710,0,0,0.0,0,
state,AM,Cana,flow,Feb (1),0,0,0,0,0,0,0.0,0,
state,AM,Cana,flow,Feb (2),0,0,0,0,0,0,0.0,0,
state,AM,Cana,flow,Mar (1),0,0,0,0,0,0,0.0,0,
state,AM,Cana,flow,Mar (2),0,0,0,0,0,0,0.0,0,
state,AM,Etanol Total,flow,Apr (1),0,0,0,0,0,0,0.0,0,0.0
state,AM,Etanol Total,flow,Apr (2),0,0,0,0,0,0,0.0,0,0.0
state,AM,Etanol Total,flow,May (1),0,0,0,0,0,0,0.0,0,0.0
state,AM,Etanol Total,flow,May (2),0,0,0,0,0,0,0.0,0,0.0
state,AM,Etanol Total,flow,Jun (1),0,0,0,0,0,0,0.0,0,0.0
state,AM,Etanol Total,flow,Jun (2),0,0,0,0,0,0,0.0,0,0.0
state,AM,Etanol Total,flow,Jul (1),0,0,0,0,0,0,0.0,0,0.0
state,AM,Etanol Total,flow,Jul (2),106,551,110,0,0,0,0.0,0,0.0
state,AM,Etanol Total,flow,Aug (1),564,284,1364,0,0,0,0.0,0,
state,AM,Etanol Total,flow,Aug (2),753,949,899,572,772,1004,936.0,570,
state,AM,Etanol Total,flow,Sep (1),212,585,1011,852,464,531,859.0,715,
state,AM,Etanol Total,flow,Sep (2),299,753,1270,786,644,934,983.0,823,
state,AM,Etanol Total,flow,Oct (1),1219,1015,1070,749,1120,1445,1087.0,1363,
state,AM,Etanol Total,flow,Oct (2),1172,920,1750,523,1007,1183,1040.0,1089,
state,AM,Etanol Total,flow,Nov (1),1143,1474,667,829,579,1140,1244.0,1262,
state,AM,Etanol Total,flow,Nov (2),0,1293,338,896,0,568,1077.0,1247,
state,AM,Etanol Total,flow,Dec (1),0,992,530,645,0,0,204.0,315,
state,AM,Etanol Total,flow,Dec (2),0,0,0,535,0,0,0.0,0,
state,AM,Etanol Total,flow,Jan (1),0,0,0,1035,0,0,0.0,0,
state,AM,Etanol Total,flow,Jan (2),0,0,0,275,0,0,0.0,0,
state,AM,Etanol Total,flow,Feb (1),0,0,0,0,0,0,0.0,0,
state,AM,Etanol Total,flow,Feb (2),0,0,0,0,0,0,0.0,0,
state,AM,Etanol Total,flow,Mar (1),0,0,0,0,0,0,0.0,0,
state,AM,Etanol Total,flow,Mar (2),0,0,0,0,0,0,0.0,0,
state,AM,Hidratado Entradas,flow,Apr (1),1566,0,1297,2590,4265,3054,0.0,0,1075.0
state,AM,Hidratado Entradas,flow,Apr (2),0,0,0,0,0,0,0.0,0,0.0
state,AM,Hidratado Entradas,flow,May (1),0,0,0,0,0,0,0.0,0,0.0
state,AM,Hidratado Entradas,flow,May (2),0,0,0,0,0,0,0.0,0,0.0
state,AM,Hidratado Entradas,flow,Jun (1),0,0,0,0,0,0,0.0,0,0.0
state,AM,Hidratado Entradas,flow,Jun (2),0,0,0,0,0,0,0.0,0,0.0
state,AM,Hidratado Entradas,flow,Jul (1),0,0,0,0,0,0,0.0,0,0.0
state,AM,Hidratado Entradas,flow,Jul (2),0,0,0,0,0,0,0.0,0,0.0
state,AM,Hidratado Entradas,flow,Aug (1),0,0,0,0,0,0,0.0,0,
state,AM,Hidratado Entradas,flow,Aug (2),0,0,0,0,0,0,0.0,0,
state,AM,Hidratado Entradas,flow,Sep (1),0,0,0,0,0,0,0.0,0,
state,AM,Hidratado Entradas,flow,Sep (2),0,0,0,0,0,0,0.0,0,
state,AM,Hidratado Entradas,flow,Oct (1),0,0,0,0,0,0,0.0,0,
state,AM,Hidratado Entradas,flow,Oct (2),0,0,0,0,0,0,0.0,0,
state,AM,Hidratado Entradas,flow,Nov (1),0,0,0,0,0,0,0.0,0,
state,AM,Hidratado Entradas,flow,Nov (2),0,0,0,0,0,0,0.0,0,
state,AM,Hidratado Entradas,flow,Dec (1),0,0,0,0,0,0,0.0,0,
state,AM,Hidratado Entradas,flow,Dec (2),0,0,0,0,0,0,0.0,0,
state,AM,Hidratado Entradas,flow,Jan (1),0,0,0,0,0,0,0.0,0,
state,AM,Hidratado Entradas,flow,Jan (2),0,0,0,0,0,0,0.0,0,
state,AM,Hidratado Entradas,flow,Feb (1),0,0,0,0,0,0,0.0,0,
state,AM,Hidratado Entradas,flow,Feb (2),0,0,0,0,0,0,0.0,0,
state,AM,Hidratado Entradas,flow,Mar (1),0,0,0,0,0,0,0.0,0,
state,AM,Hidratado Entradas,flow,Mar (2),0,0,0,0,0,0,0.0,0,
state,AM,Hidratado Estoque E.Disp,stock,Apr (1),1365,0,994,2131,2143,2257,0.0,0,1001.0
state,AM,Hidratado Estoque E.Disp,stock,Apr (2),642,0,675,625,23,1990,0.0,0,1001.0
state,AM,Hidratado Estoque E.Disp,stock,May (1),358,0,556,555,23,1990,0.0,0,1001.0
state,AM,Hidratado Estoque E.Disp,stock,May (2),358,0,188,495,0,1980,0.0,0,977.0
state,AM,Hidratado Estoque E.Disp,stock,Jun (1),195,0,188,436,0,1980,0.0,0,205.0
state,AM,Hidratado Estoque E.Disp,stock,Jun (2),0,0,0,371,0,1980,0.0,0,0.0
state,AM,Hidratado Estoque E.Disp,stock,Jul (1),0,0,0,0,0,1980,0.0,0,0.0
state,AM,Hidratado Estoque E.Disp,stock,Jul (2),106,551,110,0,0,1970,0.0,0,0.0
state,AM,Hidratado Estoque E.Disp,stock,Aug (1),414,835,1414,0,0,1960,0.0,0,
state,AM,Hidratado Estoque E.Disp,stock,Aug (2),1073,1776,1691,542,742,2157,449.0,570,
state,AM,Hidratado Estoque E.Disp,stock,Sep (1),1285,2361,1809,1245,1196,2668,306.0,1285,
state,AM,Hidratado Estoque E.Disp,stock,Sep (2),1580,3114,1462,1743,1810,2759,65.0,2084,
state,AM,Hidratado Estoque E.Disp,stock,Oct (1),2471,4002,2144,2462,2930,3445,193.0,3447,
state,AM,Hidratado Estoque E.Disp,stock,Oct (2),2268,3755,3835,2905,3906,4054,473.0,4516,
state,AM,Hidratado Estoque E.Disp,stock,Nov (1),1451,3950,4502,3399,4485,3661,917.0,5181,
state,AM,Hidratado Estoque E.Disp,stock,Nov (2),343,4275,4741,4206,3935,3205,1147.0,6014,
state,AM,Hidratado Estoque E.Disp,stock,Dec (1),0,4004,4856,4821,3925,2250,550.0,6250,
state,AM,Hidratado Estoque E.Disp,stock,Dec (2),0,4004,4826,5143,3925,1588,157.0,6200,
state,AM,Hidratado Estoque E.Disp,stock,Jan (1),0,4004,4759,6109,3895,1075,88.0,6176,
state,AM,Hidratado Estoque E.Disp,stock,Jan (2),0,3514,4548,6353,3895,551,0.0,4180,
state,AM,Hidratado Estoque E.Disp,stock,Feb (1),0,2688,4459,6353,3895,23,0.0,2411,
state,AM,Hidratado Estoque E.Disp,stock,Feb (2),0,2259,3842,6293,3803,0,0.0,1430,
state,AM,Hidratado Estoque E.Disp,stock,Mar (1),0,1834,2680,6253,3114,0,0.0,1333,
state,AM,Hidratado Estoque E.Disp,stock,Mar (2),0,1297,2590,4265,3054,0,0.0,1075,
state,AM,Hidratado Estoque E.Fisico,stock,Apr (1),1365,0,994,2131,2143,2257,0.0,0,1001.0
state,AM,Hidratado Estoque E.Fisico,stock,Apr (2),642,0,675,625,23,1990,0.0,0,1001.0
state,AM,Hidratado Estoque E.Fisico,stock,May (1),358,0,556,555,23,1990,0.0,0,1001.0
state,AM,Hidratado Estoque E.Fisico,stock,May (2),358,0,188,495,0,1980,0.0,0,977.0
state,AM,Hidratado Estoque E.Fisico,stock,Jun (1),195,0,188,436,0,1980,0.0,0,205.0
state,AM,Hidratado Estoque E.Fisico,stock,Jun (2),0,0,0,371,0,1980,0.0,0,0.0
state,AM,Hidratado Estoque E.Fisico,stock,Jul (1),0,0,0,0,0,1980,0.0,0,0.0
state,AM,Hidratado Estoque E.Fisico,stock,Jul (2),106,551,110,0,0,1970,0.0,0,0.0
state,AM,Hidratado Estoque E.Fisico,stock,Aug (1),414,835,1414,0,0,1960,0.0,0,
state,AM,Hidratado Estoque E.Fisico,stock,Aug (2),1073,1776,1691,542,742,2157,449.0,570,
state,AM,Hidratado Estoque E.Fisico,stock,Sep (1),1285,2361,1809,1245,1196,2668,306.0,1285,
state,AM,Hidratado Estoque E.Fisico,stock,Sep (2),1580,3114,1462,1743,1810,2759,65.0,2084,
state,AM,Hidratado Estoque E.Fisico,stock,Oct (1),2471,4002,2144,2462,2930,3445,193.0,3447,
state,AM,Hidratado Estoque E.Fisico,stock,Oct (2),2268,3755,3835,2905,3906,4054,473.0,4516,
state,AM,Hidratado Estoque E.Fisico,stock,Nov (1),1451,3950,4502,3399,4485,3661,917.0,5181,
state,AM,Hidratado Estoque E.Fisico,stock,Nov (2),343,4275,4741,4206,3935,3205,1147.0,6014,
state,AM,Hidratado Estoque E.Fisico,stock,Dec (1),0,4004,4856,4821,3925,2250,550.0,6250,
state,AM,Hidratado Estoque E.Fisico,stock,Dec (2),0,4004,4826,5143,3925,1588,157.0,6200,
state,AM,Hidratado Estoque E.Fisico,stock,Jan (1),0,4004,4759,6109,3895,1075,88.0,6176,
state,AM,Hidratado Estoque E.Fisico,stock,Jan (2),0,3514,4548,6353,3895,551,0.0,4180,
state,AM,Hidratado Estoque E.Fisico,stock,Feb (1),0,2688,4459,6353,3895,23,0.0,2411,
state,AM,Hidratado Estoque E.Fisico,stock,Feb (2),0,2259,3842,6293,3803,0,0.0,1430,
state,AM,Hidratado Estoque E.Fisico,stock,Mar (1),0,1834,2680,6253,3114,0,0.0,1333,
state,AM,Hidratado Estoque E.Fisico,stock,Mar (2),0,1297,2590,4265,3054,0,0.0,1075,
state,AM,Hidratado Producao,flow,Apr (1),0,0,0,0,0,0,0.0,0,0.0
state,AM,Hidratado Producao,flow,Apr (2),0,0,0,0,0,0,0.0,0,0.0
state,AM,Hidratado Producao,flow,May (1),0,0,0,0,0,0,0.0,0,0.0
state,AM,Hidratado Producao,flow,May (2),0,0,0,0,0,0,0.0,0,0.0
state,AM,Hidratado Producao,flow,Jun (1),0,0,0,0,0,0,0.0,0,0.0
state,AM,Hidratado Producao,flow,Jun (2),0,0,0,0,0,0,0.0,0,0.0
state,AM,Hidratado Producao,flow,Jul (1),0,0,0,0,0,0,0.0,0,0.0
state,AM,Hidratado Producao,flow,Jul (2),106,551,110,0,0,0,0.0,0,0.0
state,AM,Hidratado Producao,flow,Aug (1),564,284,1364,0,0,0,0.0,0,
state,AM,Hidratado Producao,flow,Aug (2),753,949,899,572,772,1004,936.0,570,
state,AM,Hidratado Producao,flow,Sep (1),212,585,1011,852,464,531,859.0,715,
state,AM,Hidratado Producao,flow,Sep (2),299,753,1270,786,644,934,983.0,823,
state,AM,Hidratado Producao,flow,Oct (1),1219,1015,1070,749,1120,1445,1087.0,1363,
state,AM,Hidratado Producao,flow,Oct (2),1172,920,1750,523,1007,1183,1040.0,1089,
state,AM,Hidratado Producao,flow,Nov (1),1143,1474,667,829,579,1140,1244.0,1262,
state,AM,Hidratado Producao,flow,Nov (2),0,1293,338,896,0,568,1077.0,1247,
state,AM,Hidratado Producao,flow,Dec (1),0,992,530,645,0,0,204.0,315,
state,AM,Hidratado Producao,flow,Dec (2),0,0,0,535,0,0,0.0,0,
state,AM,Hidratado Producao,flow,Jan (1),0,0,0,1035,0,0,0.0,0,
state,AM,Hidratado Producao,flow,Jan (2),0,0,0,275,0,0,0.0,0,
state,AM,Hidratado Producao,flow,Feb (1),0,0,0,0,0,0,0.0,0,
state,AM,Hidratado Producao,flow,Feb (2),0,0,0,0,0,0,0.0,0,
state,AM,Hidratado Producao,flow,Mar (1),0,0,0,0,0,0,0.0,0,
state,AM,Hidratado Producao,flow,Mar (2),0,0,0,0,0,0,0.0,0,
state,AM,Hidratado Saidas Distrib,flow,Apr (1),201,0,288,459,2122,797,0.0,0,74.0
state,AM,Hidratado Saidas Distrib,flow,Apr (2),723,0,318,1506,2120,188,0.0,0,0.0
state,AM,Hidratado Saidas Distrib,flow,May (1),284,0,119,60,0,0,0.0,0,0.0
state,AM,Hidratado Saidas Distrib,flow,May (2),0,0,368,60,0,0,0.0,0,0.0
state,AM,Hidratado Saidas Distrib,flow,Jun (1),163,0,0,59,0,0,0.0,0,772.0
state,AM,Hidratado Saidas Distrib,flow,Jun (2),195,0,188,60,0,0,0.0,0,178.0
state,AM,Hidratado Saidas Distrib,flow,Jul (1),0,0,0,360,0,0,0.0,0,0.0
state,AM,Hidratado Saidas Distrib,flow,Jul (2),0,0,0,0,0,0,0.0,0,0.0
state,AM,Hidratado Saidas Distrib,flow,Aug (1),256,0,60,0,0,10,0.0,0,
state,AM,Hidratado Saidas Distrib,flow,Aug (2),94,0,622,30,30,797,462.0,0,
state,AM,Hidratado Saidas Distrib,flow,Sep (1),0,0,893,149,0,0,1002.0,0,
state,AM,Hidratado Saidas Distrib,flow,Sep (2),0,0,1617,259,30,833,1135.0,0,
state,AM,Hidratado Saidas Distrib,flow,Oct (1),328,119,368,30,0,759,959.0,0,
state,AM,Hidratado Saidas Distrib,flow,Oct (2),1375,1157,59,60,30,564,736.0,0,
state,AM,Hidratado Saidas Distrib,flow,Nov (1),1960,1279,0,335,0,1533,780.0,597,
state,AM,Hidratado Saidas Distrib,flow,Nov (2),1108,948,89,89,540,1004,823.0,370,
state,AM,Hidratado Saidas Distrib,flow,Dec (1),342,1226,398,30,0,945,801.0,79,
state,AM,Hidratado Saidas Distrib,flow,Dec (2),0,0,30,213,0,662,393.0,50,
state,AM,Hidratado Saidas Distrib,flow,Jan (1),0,0,59,59,30,503,69.0,0,
state,AM,Hidratado Saidas Distrib,flow,Jan (2),0,490,210,31,0,514,60.0,1981,
state,AM,Hidratado Saidas Distrib,flow,Feb (1),0,826,89,0,0,503,0.0,1749,
state,AM,Hidratado Saidas Distrib,flow,Feb (2),0,429,617,60,92,0,0.0,981,
state,AM,Hidratado Saidas Distrib,flow,Mar (1),0,425,1162,30,689,0,0.0,97,
state,AM,Hidratado Saidas Distrib,flow,Mar (2),0,537,90,1988,30,0,0.0,258,
state,AM,Hidratado Saidas M.Ext,flow,Apr (1),0,0,0,0,0,0,0.0,0,0.0
state,AM,Hidratado Saidas M.Ext,flow,Apr (2),0,0,0,0,0,0,0.0,0,0.0
state,AM,Hidratado Saidas M.Ext,flow,May (1),0,0,0,0,0,0,0.0,0,0.0
state,AM,Hidratado Saidas M.Ext,flow,May (2),0,0,0,0,0,0,0.0,0,0.0
state,AM,Hidratado Saidas M.Ext,flow,Jun (1),0,0,0,0,0,0,0.0,0,0.0
state,AM,Hidratado Saidas M.Ext,flow,Jun (2),0,0,0,0,0,0,0.0,0,0.0
state,AM,Hidratado Saidas M.Ext,flow,Jul (1),0,0,0,0,0,0,0.0,0,0.0
state,AM,Hidratado Saidas M.Ext,flow,Jul (2),0,0,0,0,0,0,0.0,0,0.0
state,AM,Hidratado Saidas M.Ext,flow,Aug (1),0,0,0,0,0,0,0.0,0,
state,AM,Hidratado Saidas M.Ext,flow,Aug (2),0,0,0,0,0,0,0.0,0,
state,AM,Hidratado Saidas M.Ext,flow,Sep (1),0,0,0,0,0,0,0.0,0,
state,AM,Hidratado Saidas M.Ext,flow,Sep (2),0,0,0,0,0,0,0.0,0,
state,AM,Hidratado Saidas M.Ext,flow,Oct (1),0,0,0,0,0,0,0.0,0,
state,AM,Hidratado Saidas M.Ext,flow,Oct (2),0,0,0,0,0,0,0.0,0,
state,AM,Hidratado Saidas M.Ext,flow,Nov (1),0,0,0,0,0,0,0.0,0,
state,AM,Hidratado Saidas M.Ext,flow,Nov (2),0,0,0,0,0,0,0.0,0,
state,AM,Hidratado Saidas M.Ext,flow,Dec (1),0,0,0,0,0,0,0.0,0,
state,AM,Hidratado Saidas M.Ext,flow,Dec (2),0,0,0,0,0,0,0.0,0,
state,AM,Hidratado Saidas M.Ext,flow,Jan (1),0,0,0,0,0,0,0.0,0,
state,AM,Hidratado Saidas M.Ext,flow,Jan (2),0,0,0,0,0,0,0.0,0,
state,AM,Hidratado Saidas M.Ext,flow,Feb (1),0,0,0,0,0,0,0.0,0,
state,AM,Hidratado Saidas M.Ext,flow,Feb (2),0,0,0,0,0,0,0.0,0,
state,AM,Hidratado Saidas M.Ext,flow,Mar (1),0,0,0,0,0,0,0.0,0,
state,AM,Hidratado Saidas M.Ext,flow,Mar (2),0,0,0,0,0,0,0.0,0,
state,AM,Hidratado Saidas Outras,flow,Apr (1),0,0,15,0,0,0,0.0,0,0.0
state,AM,Hidratado Saidas Outras,flow,Apr (2),0,0,1,0,0,79,0.0,0,0.0
state,AM,Hidratado Saidas Outras,flow,May (1),0,0,0,10,0,0,0.0,0,0.0
state,AM,Hidratado Saidas Outras,flow,May (2),0,0,0,0,23,10,0.0,0,24.0
state,AM,Hidratado Saidas Outras,flow,Jun (1),0,0,0,0,0,0,0.0,0,0.0
state,AM,Hidratado Saidas Outras,flow,Jun (2),0,0,0,5,0,0,0.0,0,27.0
state,AM,Hidratado Saidas Outras,flow,Jul (1),0,0,0,11,0,0,0.0,0,0.0
state,AM,Hidratado Saidas Outras,flow,Jul (2),0,0,0,0,0,10,0.0,0,0.0
state,AM,Hidratado Saidas Outras,flow,Aug (1),0,0,0,0,0,0,0.0,0,
state,AM,Hidratado Saidas Outras,flow,Aug (2),0,8,0,0,0,10,25.0,0,
state,AM,Hidratado Saidas Outras,flow,Sep (1),0,0,0,0,10,20,0.0,0,
state,AM,Hidratado Saidas Outras,flow,Sep (2),4,0,0,29,0,10,89.0,24,
state,AM,Hidratado Saidas Outras,flow,Oct (1),0,8,20,0,0,0,0.0,0,
state,AM,Hidratado Saidas Outras,flow,Oct (2),0,10,0,20,1,10,24.0,20,
state,AM,Hidratado Saidas Outras,flow,Nov (1),0,0,0,0,0,0,20.0,0,
state,AM,Hidratado Saidas Outras,flow,Nov (2),0,20,10,0,10,20,24.0,44,
state,AM,Hidratado Saidas Outras,flow,Dec (1),1,37,17,0,10,10,0.0,0,
state,AM,Hidratado Saidas Outras,flow,Dec (2),0,0,0,0,0,0,0.0,0,
state,AM,Hidratado Saidas Outras,flow,Jan (1),0,0,8,10,0,10,0.0,24,
state,AM,Hidratado Saidas Outras,flow,Jan (2),0,0,1,0,0,10,28.0,15,
state,AM,Hidratado Saidas Outras,flow,Feb (1),0,0,0,0,0,25,0.0,20,
state,AM,Hidratado Saidas Outras,flow,Feb (2),0,0,0,0,0,23,0.0,0,
state,AM,Hidratado Saidas Outras,flow,Mar (1),0,0,0,10,0,0,0.0,0,
state,AM,Hidratado Saidas Outras,flow,Mar (2),0,0,0,0,30,0,0.0,0,
state,BA,Acucar,flow,Apr (1),0,0,0,0,0,0,0.0,0,0.0
state,BA,Acucar,flow,Apr (2),0,0,0,0,0,0,2112.0,0,0.0
state,BA,Acucar,flow,May (1),0,0,6535,0,0,0,9218.0,0,0.0
state,BA,Acucar,flow,May (2),0,12048,8603,0,0,0,9806.0,0,1204.0
state,BA,Acucar,flow,Jun (1),0,-12048,7174,18742,3421,0,8704.0,1617,4202.0
state,BA,Acucar,flow,Jun (2),16808,19566,10853,0,17219,37503,6862.0,7466,0.0
state,BA,Acucar,flow,Jul (1),0,0,10754,15992,0,0,3006.0,7022,0.0
state,BA,Acucar,flow,Jul (2),6666,0,13377,10287,8533,0,0.0,6191,0.0
state,BA,Acucar,flow,Aug (1),0,0,13270,0,0,0,0.0,5766,
state,BA,Acucar,flow,Aug (2),0,0,14097,18332,0,0,0.0,1014,
state,BA,Acucar,flow,Sep (1),0,0,13453,0,0,-433,0.0,7304,
state,BA,Acucar,flow,Sep (2),0,0,8944,33519,0,69310,0.0,4120,
state,BA,Acucar,flow,Oct (1),0,0,11726,0,0,10480,2270.0,12817,
state,BA,Acucar,flow,Oct (2),0,85640,12076,11450,10152,0,12573.0,13171,
state,BA,Acucar,flow,Nov (1),0,0,1716,7506,48197,0,45917.0,7835,
state,BA,Acucar,flow,Nov (2),38534,13422,0,0,0,0,0.0,12549,
state,BA,Acucar,flow,Dec (1),0,0,0,4566,0,0,0.0,0,
state,BA,Acucar,flow,Dec (2),0,0,0,9255,0,0,0.0,0,
state,BA,Acucar,flow,Jan (1),0,0,0,0,0,0,8555.0,33229,
state,BA,Acucar,flow,Jan (2),46026,0,1585,0,0,11117,19461.0,0,
state,BA,Acucar,flow,Feb (1),0,0,0,0,0,17349,0.0,0,
state,BA,Acucar,flow,Feb (2),0,0,0,0,0,0,0.0,0,
state,BA,Acucar,flow,Mar (1),0,0,0,0,0,0,0.0,0,
state,BA,Acucar,flow,Mar (2),0,0,0,0,4,0,0.0,24052,
state,BA,Anidro Entradas,flow,Apr (1),0,2239,121,1608,637,1762,128.0,24,20.0
state,BA,Anidro Entradas,flow,Apr (2),0,45,0,0,0,0,42.0,0,0.0
state,BA,Anidro Entradas,flow,May (1),0,0,90,0,107,0,0.0,0,0.0
state,BA,Anidro Entradas,flow,May (2),66,310,0,0,152,0,0.0,0,0.0
state,BA,Anidro Entradas,flow,Jun (1),0,-310,0,45,0,0,0.0,0,14.0
state,BA,Anidro Entradas,flow,Jun (2),40,0,0,194,0,9,0.0,211,25.0
state,BA,Anidro Entradas,flow,Jul (1),0,310,0,0,35,0,206.0,0,0.0
state,BA,Anidro Entradas,flow,Jul (2),42,0,0,44,0,0,0.0,0,123.0
state,BA,Anidro Entradas,flow,Aug (1),0,0,41,0,0,0,0.0,0,
state,BA,Anidro Entradas,flow,Aug (2),131,0,0,0,42,0,47.0,0,
state,BA,Anidro Entradas,flow,Sep (1),0,0,61,0,0,0,0.0,0,
state,BA,Anidro Entradas,flow,Sep (2),0,0,0,0,0,45,0.0,25,
state,BA,Anidro Entradas,flow,Oct (1),0,0,0,42,42,0,72.0,212,
state,BA,Anidro Entradas,flow,Oct (2),0,0,354,0,0,0,0.0,372,
state,BA,Anidro Entradas,flow,Nov (1),42,0,457,0,50,62,0.0,0,
state,BA,Anidro Entradas,flow,Nov (2),0,0,0,0,0,0,0.0,1,
state,BA,Anidro Entradas,flow,Dec (1),0,0,0,0,420,0,0.0,0,
state,BA,Anidro Entradas,flow,Dec (2),0,0,0,0,249,0,0.0,0,
state,BA,Anidro Entradas,flow,Jan (1),0,0,0,0,0,0,0.0,0,
state,BA,Anidro Entradas,flow,Jan (2),57,0,985,0,0,0,1137.0,0,
state,BA,Anidro Entradas,flow,Feb (1),0,0,0,0,0,7767,0.0,0,
state,BA,Anidro Entradas,flow,Feb (2),0,0,0,0,0,0,0.0,0,
state,BA,Anidro Entradas,flow,Mar (1),0,0,0,0,0,0,0.0,0,
state,BA,Anidro Entradas,flow,Mar (2),0,0,0,0,0,0,0.0,62,
state,BA,Anidro Estoque E.Disp,stock,Apr (1),0,509,51,1028,0,567,0.0,587,18.0
state,BA,Anidro Estoque E.Disp,stock,Apr (2),168,344,136,969,795,536,679.0,17,4967.0
state,BA,Anidro Estoque E.Disp,stock,May (1),209,278,485,611,747,527,2669.0,186,3258.0
state,BA,Anidro Estoque E.Disp,stock,May (2),822,718,2314,664,859,1257,2044.0,1543,4869.0
state,BA,Anidro Estoque E.Disp,stock,Jun (1),807,350,3139,1175,1882,473,2068.0,1519,787.0
state,BA,Anidro Estoque E.Disp,stock,Jun (2),1882,1030,4376,1089,2036,2813,5422.0,2454,4307.0
state,BA,Anidro Estoque E.Disp,stock,Jul (1),2681,143,3604,2275,1884,4916,6288.0,2981,3431.0
state,BA,Anidro Estoque E.Disp,stock,Jul (2),4857,514,4374,3577,5774,5294,5855.0,2620,1362.0
state,BA,Anidro Estoque E.Disp,stock,Aug (1),4718,263,4280,5220,7014,7829,5573.0,1676,
state,BA,Anidro Estoque E.Disp,stock,Aug (2),4719,1065,3687,5842,8896,8345,6201.0,2396,
state,BA,Anidro Estoque E.Disp,stock,Sep (1),5961,1356,4618,8626,11633,3667,7538.0,1605,
state,BA,Anidro Estoque E.Disp,stock,Sep (2),5815,2037,6680,7083,9109,9879,6922.0,1973,
state,BA,Anidro Estoque E.Disp,stock,Oct (1),5717,3162,7856,5736,6915,10240,7096.0,1973,
state,BA,Anidro Estoque E.Disp,stock,Oct (2),4749,10989,11024,4524,7934,12200,6273.0,3042,
state,BA,Anidro Estoque E.Disp,stock,Nov (1),5788,10580,11882,8584,13978,12520,4805.0,5420,
state,BA,Anidro Estoque E.Disp,stock,Nov (2),7280,13392,10898,11814,12169,11832,5608.0,5101,
state,BA,Anidro Estoque E.Disp,stock,Dec (1),6535,11134,14036,12120,14928,11767,7370.0,1901,
state,BA,Anidro Estoque E.Disp,stock,Dec (2),5785,8381,13206,8771,13521,11017,6332.0,1965,
state,BA,Anidro Estoque E.Disp,stock,Jan (1),5425,6199,12305,7058,7314,9872,7661.0,1822,
state,BA,Anidro Estoque E.Disp,stock,Jan (2),5347,4591,6744,3620,5738,6432,6691.0,1803,
state,BA,Anidro Estoque E.Disp,stock,Feb (1),4987,2785,6341,3271,5034,4251,6112.0,1797,
state,BA,Anidro Estoque E.Disp,stock,Feb (2),4765,2724,5775,3109,3636,515,5205.0,1775,
state,BA,Anidro Estoque E.Disp,stock,Mar (1),4587,2033,3675,2882,3282,511,3224.0,1689,
state,BA,Anidro Estoque E.Disp,stock,Mar (2),2549,121,1802,637,1771,128,235.0,453,
state,BA,Anidro Estoque E.Fisico,stock,Apr (1),0,509,89,1461,637,567,128.0,611,18.0
state,BA,Anidro Estoque E.Fisico,stock,Apr (2),168,344,174,969,795,536,717.0,41,4967.0
state,BA,Anidro Estoque E.Fisico,stock,May (1),209,278,496,611,854,527,2669.0,186,3258.0
state,BA,Anidro Estoque E.Fisico,stock,May (2),888,1028,2325,664,859,1257,2044.0,1543,4869.0
state,BA,Anidro Estoque E.Fisico,stock,Jun (1),873,350,3150,1175,1882,473,2068.0,1519,787.0
state,BA,Anidro Estoque E.Fisico,stock,Jun (2),1882,1030,4387,1089,2036,2813,5422.0,2454,4307.0
state,BA,Anidro Estoque E.Fisico,stock,Jul (1),2681,901,3604,2275,1884,4916,6288.0,2981,3431.0
state,BA,Anidro Estoque E.Fisico,stock,Jul (2),4857,1272,4374,3577,6286,5294,5855.0,2620,1362.0
state,BA,Anidro Estoque E.Fisico,stock,Aug (1),4718,1021,4280,5220,7526,7829,5573.0,1676,
state,BA,Anidro Estoque E.Fisico,stock,Aug (2),4719,1823,3687,5842,8896,8345,6201.0,2396,
state,BA,Anidro Estoque E.Fisico,stock,Sep (1),5961,2114,4618,8626,11633,3667,7538.0,1605,
state,BA,Anidro Estoque E.Fisico,stock,Sep (2),5815,2795,6680,7083,9109,9879,6922.0,1973,
state,BA,Anidro Estoque E.Fisico,stock,Oct (1),5717,3920,7856,5736,6915,10240,7096.0,1973,
state,BA,Anidro Estoque E.Fisico,stock,Oct (2),4759,10989,11024,4524,7934,12200,6273.0,3042,
state,BA,Anidro Estoque E.Fisico,stock,Nov (1),5788,10580,11882,8584,13978,12520,4805.0,5420,
state,BA,Anidro Estoque E.Fisico,stock,Nov (2),9157,13389,10898,11814,12169,11832,5608.0,5101,
state,BA,Anidro Estoque E.Fisico,stock,Dec (1),8412,11131,14036,12120,14928,11767,7370.0,1901,
state,BA,Anidro Estoque E.Fisico,stock,Dec (2),7658,8381,13206,8771,13521,11017,6332.0,1965,
state,BA,Anidro Estoque E.Fisico,stock,Jan (1),7302,6199,12305,7058,7314,9872,7661.0,1822,
state,BA,Anidro Estoque E.Fisico,stock,Jan (2),9640,4591,6744,3620,5738,6432,6691.0,1803,
state,BA,Anidro Estoque E.Fisico,stock,Feb (1),9280,2785,6341,3271,5034,4251,6112.0,1797,
state,BA,Anidro Estoque E.Fisico,stock,Feb (2),9058,2724,5775,3109,3636,515,5205.0,1775,
state,BA,Anidro Estoque E.Fisico,stock,Mar (1),7110,2033,3675,2727,3282,511,3224.0,1689,
state,BA,Anidro Estoque E.Fisico,stock,Mar (2),2549,121,1802,744,1771,128,235.0,453,
state,BA,Anidro Producao,flow,Apr (1),0,0,50,969,0,733,0.0,992,0.0
state,BA,Anidro Producao,flow,Apr (2),772,96,2352,2066,452,1386,778.0,1654,7807.0
state,BA,Anidro Producao,flow,May (1),1535,1518,3492,1420,2005,3433,3355.0,2544,6914.0
state,BA,Anidro Producao,flow,May (2),1532,3218,5566,2488,4093,9292,3158.0,2883,8194.0
state,BA,Anidro Producao,flow,Jun (1),2464,2972,6682,10826,6915,6202,5552.0,4192,6441.0
state,BA,Anidro Producao,flow,Jun (2),6641,6250,7782,3591,6951,23614,6713.0,7718,22531.0
state,BA,Anidro Producao,flow,Jul (1),3695,3059,8278,16530,6092,9811,5767.0,6604,18940.0
state,BA,Anidro Producao,flow,Jul (2),7123,3812,8686,13111,15945,6029,2498.0,6678,15178.0
state,BA,Anidro Producao,flow,Aug (1),3390,2653,7987,7694,7854,5066,2009.0,5272,
state,BA,Anidro Producao,flow,Aug (2),5689,3741,7603,13116,10084,7700,4384.0,8230,
state,BA,Anidro Producao,flow,Sep (1),5165,3244,8882,4962,11015,7436,6347.0,9183,
state,BA,Anidro Producao,flow,Sep (2),3805,4236,11879,15115,6886,28968,4389.0,8720,
state,BA,Anidro Producao,flow,Oct (1),3101,3811,9556,4475,7463,12049,11491.0,14400,
state,BA,Anidro Producao,flow,Oct (2),2932,36657,10701,7804,12383,6265,9277.0,8184,
state,BA,Anidro Producao,flow,Nov (1),4242,532,6281,6596,25175,5432,10981.0,6981,
state,BA,Anidro Producao,flow,Nov (2),12168,7582,3765,3885,3826,3523,3265.0,6673,
state,BA,Anidro Producao,flow,Dec (1),1810,0,5748,2969,4810,2440,3564.0,1973,
state,BA,Anidro Producao,flow,Dec (2),205,0,65,3385,399,0,1553.0,1182,
state,BA,Anidro Producao,flow,Jan (1),0,0,0,0,0,0,2083.0,15342,
state,BA,Anidro Producao,flow,Jan (2),13941,0,1667,0,0,2634,7999.0,0,
state,BA,Anidro Producao,flow,Feb (1),0,0,0,0,0,2948,0.0,0,
state,BA,Anidro Producao,flow,Feb (2),0,0,0,0,0,0,0.0,0,
state,BA,Anidro Producao,flow,Mar (1),0,0,0,0,0,0,0.0,0,
state,BA,Anidro Producao,flow,Mar (2),0,0,0,197,0,0,0.0,17015,
state,BA,Anidro Saidas Distrib,flow,Apr (1),0,1202,0,1111,0,1901,0.0,396,0.0
state,BA,Anidro Saidas Distrib,flow,Apr (2),565,259,2251,2451,255,1397,129.0,2210,1595.0
state,BA,Anidro Saidas Distrib,flow,May (1),1482,1579,3240,1777,2009,3396,1357.0,2382,8439.0
state,BA,Anidro Saidas Distrib,flow,May (2),901,2596,3677,2433,4229,8494,3751.0,1500,6512.0
state,BA,Anidro Saidas Distrib,flow,Jun (1),2039,3144,5831,10317,5858,6918,5471.0,4127,10478.0
state,BA,Anidro Saidas Distrib,flow,Jun (2),5647,5526,6515,3668,6773,21226,3306.0,6918,18789.0
state,BA,Anidro Saidas Distrib,flow,Jul (1),2895,3481,9047,15299,6264,7631,5058.0,6016,19747.0
state,BA,Anidro Saidas Distrib,flow,Jul (2),4981,3423,7887,11818,11504,5601,2880.0,6979,17111.0
state,BA,Anidro Saidas Distrib,flow,Aug (1),3498,2889,8083,6012,6562,2473,2259.0,6159,
state,BA,Anidro Saidas Distrib,flow,Aug (2),5706,2913,8156,12452,8688,7120,3742.0,7412,
state,BA,Anidro Saidas Distrib,flow,Sep (1),3886,2925,7983,2147,8136,12068,4948.0,9842,
state,BA,Anidro Saidas Distrib,flow,Sep (2),3911,3521,9778,16606,9347,22733,4938.0,8288,
state,BA,Anidro Saidas Distrib,flow,Oct (1),3153,2655,8335,5824,9591,11598,11293.0,14501,
state,BA,Anidro Saidas Distrib,flow,Oct (2),3865,29465,7821,8964,11283,4256,10066.0,7422,
state,BA,Anidro Saidas Distrib,flow,Nov (1),3235,931,5854,2500,19049,5119,12425.0,4557,
state,BA,Anidro Saidas Distrib,flow,Nov (2),8777,4737,4708,638,5597,4160,2429.0,6908,
state,BA,Anidro Saidas Distrib,flow,Dec (1),2554,2217,2570,2657,2433,2465,1762.0,5144,
state,BA,Anidro Saidas Distrib,flow,Dec (2),943,2689,890,6234,2031,747,2558.0,1037,
state,BA,Anidro Saidas Distrib,flow,Jan (1),355,2118,898,1712,6112,1131,750.0,14810,
state,BA,Anidro Saidas Distrib,flow,Jan (2),11457,1557,8102,3053,1556,5479,9955.0,0,
state,BA,Anidro Saidas Distrib,flow,Feb (1),346,1758,402,348,698,12871,576.0,6,
state,BA,Anidro Saidas Distrib,flow,Feb (2),213,60,47,123,1389,3730,894.0,0,
state,BA,Anidro Saidas Distrib,flow,Mar (1),1916,678,2072,213,342,0,1914.0,86,
state,BA,Anidro Saidas Distrib,flow,Mar (2),4484,1894,1816,2101,1849,206,2357.0,18201,
state,BA,Anidro Saidas M.Ext,flow,Apr (1),0,0,0,0,0,0,0.0,0,0.0
state,BA,Anidro Saidas M.Ext,flow,Apr (2),0,0,0,0,0,0,0.0,0,0.0
state,BA,Anidro Saidas M.Ext,flow,May (1),0,0,0,0,0,0,0.0,0,0.0
state,BA,Anidro Saidas M.Ext,flow,May (2),0,0,0,0,0,0,0.0,0,0.0
state,BA,Anidro Saidas M.Ext,flow,Jun (1),0,0,0,0,0,0,0.0,0,0.0
state,BA,Anidro Saidas M.Ext,flow,Jun (2),0,0,0,0,0,0,0.0,0,0.0
state,BA,Anidro Saidas M.Ext,flow,Jul (1),0,0,0,0,0,0,0.0,0,0.0
state,BA,Anidro Saidas M.Ext,flow,Jul (2),0,0,0,0,0,0,0.0,0,0.0
state,BA,Anidro Saidas M.Ext,flow,Aug (1),0,0,0,0,0,0,0.0,0,
state,BA,Anidro Saidas M.Ext,flow,Aug (2),0,0,0,0,0,0,0.0,0,
state,BA,Anidro Saidas M.Ext,flow,Sep (1),0,0,0,0,0,0,0.0,0,
state,BA,Anidro Saidas M.Ext,flow,Sep (2),0,0,0,0,0,0,0.0,0,
state,BA,Anidro Saidas M.Ext,flow,Oct (1),0,0,0,0,0,0,0.0,0,
state,BA,Anidro Saidas M.Ext,flow,Oct (2),0,0,0,0,0,0,0.0,0,
state,BA,Anidro Saidas M.Ext,flow,Nov (1),0,0,0,0,0,0,0.0,0,
state,BA,Anidro Saidas M.Ext,flow,Nov (2),0,0,0,0,0,0,0.0,0,
state,BA,Anidro Saidas M.Ext,flow,Dec (1),0,0,0,0,0,0,0.0,0,
state,BA,Anidro Saidas M.Ext,flow,Dec (2),0,0,0,0,0,0,0.0,0,
state,BA,Anidro Saidas M.Ext,flow,Jan (1),0,0,0,0,0,0,0.0,0,
state,BA,Anidro Saidas M.Ext,flow,Jan (2),0,0,0,0,0,0,0.0,0,
state,BA,Anidro Saidas M.Ext,flow,Feb (1),0,0,0,0,0,0,0.0,0,
state,BA,Anidro Saidas M.Ext,flow,Feb (2),0,0,0,0,0,0,0.0,0,
state,BA,Anidro Saidas M.Ext,flow,Mar (1),0,0,0,0,0,0,0.0,0,
state,BA,Anidro Saidas M.Ext,flow,Mar (2),0,0,0,0,0,0,0.0,0,
state,BA,Anidro Saidas Outras,flow,Apr (1),0,528,82,5,0,27,0.0,9,2.0
state,BA,Anidro Saidas Outras,flow,Apr (2),39,47,16,107,39,20,102.0,14,1263.0
state,BA,Anidro Saidas Outras,flow,May (1),12,5,20,1,44,46,46.0,17,184.0
state,BA,Anidro Saidas Outras,flow,May (2),18,182,60,2,11,68,32.0,26,71.0
state,BA,Anidro Saidas Outras,flow,Jun (1),440,196,26,43,34,68,57.0,89,59.0
state,BA,Anidro Saidas Outras,flow,Jun (2),25,44,30,203,24,57,53.0,76,247.0
state,BA,Anidro Saidas Outras,flow,Jul (1),1,17,14,45,15,77,49.0,61,69.0
state,BA,Anidro Saidas Outras,flow,Jul (2),8,18,29,35,39,50,51.0,60,259.0
state,BA,Anidro Saidas Outras,flow,Aug (1),31,15,39,39,52,58,32.0,57,
state,BA,Anidro Saidas Outras,flow,Aug (2),113,26,40,42,68,64,61.0,98,
state,BA,Anidro Saidas Outras,flow,Sep (1),37,28,29,31,142,46,62.0,132,
state,BA,Anidro Saidas Outras,flow,Sep (2),40,34,39,52,63,68,67.0,89,
state,BA,Anidro Saidas Outras,flow,Oct (1),46,31,45,40,108,90,96.0,111,
state,BA,Anidro Saidas Outras,flow,Oct (2),25,123,66,52,81,49,34.0,65,
state,BA,Anidro Saidas Outras,flow,Nov (1),20,10,26,36,132,55,24.0,46,
state,BA,Anidro Saidas Outras,flow,Nov (2),22,36,41,17,38,51,33.0,85,
state,BA,Anidro Saidas Outras,flow,Dec (1),1,41,40,6,38,40,40.0,29,
state,BA,Anidro Saidas Outras,flow,Dec (2),16,61,5,500,24,3,33.0,81,
state,BA,Anidro Saidas Outras,flow,Jan (1),1,64,3,1,95,14,4.0,675,
state,BA,Anidro Saidas Outras,flow,Jan (2),203,51,111,385,20,595,151.0,19,
state,BA,Anidro Saidas Outras,flow,Feb (1),14,48,1,1,6,25,3.0,0,
state,BA,Anidro Saidas Outras,flow,Feb (2),9,1,519,39,9,6,13.0,22,
state,BA,Anidro Saidas Outras,flow,Mar (1),32,13,28,169,12,4,67.0,0,
state,BA,Anidro Saidas Outras,flow,Mar (2),77,401,61,79,189,198,650.0,112,
state,BA,Cana,flow,Apr (1),19159,38960,975,182530,0,83121,0.0,96573,0.0
state,BA,Cana,flow,Apr (2),64838,121028,82443,141547,51917,81099,163897.0,119987,147742.0
state,BA,Cana,flow,May (1),71859,143109,217240,150193,97237,141414,269489.0,119200,166386.0
state,BA,Cana,flow,May (2),166932,432170,280773,191639,174560,437856,323048.0,139704,194996.0
state,BA,Cana,flow,Jun (1),133622,-147461,279953,420907,323733,270968,315226.0,224117,232827.0
state,BA,Cana,flow,Jun (2),461907,563797,299076,189351,448993,856747,328673.0,405216,233002.0
state,BA,Cana,flow,Jul (1),152494,176451,322311,583947,232188,290134,328406.0,379957,207348.0
state,BA,Cana,flow,Jul (2),295757,183931,347633,384202,580315,228351,206013.0,353859,209660.0
state,BA,Cana,flow,Aug (1),163843,159798,321343,189913,234355,180552,161297.0,224852,
state,BA,Cana,flow,Aug (2),178846,198069,363894,465102,225051,295179,205174.0,391650,
state,BA,Cana,flow,Sep (1),172389,189907,336369,131117,217858,324265,614003.0,337396,
state,BA,Cana,flow,Sep (2),159610,181933,347940,636898,213998,1130189,178086.0,291912,
state,BA,Cana,flow,Oct (1),150491,180244,342340,158833,233814,491257,632556.0,476197,
state,BA,Cana,flow,Oct (2),97422,1450828,339228,283259,475689,243748,350886.0,300261,
state,BA,Cana,flow,Nov (1),140700,19959,167558,204120,911794,197950,142385.0,290312,
state,BA,Cana,flow,Nov (2),556145,212246,123350,120204,112334,170346,191320.0,323444,
state,BA,Cana,flow,Dec (1),59055,0,178467,83173,98528,79580,180682.0,165942,
state,BA,Cana,flow,Dec (2),9103,0,32045,137116,25313,6759,75354.0,56146,
state,BA,Cana,flow,Jan (1),0,0,0,0,0,0,142258.0,542737,
state,BA,Cana,flow,Jan (2),688726,0,75452,0,0,157682,369114.0,0,
state,BA,Cana,flow,Feb (1),0,0,0,0,0,72077,6052.0,0,
state,BA,Cana,flow,Feb (2),0,0,0,0,0,0,0.0,0,
state,BA,Cana,flow,Mar (1),0,0,0,0,0,0,0.0,0,
state,BA,Cana,flow,Mar (2),0,0,1481,125985,0,0,1111482.0,516673,
state,BA,Etanol Total,flow,Apr (1),1079,2505,50,13204,0,6162,0.0,6379,0.0
state,BA,Etanol Total,flow,Apr (2),4699,8325,5439,10981,3433,6453,7371.0,8541,63639.0
state,BA,Etanol Total,flow,May (1),5171,10368,11517,11763,7544,11098,12939.0,9541,31692.0
state,BA,Etanol Total,flow,May (2),11091,24356,15782,15617,14119,33324,15569.0,10917,33636.0
state,BA,Etanol Total,flow,Jun (1),9511,-2613,16358,20217,23215,21428,16470.0,15462,34463.0
state,BA,Etanol Total,flow,Jun (2),22208,29466,16658,16144,25029,38214,17595.0,20192,36810.0
state,BA,Etanol Total,flow,Jul (1),11697,13321,18488,38393,19939,24590,19823.0,23835,36264.0
state,BA,Etanol Total,flow,Jul (2),18962,13796,19659,27025,36466,18618,16969.0,23769,37630.0
state,BA,Etanol Total,flow,Aug (1),13506,12002,17498,16985,21665,15193,12534.0,13914,
state,BA,Etanol Total,flow,Aug (2),15172,16195,20734,28320,20721,25373,17060.0,33126,
state,BA,Etanol Total,flow,Sep (1),15126,15724,19953,11542,19724,27476,46229.0,22330,
state,BA,Etanol Total,flow,Sep (2),14541,15070,24493,41353,20044,41881,15479.0,22874,
state,BA,Etanol Total,flow,Oct (1),14179,14723,22997,14771,22039,35398,55029.0,34019,
state,BA,Etanol Total,flow,Oct (2),8813,64710,21172,16482,29082,22702,21501.0,17107,
state,BA,Etanol Total,flow,Nov (1),12240,1997,12807,12736,42924,18762,25195.0,21976,
state,BA,Etanol Total,flow,Nov (2),33250,9076,9601,8194,9122,16343,16886.0,19155,
state,BA,Etanol Total,flow,Dec (1),4308,0,15187,3624,7607,8343,14476.0,12490,
state,BA,Etanol Total,flow,Dec (2),871,0,3476,4728,1709,42,6193.0,5182,
state,BA,Etanol Total,flow,Jan (1),0,0,0,0,284,54,4839.0,20163,
state,BA,Etanol Total,flow,Jan (2),29274,0,1677,0,0,5205,12202.0,0,
state,BA,Etanol Total,flow,Feb (1),0,0,0,0,0,3652,529.0,0,
state,BA,Etanol Total,flow,Feb (2),0,0,0,0,0,0,0.0,0,
state,BA,Etanol Total,flow,Mar (1),0,0,0,0,0,0,0.0,0,
state,BA,Etanol Total,flow,Mar (2),0,0,0,9636,148,0,0.0,22556,
state,BA,Hidratado Entradas,flow,Apr (1),10,821,2824,28,17,215,169.0,183,13.0
state,BA,Hidratado Entradas,flow,Apr (2),35,84,0,159,0,0,39.0,0,1206.0
state,BA,Hidratado Entradas,flow,May (1),0,32,0,41,2985,0,82.0,0,125.0
state,BA,Hidratado Entradas,flow,May (2),161,471,0,118,0,84,0.0,10,220.0
state,BA,Hidratado Entradas,flow,Jun (1),427,-84,0,279,202,0,33.0,41,124.0
state,BA,Hidratado Entradas,flow,Jun (2),850,177,0,365,45,125,0.0,105,298.0
state,BA,Hidratado Entradas,flow,Jul (1),601,151,0,43,98,0,0.0,0,35.0
state,BA,Hidratado Entradas,flow,Jul (2),0,0,127,0,0,60,48.0,146,509.0
state,BA,Hidratado Entradas,flow,Aug (1),0,0,0,0,0,0,0.0,0,
state,BA,Hidratado Entradas,flow,Aug (2),91,0,0,0,0,39,84.0,180,
state,BA,Hidratado Entradas,flow,Sep (1),0,0,0,0,87,59,432.0,178,
state,BA,Hidratado Entradas,flow,Sep (2),0,0,59,258,0,0,42.0,0,
state,BA,Hidratado Entradas,flow,Oct (1),0,0,0,0,0,15,495.0,88,
state,BA,Hidratado Entradas,flow,Oct (2),0,0,175,8,133,0,104.0,290,
state,BA,Hidratado Entradas,flow,Nov (1),0,0,0,0,29,104,59.0,0,
state,BA,Hidratado Entradas,flow,Nov (2),274,0,60,0,45,43,119.0,0,
state,BA,Hidratado Entradas,flow,Dec (1),0,0,0,0,40,64,61.0,0,
state,BA,Hidratado Entradas,flow,Dec (2),0,0,20,0,470,0,59.0,0,
state,BA,Hidratado Entradas,flow,Jan (1),0,0,0,84,44,9,0.0,573,
state,BA,Hidratado Entradas,flow,Jan (2),94,0,17,376,0,609,95.0,0,
state,BA,Hidratado Entradas,flow,Feb (1),0,0,3,0,0,0,0.0,0,
state,BA,Hidratado Entradas,flow,Feb (2),0,0,542,36,0,0,0.0,0,
state,BA,Hidratado Entradas,flow,Mar (1),0,0,0,134,0,0,69.0,0,
state,BA,Hidratado Entradas,flow,Mar (2),16,607,0,0,0,190,622.0,0,
state,BA,Hidratado Estoque E.Disp,stock,Apr (1),350,1518,94,168,0,624,0.0,306,13.0
state,BA,Hidratado Estoque E.Disp,stock,Apr (2),1325,1232,2243,869,692,702,712.0,211,9462.0
state,BA,Hidratado Estoque E.Disp,stock,May (1),239,4025,4234,1056,1620,774,1394.0,379,9652.0
state,BA,Hidratado Estoque E.Disp,stock,May (2),3802,8732,6698,1383,3557,3477,3203.0,1911,6789.0
state,BA,Hidratado Estoque E.Disp,stock,Jun (1),2564,7216,5790,2762,8431,6460,5371.0,3379,6741.0
state,BA,Hidratado Estoque E.Disp,stock,Jun (2),5500,7845,3129,6722,7102,3258,5539.0,5058,4581.0
state,BA,Hidratado Estoque E.Disp,stock,Jul (1),9641,4927,3493,13666,9376,11301,4111.0,3588,3824.0
state,BA,Hidratado Estoque E.Disp,stock,Jul (2),12360,3551,3903,13853,13833,17005,5472.0,4157,1970.0
state,BA,Hidratado Estoque E.Disp,stock,Aug (1),16020,3407,3790,12960,19196,18521,6556.0,2912,
state,BA,Hidratado Estoque E.Disp,stock,Aug (2),14522,4649,4320,15805,18938,20939,12429.0,3432,
state,BA,Hidratado Estoque E.Disp,stock,Sep (1),14734,10483,4718,15165,18497,14639,18589.0,5295,
state,BA,Hidratado Estoque E.Disp,stock,Sep (2),14240,15277,7384,20507,19728,14958,21047.0,8224,
state,BA,Hidratado Estoque E.Disp,stock,Oct (1),15416,18916,13770,23918,19697,21832,20369.0,9083,
state,BA,Hidratado Estoque E.Disp,stock,Oct (2),16631,25212,13351,20985,21428,25282,20113.0,6110,
state,BA,Hidratado Estoque E.Disp,stock,Nov (1),18844,19520,11726,21625,22194,25345,15699.0,2641,
state,BA,Hidratado Estoque E.Disp,stock,Nov (2),22966,20005,8486,24126,15941,25568,18703.0,3966,
state,BA,Hidratado Estoque E.Disp,stock,Dec (1),19116,19048,9515,20758,8450,23941,20602.0,4495,
state,BA,Hidratado Estoque E.Disp,stock,Dec (2),15924,17831,6254,15419,6885,17304,16165.0,3524,
state,BA,Hidratado Estoque E.Disp,stock,Jan (1),12244,12204,5314,10987,3499,12075,10984.0,2447,
state,BA,Hidratado Estoque E.Disp,stock,Jan (2),10047,10465,2631,7965,2194,11944,3011.0,1838,
state,BA,Hidratado Estoque E.Disp,stock,Feb (1),8551,9004,1565,6048,2024,2340,1853.0,864,
state,BA,Hidratado Estoque E.Disp,stock,Feb (2),5607,8458,1403,5325,1045,1119,1270.0,706,
state,BA,Hidratado Estoque E.Disp,stock,Mar (1),2626,7076,707,3801,541,673,285.0,668,
state,BA,Hidratado Estoque E.Disp,stock,Mar (2),504,2736,97,3157,407,176,193.0,1535,
state,BA,Hidratado Estoque E.Fisico,stock,Apr (1),350,1518,2820,186,17,647,169.0,362,13.0
state,BA,Hidratado Estoque E.Fisico,stock,Apr (2),1325,1232,2363,869,692,725,712.0,267,9462.0
state,BA,Hidratado Estoque E.Fisico,stock,May (1),239,4025,4245,1056,1620,797,1394.0,697,9652.0
state,BA,Hidratado Estoque E.Fisico,stock,May (2),3963,8839,6709,1383,3557,3477,3203.0,2229,6789.0
state,BA,Hidratado Estoque E.Fisico,stock,Jun (1),2725,7216,5801,2762,9174,6460,5371.0,3379,6741.0
state,BA,Hidratado Estoque E.Fisico,stock,Jun (2),5500,7845,3140,6722,7102,3258,5539.0,5061,4581.0
state,BA,Hidratado Estoque E.Fisico,stock,Jul (1),9641,6537,3493,13666,9376,11301,4111.0,3642,3824.0
state,BA,Hidratado Estoque E.Fisico,stock,Jul (2),12360,5161,3903,13853,13833,17005,5472.0,4157,1970.0
state,BA,Hidratado Estoque E.Fisico,stock,Aug (1),16026,5017,3790,12960,19196,18521,6556.0,2912,
state,BA,Hidratado Estoque E.Fisico,stock,Aug (2),14522,6259,4320,15805,18938,20939,12429.0,3549,
state,BA,Hidratado Estoque E.Fisico,stock,Sep (1),14734,12093,4718,15165,18497,14639,18592.0,5418,
state,BA,Hidratado Estoque E.Fisico,stock,Sep (2),14245,16887,8105,20507,19728,14958,21050.0,8347,
state,BA,Hidratado Estoque E.Fisico,stock,Oct (1),15420,20526,13770,23918,19697,21832,20372.0,9147,
state,BA,Hidratado Estoque E.Fisico,stock,Oct (2),17380,25774,13351,20985,21428,25282,20116.0,6174,
state,BA,Hidratado Estoque E.Fisico,stock,Nov (1),18844,20082,11726,21625,22194,25345,15702.0,2705,
state,BA,Hidratado Estoque E.Fisico,stock,Nov (2),23256,20005,8486,24126,15941,25568,18706.0,4030,
state,BA,Hidratado Estoque E.Fisico,stock,Dec (1),19406,19047,9515,20758,8450,23945,20605.0,4559,
state,BA,Hidratado Estoque E.Fisico,stock,Dec (2),16214,17831,6254,15419,6885,17299,16168.0,3588,
state,BA,Hidratado Estoque E.Fisico,stock,Jan (1),12534,12204,5314,10987,3499,12066,10987.0,2511,
state,BA,Hidratado Estoque E.Fisico,stock,Jan (2),11231,10465,2631,7965,2194,11937,3014.0,1902,
state,BA,Hidratado Estoque E.Fisico,stock,Feb (1),9735,9004,1565,6048,2024,2336,1856.0,928,
state,BA,Hidratado Estoque E.Fisico,stock,Feb (2),6791,8458,1403,5325,1097,1115,1273.0,770,
state,BA,Hidratado Estoque E.Fisico,stock,Mar (1),3492,7076,707,3801,541,676,288.0,732,
state,BA,Hidratado Estoque E.Fisico,stock,Mar (2),504,2736,97,3221,407,179,196.0,1599,
state,BA,Hidratado Producao,flow,Apr (1),1079,2505,0,12235,0,5429,0.0,5387,0.0
state,BA,Hidratado Producao,flow,Apr (2),3927,8229,3087,8915,2981,5067,6593.0,6887,55832.0
state,BA,Hidratado Producao,flow,May (1),3636,8850,8025,10343,5539,7665,9584.0,6997,24778.0
state,BA,Hidratado Producao,flow,May (2),9559,21138,10216,13129,10026,24032,12411.0,8034,25442.0
state,BA,Hidratado Producao,flow,Jun (1),7047,-5585,9676,9391,16300,15226,10918.0,11270,28022.0
state,BA,Hidratado Producao,flow,Jun (2),15567,23216,8876,12553,18078,14600,10882.0,12474,14279.0
state,BA,Hidratado Producao,flow,Jul (1),8002,10262,10210,21863,13847,14779,14056.0,17231,17324.0
state,BA,Hidratado Producao,flow,Jul (2),11839,9984,10973,13914,20521,12589,14471.0,17091,22452.0
state,BA,Hidratado Producao,flow,Aug (1),10116,9349,9511,9291,13811,10127,10525.0,8642,
state,BA,Hidratado Producao,flow,Aug (2),9483,12454,13131,15204,10637,17673,12676.0,24896,
state,BA,Hidratado Producao,flow,Sep (1),9961,12480,11071,6580,8709,20040,39882.0,13147,
state,BA,Hidratado Producao,flow,Sep (2),10736,10834,12614,26238,13158,12913,11090.0,14154,
state,BA,Hidratado Producao,flow,Oct (1),11078,10912,13441,10296,14576,23349,43538.0,19619,
state,BA,Hidratado Producao,flow,Oct (2),5881,28053,10471,8678,16699,16437,12224.0,8923,
state,BA,Hidratado Producao,flow,Nov (1),7998,1465,6526,6140,17749,13330,14214.0,14995,
state,BA,Hidratado Producao,flow,Nov (2),21082,1494,5836,4309,5296,12820,13621.0,12482,
state,BA,Hidratado Producao,flow,Dec (1),2498,0,9439,655,2797,5903,10912.0,10517,
state,BA,Hidratado Producao,flow,Dec (2),666,0,3411,1343,1310,42,4640.0,4000,
state,BA,Hidratado Producao,flow,Jan (1),0,0,0,0,284,54,2756.0,4821,
state,BA,Hidratado Producao,flow,Jan (2),15333,0,10,0,0,2571,4203.0,0,
state,BA,Hidratado Producao,flow,Feb (1),0,0,0,0,0,704,529.0,0,
state,BA,Hidratado Producao,flow,Feb (2),0,0,0,0,0,0,0.0,0,
state,BA,Hidratado Producao,flow,Mar (1),0,0,0,0,0,0,0.0,0,
state,BA,Hidratado Producao,flow,Mar (2),0,0,0,9439,148,0,0.0,5541,
state,BA,Hidratado Saidas Distrib,flow,Apr (1),726,1764,0,11988,0,4958,0.0,5155,0.0
state,BA,Hidratado Saidas Distrib,flow,Apr (2),2963,8579,3511,8340,2285,4954,5992.0,6954,47091.0
state,BA,Hidratado Saidas Distrib,flow,May (1),4688,6060,5922,10166,7563,7531,8915.0,6520,24532.0
state,BA,Hidratado Saidas Distrib,flow,May (2),5967,16663,7721,12886,7878,21280,10413.0,6438,28269.0
state,BA,Hidratado Saidas Distrib,flow,Jun (1),8687,-3977,10519,8196,10802,12157,8634.0,10033,27913.0
state,BA,Hidratado Saidas Distrib,flow,Jun (2),13553,22619,11470,8919,20093,17785,10587.0,10791,16533.0
state,BA,Hidratado Saidas Distrib,flow,Jul (1),4402,11649,9766,14840,11521,6641,15082.0,18544,17979.0
state,BA,Hidratado Saidas Distrib,flow,Jul (2),8994,11270,10601,13597,15924,6837,13001.0,16566,24617.0
state,BA,Hidratado Saidas Distrib,flow,Aug (1),6371,9404,9556,10107,8337,8521,9292.0,9788,
state,BA,Hidratado Saidas Distrib,flow,Aug (2),10994,11084,12526,12251,10816,15159,6723.0,24234,
state,BA,Hidratado Saidas Distrib,flow,Sep (1),9684,6567,10598,7141,9130,26222,33857.0,11254,
state,BA,Hidratado Saidas Distrib,flow,Sep (2),11151,5975,9200,21000,11817,12370,8516.0,11097,
state,BA,Hidratado Saidas Distrib,flow,Oct (1),9826,7213,7700,6796,14477,16314,44270.0,18694,
state,BA,Hidratado Saidas Distrib,flow,Oct (2),3853,22531,10572,11504,14951,12854,12344.0,11694,
state,BA,Hidratado Saidas Distrib,flow,Nov (1),6508,7121,7588,5398,16791,13217,18488.0,18389,
state,BA,Hidratado Saidas Distrib,flow,Nov (2),16823,1512,9016,1726,11528,12459,10589.0,11040,
state,BA,Hidratado Saidas Distrib,flow,Dec (1),6305,916,8339,3914,9789,7485,8896.0,9933,
state,BA,Hidratado Saidas Distrib,flow,Dec (2),3797,1166,6669,6592,3035,6632,8983.0,4855,
state,BA,Hidratado Saidas Distrib,flow,Jan (1),3666,5571,924,4467,3614,5174,7813.0,6290,
state,BA,Hidratado Saidas Distrib,flow,Jan (2),16399,1660,1551,3317,1261,3226,10830.0,575,
state,BA,Hidratado Saidas Distrib,flow,Feb (1),1488,1401,1031,1871,126,1897,1658.0,912,
state,BA,Hidratado Saidas Distrib,flow,Feb (2),2915,519,661,704,903,1142,542.0,133,
state,BA,Hidratado Saidas Distrib,flow,Mar (1),3279,1326,638,1592,500,408,1032.0,5,
state,BA,Hidratado Saidas Distrib,flow,Mar (2),2867,5164,497,9739,290,632,572.0,4443,
state,BA,Hidratado Saidas M.Ext,flow,Apr (1),0,0,0,0,0,0,0.0,0,0.0
state,BA,Hidratado Saidas M.Ext,flow,Apr (2),0,0,0,0,0,0,0.0,0,0.0
state,BA,Hidratado Saidas M.Ext,flow,May (1),0,0,0,0,33,0,0.0,0,0.0
state,BA,Hidratado Saidas M.Ext,flow,May (2),0,0,29,0,0,0,0.0,0,0.0
state,BA,Hidratado Saidas M.Ext,flow,Jun (1),0,0,0,0,0,0,0.0,0,0.0
state,BA,Hidratado Saidas M.Ext,flow,Jun (2),0,0,0,0,0,0,0.0,0,0.0
state,BA,Hidratado Saidas M.Ext,flow,Jul (1),0,0,0,0,0,0,0.0,0,0.0
state,BA,Hidratado Saidas M.Ext,flow,Jul (2),0,0,0,0,0,0,0.0,0,0.0
state,BA,Hidratado Saidas M.Ext,flow,Aug (1),0,0,0,0,0,0,107.0,0,
state,BA,Hidratado Saidas M.Ext,flow,Aug (2),0,0,0,14,0,0,0.0,0,
state,BA,Hidratado Saidas M.Ext,flow,Sep (1),0,0,0,0,0,0,0.0,0,
state,BA,Hidratado Saidas M.Ext,flow,Sep (2),0,0,0,2,0,0,0.0,0,
state,BA,Hidratado Saidas M.Ext,flow,Oct (1),0,0,0,0,0,0,0.0,0,
state,BA,Hidratado Saidas M.Ext,flow,Oct (2),0,0,0,0,0,0,0.0,0,
state,BA,Hidratado Saidas M.Ext,flow,Nov (1),0,0,0,0,0,0,0.0,0,
state,BA,Hidratado Saidas M.Ext,flow,Nov (2),0,0,0,0,0,0,0.0,0,
state,BA,Hidratado Saidas M.Ext,flow,Dec (1),0,0,0,0,0,0,0.0,0,
state,BA,Hidratado Saidas M.Ext,flow,Dec (2),0,0,0,0,0,0,0.0,0,
state,BA,Hidratado Saidas M.Ext,flow,Jan (1),0,0,0,0,0,0,0.0,0,
state,BA,Hidratado Saidas M.Ext,flow,Jan (2),0,0,0,0,0,0,0.0,0,
state,BA,Hidratado Saidas M.Ext,flow,Feb (1),0,0,0,0,0,0,0.0,0,
state,BA,Hidratado Saidas M.Ext,flow,Feb (2),0,0,0,0,0,0,0.0,0,
state,BA,Hidratado Saidas M.Ext,flow,Mar (1),0,0,0,0,0,0,0.0,0,
state,BA,Hidratado Saidas M.Ext,flow,Mar (2),0,0,0,0,0,0,0.0,0,
state,BA,Hidratado Saidas Outras,flow,Apr (1),13,44,4,89,0,39,0.0,53,0.0
state,BA,Hidratado Saidas Outras,flow,Apr (2),24,20,33,51,21,35,97.0,28,498.0
state,BA,Hidratado Saidas Outras,flow,May (1),34,29,221,31,0,62,69.0,47,181.0
state,BA,Hidratado Saidas Outras,flow,May (2),29,132,2,34,211,156,189.0,74,256.0
state,BA,Hidratado Saidas Outras,flow,Jun (1),25,-69,65,95,83,86,149.0,128,281.0
state,BA,Hidratado Saidas Outras,flow,Jun (2),89,145,67,39,102,142,127.0,106,204.0
state,BA,Hidratado Saidas Outras,flow,Jul (1),60,72,91,122,150,95,402.0,106,137.0
state,BA,Hidratado Saidas Outras,flow,Jul (2),126,90,89,130,140,108,157.0,156,198.0
state,BA,Hidratado Saidas Outras,flow,Aug (1),79,89,68,77,111,90,42.0,99,
state,BA,Hidratado Saidas Outras,flow,Aug (2),84,128,75,94,79,135,164.0,205,
state,BA,Hidratado Saidas Outras,flow,Sep (1),65,79,75,79,107,177,294.0,202,
state,BA,Hidratado Saidas Outras,flow,Sep (2),74,65,86,152,110,224,158.0,128,
state,BA,Hidratado Saidas Outras,flow,Oct (1),77,60,76,89,130,176,441.0,213,
state,BA,Hidratado Saidas Outras,flow,Oct (2),68,274,493,115,150,133,240.0,492,
state,BA,Hidratado Saidas Outras,flow,Nov (1),26,36,563,102,221,154,199.0,75,
state,BA,Hidratado Saidas Outras,flow,Nov (2),121,59,120,82,66,181,147.0,117,
state,BA,Hidratado Saidas Outras,flow,Dec (1),43,42,71,109,539,105,178.0,55,
state,BA,Hidratado Saidas Outras,flow,Dec (2),61,50,23,90,310,56,153.0,116,
state,BA,Hidratado Saidas Outras,flow,Jan (1),14,56,16,49,100,122,124.0,181,
state,BA,Hidratado Saidas Outras,flow,Jan (2),331,79,1159,81,44,83,1441.0,34,
state,BA,Hidratado Saidas Outras,flow,Feb (1),8,60,38,46,44,8408,29.0,62,
state,BA,Hidratado Saidas Outras,flow,Feb (2),29,27,43,55,24,79,41.0,25,
state,BA,Hidratado Saidas Outras,flow,Mar (1),20,56,58,66,56,31,22.0,33,
state,BA,Hidratado Saidas Outras,flow,Mar (2),137,421,129,280,184,97,160.0,231,
state,CE,Acucar,flow,Apr (1),0,0,0,0,0,0,0.0,0,0.0
state,CE,Acucar,flow,Apr (2),0,0,0,0,0,0,0.0,0,0.0
state,CE,Acucar,flow,May (1),0,0,0,0,0,0,0.0,0,0.0
state,CE,Acucar,flow,May (2),0,0,0,0,0,0,0.0,0,0.0
state,CE,Acucar,flow,Jun (1),0,0,0,0,0,0,0.0,0,0.0
state,CE,Acucar,flow,Jun (2),0,0,0,0,0,0,0.0,0,0.0
state,CE,Acucar,flow,Jul (1),0,0,0,0,0,0,0.0,0,0.0
state,CE,Acucar,flow,Jul (2),0,0,0,0,0,0,0.0,0,0.0
state,CE,Acucar,flow,Aug (1),0,0,0,0,0,0,0.0,0,
state,CE,Acucar,flow,Aug (2),0,0,0,0,0,0,0.0,0,
state,CE,Acucar,flow,Sep (1),0,0,0,0,0,0,0.0,0,
state,CE,Acucar,flow,Sep (2),0,0,0,0,0,0,0.0,0,
state,CE,Acucar,flow,Oct (1),0,0,0,0,0,0,0.0,0,
state,CE,Acucar,flow,Oct (2),0,0,0,0,0,0,0.0,0,
state,CE,Acucar,flow,Nov (1),0,0,0,0,0,0,0.0,0,
state,CE,Acucar,flow,Nov (2),0,0,0,0,0,0,0.0,0,
state,CE,Acucar,flow,Dec (1),0,0,0,0,0,0,0.0,0,
state,CE,Acucar,flow,Dec (2),0,0,0,0,0,0,0.0,0,
state,CE,Acucar,flow,Jan (1),0,0,0,0,0,0,0.0,0,
state,CE,Acucar,flow,Jan (2),0,0,0,0,0,0,0.0,0,
state,CE,Acucar,flow,Feb (1),0,0,0,0,0,0,0.0,0,
state,CE,Acucar,flow,Feb (2),0,0,0,0,0,0,0.0,0,
state,CE,Acucar,flow,Mar (1),0,0,0,0,0,0,0.0,0,
state,CE,Acucar,flow,Mar (2),0,0,0,0,0,0,0.0,0,
state,CE,Anidro Entradas,flow,Apr (1),0,0,0,0,0,0,0.0,0,0.0
state,CE,Anidro Entradas,flow,Apr (2),0,0,0,0,0,0,0.0,0,0.0
state,CE,Anidro Entradas,flow,May (1),0,0,0,0,0,0,0.0,0,0.0
state,CE,Anidro Entradas,flow,May (2),0,0,0,0,0,0,0.0,0,0.0
state,CE,Anidro Entradas,flow,Jun (1),0,0,0,0,0,0,0.0,0,0.0
state,CE,Anidro Entradas,flow,Jun (2),0,0,0,0,0,0,0.0,0,0.0
state,CE,Anidro Entradas,flow,Jul (1),0,0,0,0,0,0,0.0,0,0.0
state,CE,Anidro Entradas,flow,Jul (2),0,0,0,0,0,0,0.0,0,0.0
state,CE,Anidro Entradas,flow,Aug (1),0,0,0,0,0,0,0.0,0,
state,CE,Anidro Entradas,flow,Aug (2),0,0,0,0,0,0,0.0,0,
state,CE,Anidro Entradas,flow,Sep (1),0,0,0,0,0,0,0.0,0,
state,CE,Anidro Entradas,flow,Sep (2),0,0,0,0,0,0,0.0,0,
state,CE,Anidro Entradas,flow,Oct (1),0,0,0,0,0,0,0.0,0,
state,CE,Anidro Entradas,flow,Oct (2),0,0,0,0,0,0,0.0,0,
state,CE,Anidro Entradas,flow,Nov (1),0,0,0,0,0,0,0.0,0,
state,CE,Anidro Entradas,flow,Nov (2),0,0,0,0,0,0,0.0,0,
state,CE,Anidro Entradas,flow,Dec (1),0,0,0,0,0,0,0.0,0,
state,CE,Anidro Entradas,flow,Dec (2),0,0,0,0,0,0,0.0,0,
state,CE,Anidro Entradas,flow,Jan (1),0,0,0,0,0,0,0.0,0,
state,CE,Anidro Entradas,flow,Jan (2),0,0,0,0,0,0,0.0,0,
state,CE,Anidro Entradas,flow,Feb (1),0,0,0,0,0,0,0.0,0,
state,CE,Anidro Entradas,flow,Feb (2),0,0,0,0,0,0,0.0,0,
state,CE,Anidro Entradas,flow,Mar (1),0,0,0,0,0,0,0.0,0,
state,CE,Anidro Entradas,flow,Mar (2),0,0,0,0,0,0,0.0,0,
state,CE,Anidro Estoque E.Disp,stock,Apr (1),0,0,0,0,0,0,0.0,0,0.0
state,CE,Anidro Estoque E.Disp,stock,Apr (2),0,0,0,0,0,0,0.0,0,0.0
state,CE,Anidro Estoque E.Disp,stock,May (1),0,0,0,0,0,0,0.0,0,0.0
state,CE,Anidro Estoque E.Disp,stock,May (2),0,0,0,0,0,0,0.0,0,0.0
state,CE,Anidro Estoque E.Disp,stock,Jun (1),0,0,0,0,0,0,0.0,0,0.0
state,CE,Anidro Estoque E.Disp,stock,Jun (2),0,0,0,0,0,0,0.0,0,0.0
state,CE,Anidro Estoque E.Disp,stock,Jul (1),0,0,0,0,0,0,0.0,0,0.0
state,CE,Anidro Estoque E.Disp,stock,Jul (2),0,0,0,0,0,0,0.0,0,0.0
state,CE,Anidro Estoque E.Disp,stock,Aug (1),0,0,0,0,0,0,0.0,0,
state,CE,Anidro Estoque E.Disp,stock,Aug (2),0,0,0,0,0,0,0.0,0,
state,CE,Anidro Estoque E.Disp,stock,Sep (1),0,0,0,0,0,0,0.0,0,
state,CE,Anidro Estoque E.Disp,stock,Sep (2),0,0,0,0,0,0,0.0,0,
state,CE,Anidro Estoque E.Disp,stock,Oct (1),0,0,0,0,0,0,0.0,0,
state,CE,Anidro Estoque E.Disp,stock,Oct (2),0,0,0,0,0,0,0.0,0,
state,CE,Anidro Estoque E.Disp,stock,Nov (1),0,0,0,0,0,0,0.0,0,
state,CE,Anidro Estoque E.Disp,stock,Nov (2),0,0,0,0,0,0,0.0,0,
state,CE,Anidro Estoque E.Disp,stock,Dec (1),0,0,0,0,0,0,0.0,0,
state,CE,Anidro Estoque E.Disp,stock,Dec (2),0,0,0,0,0,0,0.0,0,
state,CE,Anidro Estoque E.Disp,stock,Jan (1),0,0,0,0,0,0,0.0,0,
state,CE,Anidro Estoque E.Disp,stock,Jan (2),0,0,0,0,0,0,0.0,0,
state,CE,Anidro Estoque E.Disp,stock,Feb (1),0,0,0,0,0,0,0.0,0,
state,CE,Anidro Estoque E.Disp,stock,Feb (2),0,0,0,0,0,0,0.0,0,
state,CE,Anidro Estoque E.Disp,stock,Mar (1),0,0,0,0,0,0,0.0,0,
state,CE,Anidro Estoque E.Disp,stock,Mar (2),0,0,0,0,0,0,0.0,0,
state,CE,Anidro Estoque E.Fisico,stock,Apr (1),0,0,0,0,0,0,0.0,0,0.0
state,CE,Anidro Estoque E.Fisico,stock,Apr (2),0,0,0,0,0,0,0.0,0,0.0
state,CE,Anidro Estoque E.Fisico,stock,May (1),0,0,0,0,0,0,0.0,0,0.0
state,CE,Anidro Estoque E.Fisico,stock,May (2),0,0,0,0,0,0,0.0,0,0.0
state,CE,Anidro Estoque E.Fisico,stock,Jun (1),0,0,0,0,0,0,0.0,0,0.0
state,CE,Anidro Estoque E.Fisico,stock,Jun (2),0,0,0,0,0,0,0.0,0,0.0
state,CE,Anidro Estoque E.Fisico,stock,Jul (1),0,0,0,0,0,0,0.0,0,0.0
state,CE,Anidro Estoque E.Fisico,stock,Jul (2),0,0,0,0,0,0,0.0,0,0.0
state,CE,Anidro Estoque E.Fisico,stock,Aug (1),0,0,0,0,0,0,0.0,0,
state,CE,Anidro Estoque E.Fisico,stock,Aug (2),0,0,0,0,0,0,0.0,0,
state,CE,Anidro Estoque E.Fisico,stock,Sep (1),0,0,0,0,0,0,0.0,0,
state,CE,Anidro Estoque E.Fisico,stock,Sep (2),0,0,0,0,0,0,0.0,0,
state,CE,Anidro Estoque E.Fisico,stock,Oct (1),0,0,0,0,0,0,0.0,0,
state,CE,Anidro Estoque E.Fisico,stock,Oct (2),0,0,0,0,0,0,0.0,0,
state,CE,Anidro Estoque E.Fisico,stock,Nov (1),0,0,0,0,0,0,0.0,0,
state,CE,Anidro Estoque E.Fisico,stock,Nov (2),0,0,0,0,0,0,0.0,0,
state,CE,Anidro Estoque E.Fisico,stock,Dec (1),0,0,0,0,0,0,0.0,0,
state,CE,Anidro Estoque E.Fisico,stock,Dec (2),0,0,0,0,0,0,0.0,0,
state,CE,Anidro Estoque E.Fisico,stock,Jan (1),0,0,0,0,0,0,0.0,0,
state,CE,Anidro Estoque E.Fisico,stock,Jan (2),0,0,0,0,0,0,0.0,0,
state,CE,Anidro Estoque E.Fisico,stock,Feb (1),0,0,0,0,0,0,0.0,0,
state,CE,Anidro Estoque E.Fisico,stock,Feb (2),0,0,0,0,0,0,0.0,0,
state,CE,Anidro Estoque E.Fisico,stock,Mar (1),0,0,0,0,0,0,0.0,0,
state,CE,Anidro Estoque E.Fisico,stock,Mar (2),0,0,0,0,0,0,0.0,0,
state,CE,Anidro Producao,flow,Apr (1),0,0,0,0,0,0,0.0,0,0.0
state,CE,Anidro Producao,flow,Apr (2),0,0,0,0,0,0,0.0,0,0.0
state,CE,Anidro Producao,flow,May (1),0,0,0,0,0,0,0.0,0,0.0
state,CE,Anidro Producao,flow,May (2),0,0,0,0,0,0,0.0,0,0.0
state,CE,Anidro Producao,flow,Jun (1),0,0,0,0,0,0,0.0,0,0.0
state,CE,Anidro Producao,flow,Jun (2),0,0,0,0,0,0,0.0,0,0.0
state,CE,Anidro Producao,flow,Jul (1),0,0,0,0,0,0,0.0,0,0.0
state,CE,Anidro Producao,flow,Jul (2),0,0,0,0,0,0,0.0,0,0.0
state,CE,Anidro Producao,flow,Aug (1),0,0,0,0,0,0,0.0,0,
state,CE,Anidro Producao,flow,Aug (2),0,0,0,0,0,0,0.0,0,
state,CE,Anidro Producao,flow,Sep (1),0,0,0,0,0,0,0.0,0,
state,CE,Anidro Producao,flow,Sep (2),0,0,0,0,0,0,0.0,0,
state,CE,Anidro Producao,flow,Oct (1),0,0,0,0,0,0,0.0,0,
state,CE,Anidro Producao,flow,Oct (2),0,0,0,0,0,0,0.0,0,
state,CE,Anidro Producao,flow,Nov (1),0,0,0,0,0,0,0.0,0,
state,CE,Anidro Producao,flow,Nov (2),0,0,0,0,0,0,0.0,0,
state,CE,Anidro Producao,flow,Dec (1),0,0,0,0,0,0,0.0,0,
state,CE,Anidro Producao,flow,Dec (2),0,0,0,0,0,0,0.0,0,
state,CE,Anidro Producao,flow,Jan (1),0,0,0,0,0,0,0.0,0,
state,CE,Anidro Producao,flow,Jan (2),0,0,0,0,0,0,0.0,0,
state,CE,Anidro Producao,flow,Feb (1),0,0,0,0,0,0,0.0,0,
state,CE,Anidro Producao,flow,Feb (2),0,0,0,0,0,0,0.0,0,
state,CE,Anidro Producao,flow,Mar (1),0,0,0,0,0,0,0.0,0,
state,CE,Anidro Producao,flow,Mar (2),0,0,0,0,0,0,0.0,0,
state,CE,Anidro Saidas Distrib,flow,Apr (1),0,0,0,0,0,0,0.0,0,0.0
state,CE,Anidro Saidas Distrib,flow,Apr (2),0,0,0,0,0,0,0.0,0,0.0
state,CE,Anidro Saidas Distrib,flow,May (1),0,0,0,0,0,0,0.0,0,0.0
state,CE,Anidro Saidas Distrib,flow,May (2),0,0,0,0,0,0,0.0,0,0.0
state,CE,Anidro Saidas Distrib,flow,Jun (1),0,0,0,0,0,0,0.0,0,0.0
state,CE,Anidro Saidas Distrib,flow,Jun (2),0,0,0,0,0,0,0.0,0,0.0
state,CE,Anidro Saidas Distrib,flow,Jul (1),0,0,0,0,0,0,0.0,0,0.0
state,CE,Anidro Saidas Distrib,flow,Jul (2),0,0,0,0,0,0,0.0,0,0.0
state,CE,Anidro Saidas Distrib,flow,Aug (1),0,0,0,0,0,0,0.0,0,
state,CE,Anidro Saidas Distrib,flow,Aug (2),0,0,0,0,0,0,0.0,0,
state,CE,Anidro Saidas Distrib,flow,Sep (1),0,0,0,0,0,0,0.0,0,
state,CE,Anidro Saidas Distrib,flow,Sep (2),0,0,0,0,0,0,0.0,0,
state,CE,Anidro Saidas Distrib,flow,Oct (1),0,0,0,0,0,0,0.0,0,
state,CE,Anidro Saidas Distrib,flow,Oct (2),0,0,0,0,0,0,0.0,0,
state,CE,Anidro Saidas Distrib,flow,Nov (1),0,0,0,0,0,0,0.0,0,
state,CE,Anidro Saidas Distrib,flow,Nov (2),0,0,0,0,0,0,0.0,0,
state,CE,Anidro Saidas Distrib,flow,Dec (1),0,0,0,0,0,0,0.0,0,
state,CE,Anidro Saidas Distrib,flow,Dec (2),0,0,0,0,0,0,0.0,0,
state,CE,Anidro Saidas Distrib,flow,Jan (1),0,0,0,0,0,0,0.0,0,
state,CE,Anidro Saidas Distrib,flow,Jan (2),0,0,0,0,0,0,0.0,0,
state,CE,Anidro Saidas Distrib,flow,Feb (1),0,0,0,0,0,0,0.0,0,
state,CE,Anidro Saidas Distrib,flow,Feb (2),0,0,0,0,0,0,0.0,0,
state,CE,Anidro Saidas Distrib,flow,Mar (1),0,0,0,0,0,0,0.0,0,
state,CE,Anidro Saidas Distrib,flow,Mar (2),0,0,0,0,0,0,0.0,0,
state,CE,Anidro Saidas M.Ext,flow,Apr (1),0,0,0,0,0,0,0.0,0,0.0
state,CE,Anidro Saidas M.Ext,flow,Apr (2),0,0,0,0,0,0,0.0,0,0.0
state,CE,Anidro Saidas M.Ext,flow,May (1),0,0,0,0,0,0,0.0,0,0.0
state,CE,Anidro Saidas M.Ext,flow,May (2),0,0,0,0,0,0,0.0,0,0.0
state,CE,Anidro Saidas M.Ext,flow,Jun (1),0,0,0,0,0,0,0.0,0,0.0
state,CE,Anidro Saidas M.Ext,flow,Jun (2),0,0,0,0,0,0,0.0,0,0.0
state,CE,Anidro Saidas M.Ext,flow,Jul (1),0,0,0,0,0,0,0.0,0,0.0
state,CE,Anidro Saidas M.Ext,flow,Jul (2),0,0,0,0,0,0,0.0,0,0.0
state,CE,Anidro Saidas M.Ext,flow,Aug (1),0,0,0,0,0,0,0.0,0,
state,CE,Anidro Saidas M.Ext,flow,Aug (2),0,0,0,0,0,0,0.0,0,
state,CE,Anidro Saidas M.Ext,flow,Sep (1),0,0,0,0,0,0,0.0,0,
state,CE,Anidro Saidas M.Ext,flow,Sep (2),0,0,0,0,0,0,0.0,0,
state,CE,Anidro Saidas M.Ext,flow,Oct (1),0,0,0,0,0,0,0.0,0,
state,CE,Anidro Saidas M.Ext,flow,Oct (2),0,0,0,0,0,0,0.0,0,
state,CE,Anidro Saidas M.Ext,flow,Nov (1),0,0,0,0,0,0,0.0,0,
state,CE,Anidro Saidas M.Ext,flow,Nov (2),0,0,0,0,0,0,0.0,0,
state,CE,Anidro Saidas M.Ext,flow,Dec (1),0,0,0,0,0,0,0.0,0,
state,CE,Anidro Saidas M.Ext,flow,Dec (2),0,0,0,0,0,0,0.0,0,
state,CE,Anidro Saidas M.Ext,flow,Jan (1),0,0,0,0,0,0,0.0,0,
state,CE,Anidro Saidas M.Ext,flow,Jan (2),0,0,0,0,0,0,0.0,0,
state,CE,Anidro Saidas M.Ext,flow,Feb (1),0,0,0,0,0,0,0.0,0,
state,CE,Anidro Saidas M.Ext,flow,Feb (2),0,0,0,0,0,0,0.0,0,
state,CE,Anidro Saidas M.Ext,flow,Mar (1),0,0,0,0,0,0,0.0,0,
state,CE,Anidro Saidas M.Ext,flow,Mar (2),0,0,0,0,0,0,0.0,0,
state,CE,Anidro Saidas Outras,flow,Apr (1),0,0,0,0,0,0,0.0,0,0.0
state,CE,Anidro Saidas Outras,flow,Apr (2),0,0,0,0,0,0,0.0,0,0.0
state,CE,Anidro Saidas Outras,flow,May (1),0,0,0,0,0,0,0.0,0,0.0
state,CE,Anidro Saidas Outras,flow,May (2),0,0,0,0,0,0,0.0,0,0.0
state,CE,Anidro Saidas Outras,flow,Jun (1),0,0,0,0,0,0,0.0,0,0.0
state,CE,Anidro Saidas Outras,flow,Jun (2),0,0,0,0,0,0,0.0,0,0.0
state,CE,Anidro Saidas Outras,flow,Jul (1),0,0,0,0,0,0,0.0,0,0.0
state,CE,Anidro Saidas Outras,flow,Jul (2),0,0,0,0,0,0,0.0,0,0.0
state,CE,Anidro Saidas Outras,flow,Aug (1),0,0,0,0,0,0,0.0,0,
state,CE,Anidro Saidas Outras,flow,Aug (2),0,0,0,0,0,0,0.0,0,
state,CE,Anidro Saidas Outras,flow,Sep (1),0,0,0,0,0,0,0.0,0,
state,CE,Anidro Saidas Outras,flow,Sep (2),0,0,0,0,0,0,0.0,0,
state,CE,Anidro Saidas Outras,flow,Oct (1),0,0,0,0,0,0,0.0,0,
state,CE,Anidro Saidas Outras,flow,Oct (2),0,0,0,0,0,0,0.0,0,
state,CE,Anidro Saidas Outras,flow,Nov (1),0,0,0,0,0,0,0.0,0,
state,CE,Anidro Saidas Outras,flow,Nov (2),0,0,0,0,0,0,0.0,0,
state,CE,Anidro Saidas Outras,flow,Dec (1),0,0,0,0,0,0,0.0,0,
state,CE,Anidro Saidas Outras,flow,Dec (2),0,0,0,0,0,0,0.0,0,
state,CE,Anidro Saidas Outras,flow,Jan (1),0,0,0,0,0,0,0.0,0,
state,CE,Anidro Saidas Outras,flow,Jan (2),0,0,0,0,0,0,0.0,0,
state,CE,Anidro Saidas Outras,flow,Feb (1),0,0,0,0,0,0,0.0,0,
state,CE,Anidro Saidas Outras,flow,Feb (2),0,0,0,0,0,0,0.0,0,
state,CE,Anidro Saidas Outras,flow,Mar (1),0,0,0,0,0,0,0.0,0,
state,CE,Anidro Saidas Outras,flow,Mar (2),0,0,0,0,0,0,0.0,0,
state,CE,Cana,flow,Apr (1),0,0,0,0,0,0,0.0,0,0.0
state,CE,Cana,flow,Apr (2),0,0,0,0,0,0,0.0,0,0.0
state,CE,Cana,flow,May (1),0,0,0,0,0,0,0.0,0,0.0
state,CE,Cana,flow,May (2),0,0,0,0,0,0,0.0,0,0.0
state,CE,Cana,flow,Jun (1),0,0,0,0,0,0,0.0,0,0.0
state,CE,Cana,flow,Jun (2),0,0,0,0,0,0,0.0,0,0.0
state,CE,Cana,flow,Jul (1),0,0,0,0,0,0,0.0,0,0.0
state,CE,Cana,flow,Jul (2),0,0,0,0,0,0,0.0,0,0.0
state,CE,Cana,flow,Aug (1),0,0,0,0,0,0,0.0,0,
state,CE,Cana,flow,Aug (2),0,0,0,0,0,0,0.0,0,
state,CE,Cana,flow,Sep (1),0,0,0,0,0,0,0.0,0,
state,CE,Cana,flow,Sep (2),0,0,0,0,0,0,0.0,0,
state,CE,Cana,flow,Oct (1),0,0,0,0,0,0,0.0,0,
state,CE,Cana,flow,Oct (2),0,0,0,0,0,0,0.0,0,
state,CE,Cana,flow,Nov (1),0,0,0,0,0,0,0.0,0,
state,CE,Cana,flow,Nov (2),0,0,0,0,0,0,0.0,0,
state,CE,Cana,flow,Dec (1),0,0,0,0,0,0,0.0,0,
state,CE,Cana,flow,Dec (2),0,0,0,0,0,0,0.0,0,
state,CE,Cana,flow,Jan (1),0,0,0,0,0,0,0.0,0,
state,CE,Cana,flow,Jan (2),0,0,0,0,0,0,0.0,0,
state,CE,Cana,flow,Feb (1),0,0,0,0,0,0,0.0,0,
state,CE,Cana,flow,Feb (2),0,0,0,0,0,0,0.0,0,
state,CE,Cana,flow,Mar (1),0,0,0,0,0,0,0.0,0,
state,CE,Cana,flow,Mar (2),0,0,0,0,0,0,0.0,0,
state,CE,Etanol Total,flow,Apr (1),0,0,0,0,0,0,0.0,0,0.0
state,CE,Etanol Total,flow,Apr (2),0,0,0,0,0,0,0.0,0,0.0
state,CE,Etanol Total,flow,May (1),0,0,0,0,0,0,0.0,0,0.0
state,CE,Etanol Total,flow,May (2),0,0,0,0,0,0,0.0,0,0.0
state,CE,Etanol Total,flow,Jun (1),0,0,0,0,0,0,0.0,0,0.0
state,CE,Etanol Total,flow,Jun (2),0,0,0,0,0,0,0.0,0,0.0
state,CE,Etanol Total,flow,Jul (1),0,0,0,0,0,0,0.0,0,0.0
state,CE,Etanol Total,flow,Jul (2),0,0,0,0,0,0,0.0,0,0.0
state,CE,Etanol Total,flow,Aug (1),0,0,0,0,0,0,0.0,0,
state,CE,Etanol Total,flow,Aug (2),0,0,0,0,0,0,0.0,0,
state,CE,Etanol Total,flow,Sep (1),0,0,0,0,0,0,0.0,0,
state,CE,Etanol Total,flow,Sep (2),0,0,0,0,0,0,0.0,0,
state,CE,Etanol Total,flow,Oct (1),0,0,0,0,0,0,0.0,0,
state,CE,Etanol Total,flow,Oct (2),0,0,0,0,0,0,0.0,0,
state,CE,Etanol Total,flow,Nov (1),0,0,0,0,0,0,0.0,0,
state,CE,Etanol Total,flow,Nov (2),0,0,0,0,0,0,0.0,0,
state,CE,Etanol Total,flow,Dec (1),0,0,0,0,0,0,0.0,0,
state,CE,Etanol Total,flow,Dec (2),0,0,0,0,0,0,0.0,0,
state,CE,Etanol Total,flow,Jan (1),0,0,0,0,0,0,0.0,0,
state,CE,Etanol Total,flow,Jan (2),0,0,0,0,0,0,0.0,0,
state,CE,Etanol Total,flow,Feb (1),0,0,0,0,0,0,0.0,0,
state,CE,Etanol Total,flow,Feb (2),0,0,0,0,0,0,0.0,0,
state,CE,Etanol Total,flow,Mar (1),0,0,0,0,0,0,0.0,0,
state,CE,Etanol Total,flow,Mar (2),0,0,0,0,0,0,0.0,0,
state,CE,Hidratado Entradas,flow,Apr (1),0,0,0,0,0,0,0.0,0,0.0
state,CE,Hidratado Entradas,flow,Apr (2),0,0,0,0,0,0,0.0,0,0.0
state,CE,Hidratado Entradas,flow,May (1),0,0,0,0,0,0,0.0,0,0.0
state,CE,Hidratado Entradas,flow,May (2),0,0,0,0,0,0,0.0,0,0.0
state,CE,Hidratado Entradas,flow,Jun (1),0,0,0,0,0,0,0.0,0,0.0
state,CE,Hidratado Entradas,flow,Jun (2),0,0,0,0,0,0,0.0,0,0.0
state,CE,Hidratado Entradas,flow,Jul (1),0,0,0,0,0,0,0.0,0,0.0
state,CE,Hidratado Entradas,flow,Jul (2),0,0,0,0,0,0,0.0,0,0.0
state,CE,Hidratado Entradas,flow,Aug (1),0,0,0,0,0,0,0.0,0,
state,CE,Hidratado Entradas,flow,Aug (2),0,0,0,0,0,0,0.0,0,
state,CE,Hidratado Entradas,flow,Sep (1),0,0,0,0,0,0,0.0,0,
state,CE,Hidratado Entradas,flow,Sep (2),0,0,0,0,0,0,0.0,0,
state,CE,Hidratado Entradas,flow,Oct (1),0,0,0,0,0,0,0.0,0,
state,CE,Hidratado Entradas,flow,Oct (2),0,0,0,0,0,0,0.0,0,
state,CE,Hidratado Entradas,flow,Nov (1),0,0,0,0,0,0,0.0,0,
state,CE,Hidratado Entradas,flow,Nov (2),0,0,0,0,0,0,0.0,0,
state,CE,Hidratado Entradas,flow,Dec (1),0,0,0,0,0,0,0.0,0,
state,CE,Hidratado Entradas,flow,Dec (2),0,0,0,0,0,0,0.0,0,
state,CE,Hidratado Entradas,flow,Jan (1),0,0,0,0,0,0,0.0,0,
state,CE,Hidratado Entradas,flow,Jan (2),0,0,0,0,0,0,0.0,0,
state,CE,Hidratado Entradas,flow,Feb (1),0,0,0,0,0,0,0.0,0,
state,CE,Hidratado Entradas,flow,Feb (2),0,0,0,0,0,0,0.0,0,
state,CE,Hidratado Entradas,flow,Mar (1),0,0,0,0,0,0,0.0,0,
state,CE,Hidratado Entradas,flow,Mar (2),0,0,0,0,0,0,0.0,0,
state,CE,Hidratado Estoque E.Disp,stock,Apr (1),0,0,0,0,0,0,0.0,0,0.0
state,CE,Hidratado Estoque E.Disp,stock,Apr (2),0,0,0,0,0,0,0.0,0,0.0
state,CE,Hidratado Estoque E.Disp,stock,May (1),0,0,0,0,0,0,0.0,0,0.0
state,CE,Hidratado Estoque E.Disp,stock,May (2),0,0,0,0,0,0,0.0,0,0.0
state,CE,Hidratado Estoque E.Disp,stock,Jun (1),0,0,0,0,0,0,0.0,0,0.0
state,CE,Hidratado Estoque E.Disp,stock,Jun (2),0,0,0,0,0,0,0.0,0,0.0
state,CE,Hidratado Estoque E.Disp,stock,Jul (1),0,0,0,0,0,0,0.0,0,0.0
state,CE,Hidratado Estoque E.Disp,stock,Jul (2),0,0,0,0,0,0,0.0,0,0.0
state,CE,Hidratado Estoque E.Disp,stock,Aug (1),0,0,0,0,0,0,0.0,0,
state,CE,Hidratado Estoque E.Disp,stock,Aug (2),0,0,0,0,0,0,0.0,0,
state,CE,Hidratado Estoque E.Disp,stock,Sep (1),0,0,0,0,0,0,0.0,0,
state,CE,Hidratado Estoque E.Disp,stock,Sep (2),0,0,0,0,0,0,0.0,0,
state,CE,Hidratado Estoque E.Disp,stock,Oct (1),0,0,0,0,0,0,0.0,0,
state,CE,Hidratado Estoque E.Disp,stock,Oct (2),0,0,0,0,0,0,0.0,0,
state,CE,Hidratado Estoque E.Disp,stock,Nov (1),0,0,0,0,0,0,0.0,0,
state,CE,Hidratado Estoque E.Disp,stock,Nov (2),0,0,0,0,0,0,0.0,0,
state,CE,Hidratado Estoque E.Disp,stock,Dec (1),0,0,0,0,0,0,0.0,0,
state,CE,Hidratado Estoque E.Disp,stock,Dec (2),0,0,0,0,0,0,0.0,0,
state,CE,Hidratado Estoque E.Disp,stock,Jan (1),0,0,0,0,0,0,0.0,0,
state,CE,Hidratado Estoque E.Disp,stock,Jan (2),0,0,0,0,0,0,0.0,0,
state,CE,Hidratado Estoque E.Disp,stock,Feb (1),0,0,0,0,0,0,0.0,0,
state,CE,Hidratado Estoque E.Disp,stock,Feb (2),0,0,0,0,0,0,0.0,0,
state,CE,Hidratado Estoque E.Disp,stock,Mar (1),0,0,0,0,0,0,0.0,0,
state,CE,Hidratado Estoque E.Disp,stock,Mar (2),0,0,0,0,0,0,0.0,0,
state,CE,Hidratado Estoque E.Fisico,stock,Apr (1),0,0,0,0,0,0,0.0,0,0.0
state,CE,Hidratado Estoque E.Fisico,stock,Apr (2),0,0,0,0,0,0,0.0,0,0.0
state,CE,Hidratado Estoque E.Fisico,stock,May (1),0,0,0,0,0,0,0.0,0,0.0
state,CE,Hidratado Estoque E.Fisico,stock,May (2),0,0,0,0,0,0,0.0,0,0.0
state,CE,Hidratado Estoque E.Fisico,stock,Jun (1),0,0,0,0,0,0,0.0,0,0.0
state,CE,Hidratado Estoque E.Fisico,stock,Jun (2),0,0,0,0,0,0,0.0,0,0.0
state,CE,Hidratado Estoque E.Fisico,stock,Jul (1),0,0,0,0,0,0,0.0,0,0.0
state,CE,Hidratado Estoque E.Fisico,stock,Jul (2),0,0,0,0,0,0,0.0,0,0.0
state,CE,Hidratado Estoque E.Fisico,stock,Aug (1),0,0,0,0,0,0,0.0,0,
state,CE,Hidratado Estoque E.Fisico,stock,Aug (2),0,0,0,0,0,0,0.0,0,
state,CE,Hidratado Estoque E.Fisico,stock,Sep (1),0,0,0,0,0,0,0.0,0,
state,CE,Hidratado Estoque E.Fisico,stock,Sep (2),0,0,0,0,0,0,0.0,0,
state,CE,Hidratado Estoque E.Fisico,stock,Oct (1),0,0,0,0,0,0,0.0,0,
state,CE,Hidratado Estoque E.Fisico,stock,Oct (2),0,0,0,0,0,0,0.0,0,
state,CE,Hidratado Estoque E.Fisico,stock,Nov (1),0,0,0,0,0,0,0.0,0,
state,CE,Hidratado Estoque E.Fisico,stock,Nov (2),0,0,0,0,0,0,0.0,0,
state,CE,Hidratado Estoque E.Fisico,stock,Dec (1),0,0,0,0,0,0,0.0,0,
state,CE,Hidratado Estoque E.Fisico,stock,Dec (2),0,0,0,0,0,0,0.0,0,
state,CE,Hidratado Estoque E.Fisico,stock,Jan (1),0,0,0,0,0,0,0.0,0,
state,CE,Hidratado Estoque E.Fisico,stock,Jan (2),0,0,0,0,0,0,0.0,0,
state,CE,Hidratado Estoque E.Fisico,stock,Feb (1),0,0,0,0,0,0,0.0,0,
state,CE,Hidratado Estoque E.Fisico,stock,Feb (2),0,0,0,0,0,0,0.0,0,
state,CE,Hidratado Estoque E.Fisico,stock,Mar (1),0,0,0,0,0,0,0.0,0,
state,CE,Hidratado Estoque E.Fisico,stock,Mar (2),0,0,0,0,0,0,0.0,0,
state,CE,Hidratado Producao,flow,Apr (1),0,0,0,0,0,0,0.0,0,0.0
state,CE,Hidratado Producao,flow,Apr (2),0,0,0,0,0,0,0.0,0,0.0
state,CE,Hidratado Producao,flow,May (1),0,0,0,0,0,0,0.0,0,0.0
state,CE,Hidratado Producao,flow,May (2),0,0,0,0,0,0,0.0,0,0.0
state,CE,Hidratado Producao,flow,Jun (1),0,0,0,0,0,0,0.0,0,0.0
state,CE,Hidratado Producao,flow,Jun (2),0,0,0,0,0,0,0.0,0,0.0
state,CE,Hidratado Producao,flow,Jul (1),0,0,0,0,0,0,0.0,0,0.0
state,CE,Hidratado Producao,flow,Jul (2),0,0,0,0,0,0,0.0,0,0.0
state,CE,Hidratado Producao,flow,Aug (1),0,0,0,0,0,0,0.0,0,
state,CE,Hidratado Producao,flow,Aug (2),0,0,0,0,0,0,0.0,0,
state,CE,Hidratado Producao,flow,Sep (1),0,0,0,0,0,0,0.0,0,
state,CE,Hidratado Producao,flow,Sep (2),0,0,0,0,0,0,0.0,0,
state,CE,Hidratado Producao,flow,Oct (1),0,0,0,0,0,0,0.0,0,
state,CE,Hidratado Producao,flow,Oct (2),0,0,0,0,0,0,0.0,0,
state,CE,Hidratado Producao,flow,Nov (1),0,0,0,0,0,0,0.0,0,
state,CE,Hidratado Producao,flow,Nov (2),0,0,0,0,0,0,0.0,0,
state,CE,Hidratado Producao,flow,Dec (1),0,0,0,0,0,0,0.0,0,
state,CE,Hidratado Producao,flow,Dec (2),0,0,0,0,0,0,0.0,0,
state,CE,Hidratado Producao,flow,Jan (1),0,0,0,0,0,0,0.0,0,
state,CE,Hidratado Producao,flow,Jan (2),0,0,0,0,0,0,0.0,0,
state,CE,Hidratado Producao,flow,Feb (1),0,0,0,0,0,0,0.0,0,
state,CE,Hidratado Producao,flow,Feb (2),0,0,0,0,0,0,0.0,0,
state,CE,Hidratado Producao,flow,Mar (1),0,0,0,0,0,0,0.0,0,
state,CE,Hidratado Producao,flow,Mar (2),0,0,0,0,0,0,0.0,0,
state,CE,Hidratado Saidas Distrib,flow,Apr (1),0,0,0,0,0,0,0.0,0,0.0
state,CE,Hidratado Saidas Distrib,flow,Apr (2),0,0,0,0,0,0,0.0,0,0.0
state,CE,Hidratado Saidas Distrib,flow,May (1),0,0,0,0,0,0,0.0,0,0.0
state,CE,Hidratado Saidas Distrib,flow,May (2),0,0,0,0,0,0,0.0,0,0.0
state,CE,Hidratado Saidas Distrib,flow,Jun (1),0,0,0,0,0,0,0.0,0,0.0
state,CE,Hidratado Saidas Distrib,flow,Jun (2),0,0,0,0,0,0,0.0,0,0.0
state,CE,Hidratado Saidas Distrib,flow,Jul (1),0,0,0,0,0,0,0.0,0,0.0
state,CE,Hidratado Saidas Distrib,flow,Jul (2),0,0,0,0,0,0,0.0,0,0.0
state,CE,Hidratado Saidas Distrib,flow,Aug (1),0,0,0,0,0,0,0.0,0,
state,CE,Hidratado Saidas Distrib,flow,Aug (2),0,0,0,0,0,0,0.0,0,
state,CE,Hidratado Saidas Distrib,flow,Sep (1),0,0,0,0,0,0,0.0,0,
state,CE,Hidratado Saidas Distrib,flow,Sep (2),0,0,0,0,0,0,0.0,0,
state,CE,Hidratado Saidas Distrib,flow,Oct (1),0,0,0,0,0,0,0.0,0,
state,CE,Hidratado Saidas Distrib,flow,Oct (2),0,0,0,0,0,0,0.0,0,
state,CE,Hidratado Saidas Distrib,flow,Nov (1),0,0,0,0,0,0,0.0,0,
state,CE,Hidratado Saidas Distrib,flow,Nov (2),0,0,0,0,0,0,0.0,0,
state,CE,Hidratado Saidas Distrib,flow,Dec (1),0,0,0,0,0,0,0.0,0,
state,CE,Hidratado Saidas Distrib,flow,Dec (2),0,0,0,0,0,0,0.0,0,
state,CE,Hidratado Saidas Distrib,flow,Jan (1),0,0,0,0,0,0,0.0,0,
state,CE,Hidratado Saidas Distrib,flow,Jan (2),0,0,0,0,0,0,0.0,0,
state,CE,Hidratado Saidas Distrib,flow,Feb (1),0,0,0,0,0,0,0.0,0,
state,CE,Hidratado Saidas Distrib,flow,Feb (2),0,0,0,0,0,0,0.0,0,
state,CE,Hidratado Saidas Distrib,flow,Mar (1),0,0,0,0,0,0,0.0,0,
state,CE,Hidratado Saidas Distrib,flow,Mar (2),0,0,0,0,0,0,0.0,0,
state,CE,Hidratado Saidas M.Ext,flow,Apr (1),0,0,0,0,0,0,0.0,0,0.0
state,CE,Hidratado Saidas M.Ext,flow,Apr (2),0,0,0,0,0,0,0.0,0,0.0
state,CE,Hidratado Saidas M.Ext,flow,May (1),0,0,0,0,0,0,0.0,0,0.0
state,CE,Hidratado Saidas M.Ext,flow,May (2),0,0,0,0,0,0,0.0,0,0.0
state,CE,Hidratado Saidas M.Ext,flow,Jun (1),0,0,0,0,0,0,0.0,0,0.0
state,CE,Hidratado Saidas M.Ext,flow,Jun (2),0,0,0,0,0,0,0.0,0,0.0
state,CE,Hidratado Saidas M.Ext,flow,Jul (1),0,0,0,0,0,0,0.0,0,0.0
state,CE,Hidratado Saidas M.Ext,flow,Jul (2),0,0,0,0,0,0,0.0,0,0.0
state,CE,Hidratado Saidas M.Ext,flow,Aug (1),0,0,0,0,0,0,0.0,0,
state,CE,Hidratado Saidas M.Ext,flow,Aug (2),0,0,0,0,0,0,0.0,0,
state,CE,Hidratado Saidas M.Ext,flow,Sep (1),0,0,0,0,0,0,0.0,0,
state,CE,Hidratado Saidas M.Ext,flow,Sep (2),0,0,0,0,0,0,0.0,0,
state,CE,Hidratado Saidas M.Ext,flow,Oct (1),0,0,0,0,0,0,0.0,0,
state,CE,Hidratado Saidas M.Ext,flow,Oct (2),0,0,0,0,0,0,0.0,0,
state,CE,Hidratado Saidas M.Ext,flow,Nov (1),0,0,0,0,0,0,0.0,0,
state,CE,Hidratado Saidas M.Ext,flow,Nov (2),0,0,0,0,0,0,0.0,0,
state,CE,Hidratado Saidas M.Ext,flow,Dec (1),0,0,0,0,0,0,0.0,0,
state,CE,Hidratado Saidas M.Ext,flow,Dec (2),0,0,0,0,0,0,0.0,0,
state,CE,Hidratado Saidas M.Ext,flow,Jan (1),0,0,0,0,0,0,0.0,0,
state,CE,Hidratado Saidas M.Ext,flow,Jan (2),0,0,0,0,0,0,0.0,0,
state,CE,Hidratado Saidas M.Ext,flow,Feb (1),0,0,0,0,0,0,0.0,0,
state,CE,Hidratado Saidas M.Ext,flow,Feb (2),0,0,0,0,0,0,0.0,0,
state,CE,Hidratado Saidas M.Ext,flow,Mar (1),0,0,0,0,0,0,0.0,0,
state,CE,Hidratado Saidas M.Ext,flow,Mar (2),0,0,0,0,0,0,0.0,0,
state,CE,Hidratado Saidas Outras,flow,Apr (1),0,0,0,0,0,0,0.0,0,0.0
state,CE,Hidratado Saidas Outras,flow,Apr (2),0,0,0,0,0,0,0.0,0,0.0
state,CE,Hidratado Saidas Outras,flow,May (1),0,0,0,0,0,0,0.0,0,0.0
state,CE,Hidratado Saidas Outras,flow,May (2),0,0,0,0,0,0,0.0,0,0.0
state,CE,Hidratado Saidas Outras,flow,Jun (1),0,0,0,0,0,0,0.0,0,0.0
state,CE,Hidratado Saidas Outras,flow,Jun (2),0,0,0,0,0,0,0.0,0,0.0
state,CE,Hidratado Saidas Outras,flow,Jul (1),0,0,0,0,0,0,0.0,0,0.0
state,CE,Hidratado Saidas Outras,flow,Jul (2),0,0,0,0,0,0,0.0,0,0.0
state,CE,Hidratado Saidas Outras,flow,Aug (1),0,0,0,0,0,0,0.0,0,
state,CE,Hidratado Saidas Outras,flow,Aug (2),0,0,0,0,0,0,0.0,0,
state,CE,Hidratado Saidas Outras,flow,Sep (1),0,0,0,0,0,0,0.0,0,
state,CE,Hidratado Saidas Outras,flow,Sep (2),0,0,0,0,0,0,0.0,0,
state,CE,Hidratado Saidas Outras,flow,Oct (1),0,0,0,0,0,0,0.0,0,
state,CE,Hidratado Saidas Outras,flow,Oct (2),0,0,0,0,0,0,0.0,0,
state,CE,Hidratado Saidas Outras,flow,Nov (1),0,0,0,0,0,0,0.0,0,
state,CE,Hidratado Saidas Outras,flow,Nov (2),0,0,0,0,0,0,0.0,0,
state,CE,Hidratado Saidas Outras,flow,Dec (1),0,0,0,0,0,0,0.0,0,
state,CE,Hidratado Saidas Outras,flow,Dec (2),0,0,0,0,0,0,0.0,0,
state,CE,Hidratado Saidas Outras,flow,Jan (1),0,0,0,0,0,0,0.0,0,
state,CE,Hidratado Saidas Outras,flow,Jan (2),0,0,0,0,0,0,0.0,0,
state,CE,Hidratado Saidas Outras,flow,Feb (1),0,0,0,0,0,0,0.0,0,
state,CE,Hidratado Saidas Outras,flow,Feb (2),0,0,0,0,0,0,0.0,0,
state,CE,Hidratado Saidas Outras,flow,Mar (1),0,0,0,0,0,0,0.0,0,
state,CE,Hidratado Saidas Outras,flow,Mar (2),0,0,0,0,0,0,0.0,0,
state,ES,Acucar,flow,Apr (1),0,0,0,0,0,4983,0.0,1376,0.0
state,ES,Acucar,flow,Apr (2),1164,0,0,2634,11551,5843,155.0,3986,6870.0
state,ES,Acucar,flow,May (1),5779,3012,2180,7072,8587,7893,7449.0,4265,11003.0
state,ES,Acucar,flow,May (2),6595,8379,7642,7034,9498,8965,12269.0,7918,12951.0
state,ES,Acucar,flow,Jun (1),8980,10453,10148,9339,11192,9188,12390.0,10528,11567.0
state,ES,Acucar,flow,Jun (2),8365,11411,10240,11520,11243,11129,12165.0,10632,14013.0
state,ES,Acucar,flow,Jul (1),10736,9749,9884,12780,10704,13016,15368.0,9289,13048.0
state,ES,Acucar,flow,Jul (2),11787,9817,10572,12356,11543,8483,13483.0,17010,13540.0
state,ES,Acucar,flow,Aug (1),9526,7074,12014,11845,11933,11942,10147.0,17486,
state,ES,Acucar,flow,Aug (2),12527,9396,13454,11096,10493,10627,17309.0,13959,
state,ES,Acucar,flow,Sep (1),11534,7483,13725,8649,10127,12203,5081.0,12924,
state,ES,Acucar,flow,Sep (2),11869,7685,10289,11281,8350,11234,23012.0,9029,
state,ES,Acucar,flow,Oct (1),8730,9131,9650,5926,8239,11333,7491.0,10042,
state,ES,Acucar,flow,Oct (2),9496,8857,6958,5809,6424,9846,8636.0,6288,
state,ES,Acucar,flow,Nov (1),4739,8688,5248,3518,3479,8631,0.0,8550,
state,ES,Acucar,flow,Nov (2),6819,3406,3605,5623,0,8229,7636.0,8035,
state,ES,Acucar,flow,Dec (1),1597,5404,5640,0,0,4284,0.0,4704,
state,ES,Acucar,flow,Dec (2),0,7171,5910,0,0,0,12637.0,10642,
state,ES,Acucar,flow,Jan (1),0,4274,0,0,0,0,1398.0,6013,
state,ES,Acucar,flow,Jan (2),15674,3648,0,0,0,130,0.0,4017,
state,ES,Acucar,flow,Feb (1),943,2508,0,0,0,0,0.0,1687,
state,ES,Acucar,flow,Feb (2),0,0,0,0,0,0,0.0,0,
state,ES,Acucar,flow,Mar (1),81,0,0,0,0,0,135.0,0,
state,ES,Acucar,flow,Mar (2),0,59,0,0,0,0,0.0,0,
state,ES,Anidro Entradas,flow,Apr (1),5603,9876,4780,993,122,1449,11816.0,16803,2312.0
state,ES,Anidro Entradas,flow,Apr (2),0,0,0,0,8819,0,0.0,0,0.0
state,ES,Anidro Entradas,flow,May (1),0,0,0,55,0,0,0.0,221,0.0
state,ES,Anidro Entradas,flow,May (2),764,545,0,0,0,0,52.0,158,0.0
state,ES,Anidro Entradas,flow,Jun (1),0,225,299,0,0,0,404.0,0,143.0
state,ES,Anidro Entradas,flow,Jun (2),0,37,395,0,0,0,0.0,0,44.0
state,ES,Anidro Entradas,flow,Jul (1),0,166,14,0,0,0,141.0,0,138.0
state,ES,Anidro Entradas,flow,Jul (2),0,67,323,0,0,0,196.0,0,499.0
state,ES,Anidro Entradas,flow,Aug (1),46,570,250,0,0,0,311.0,0,
state,ES,Anidro Entradas,flow,Aug (2),356,568,0,0,0,416,225.0,29,
state,ES,Anidro Entradas,flow,Sep (1),0,115,0,0,0,128,0.0,85,
state,ES,Anidro Entradas,flow,Sep (2),104,150,206,0,0,215,210.0,705,
state,ES,Anidro Entradas,flow,Oct (1),0,317,52,47,0,455,584.0,250,
state,ES,Anidro Entradas,flow,Oct (2),652,438,938,0,0,50,0.0,530,
state,ES,Anidro Entradas,flow,Nov (1),1200,191,159,0,416,0,0.0,0,
state,ES,Anidro Entradas,flow,Nov (2),60,1352,0,0,0,0,0.0,262,
state,ES,Anidro Entradas,flow,Dec (1),282,741,0,0,0,299,0.0,0,
state,ES,Anidro Entradas,flow,Dec (2),0,189,0,0,0,2018,0.0,0,
state,ES,Anidro Entradas,flow,Jan (1),0,195,0,0,0,0,184.0,103,
state,ES,Anidro Entradas,flow,Jan (2),40,0,0,0,0,0,0.0,244,
state,ES,Anidro Entradas,flow,Feb (1),1197,352,0,0,0,0,0.0,74,
state,ES,Anidro Entradas,flow,Feb (2),0,0,0,0,0,0,0.0,0,
state,ES,Anidro Entradas,flow,Mar (1),0,0,0,0,0,0,0.0,0,
state,ES,Anidro Entradas,flow,Mar (2),0,0,0,0,0,0,0.0,0,
state,ES,Anidro Estoque E.Disp,stock,Apr (1),3504,6050,2965,209,121,2370,6268.0,12583,431.0
state,ES,Anidro Estoque E.Disp,stock,Apr (2),464,2719,1823,1413,10206,3245,3398.0,11509,1996.0
state,ES,Anidro Estoque E.Disp,stock,May (1),1995,1244,1294,4246,13371,5384,3961.0,10122,4054.0
state,ES,Anidro Estoque E.Disp,stock,May (2),5072,3751,3534,6873,16012,7947,6897.0,9672,8532.0
state,ES,Anidro Estoque E.Disp,stock,Jun (1),4085,6949,3164,10860,20183,10595,11091.0,9439,11222.0
state,ES,Anidro Estoque E.Disp,stock,Jun (2),4910,12134,4934,12193,23021,14039,12242.0,9791,14598.0
state,ES,Anidro Estoque E.Disp,stock,Jul (1),6766,14219,6514,15037,26966,17706,13856.0,9882,19513.0
state,ES,Anidro Estoque E.Disp,stock,Jul (2),10152,16127,6772,17512,30438,19108,16668.0,13348,23277.0
state,ES,Anidro Estoque E.Disp,stock,Aug (1),12988,16581,7925,22001,33906,22119,19667.0,15474,
state,ES,Anidro Estoque E.Disp,stock,Aug (2),11423,16990,10236,23302,33247,24429,23737.0,19065,
state,ES,Anidro Estoque E.Disp,stock,Sep (1),19032,17904,11033,26091,33305,27644,25279.0,18912,
state,ES,Anidro Estoque E.Disp,stock,Sep (2),20936,19422,11634,27998,32286,30257,28929.0,19552,
state,ES,Anidro Estoque E.Disp,stock,Oct (1),23541,20944,11815,27735,32513,32505,29491.0,21606,
state,ES,Anidro Estoque E.Disp,stock,Oct (2),23412,20626,10981,29091,28978,33123,30535.0,21903,
state,ES,Anidro Estoque E.Disp,stock,Nov (1),24427,19118,10938,28027,26857,32240,29734.0,21771,
state,ES,Anidro Estoque E.Disp,stock,Nov (2),25119,17467,8632,28530,22275,32518,29736.0,22082,
state,ES,Anidro Estoque E.Disp,stock,Dec (1),25103,17308,8982,25361,18022,30888,28930.0,18857,
state,ES,Anidro Estoque E.Disp,stock,Dec (2),24548,16164,10511,21397,12478,29336,29239.0,18193,
state,ES,Anidro Estoque E.Disp,stock,Jan (1),24302,15306,10511,19130,9159,28139,27957.0,16179,
state,ES,Anidro Estoque E.Disp,stock,Jan (2),24141,13523,4845,16390,5601,22720,25365.0,14951,
state,ES,Anidro Estoque E.Disp,stock,Feb (1),21936,12102,3036,15123,5525,19630,23332.0,12359,
state,ES,Anidro Estoque E.Disp,stock,Feb (2),18576,9442,2376,13024,3513,16780,20191.0,11540,
state,ES,Anidro Estoque E.Disp,stock,Mar (1),14802,6452,1334,11176,2512,15924,17748.0,5527,
state,ES,Anidro Estoque E.Disp,stock,Mar (2),9876,4780,993,8868,1349,10335,15211.0,1555,
state,ES,Anidro Estoque E.Fisico,stock,Apr (1),3504,6050,2965,209,122,2553,8143.0,13171,441.0
state,ES,Anidro Estoque E.Fisico,stock,Apr (2),664,2719,1823,1413,10207,3339,4411.0,11553,2126.0
state,ES,Anidro Estoque E.Fisico,stock,May (1),2356,1439,1294,4246,13372,5478,4363.0,10121,4093.0
state,ES,Anidro Estoque E.Fisico,stock,May (2),5101,3751,3534,6873,16480,7947,7134.0,9672,8532.0
state,ES,Anidro Estoque E.Fisico,stock,Jun (1),4114,6949,3164,10861,20184,11232,11440.0,9573,11996.0
state,ES,Anidro Estoque E.Fisico,stock,Jun (2),5009,12278,4934,12194,23021,14881,13488.0,10263,15254.0
state,ES,Anidro Estoque E.Fisico,stock,Jul (1),7953,14404,6514,15038,26967,18137,15049.0,10188,20026.0
state,ES,Anidro Estoque E.Fisico,stock,Jul (2),10350,16338,6772,17513,30600,19650,18251.0,13680,24058.0
state,ES,Anidro Estoque E.Fisico,stock,Aug (1),13051,16840,7925,22001,34117,22276,20866.0,15484,
state,ES,Anidro Estoque E.Fisico,stock,Aug (2),15627,17052,10237,23303,35561,25469,24496.0,19492,
state,ES,Anidro Estoque E.Fisico,stock,Sep (1),19061,17904,11342,26091,35494,28877,26358.0,19951,
state,ES,Anidro Estoque E.Fisico,stock,Sep (2),20936,19422,11853,27998,34452,31274,30016.0,20539,
state,ES,Anidro Estoque E.Fisico,stock,Oct (1),23541,20973,11990,27736,34869,33816,30404.0,22683,
state,ES,Anidro Estoque E.Fisico,stock,Oct (2),23412,20626,11065,29092,31271,34582,31641.0,22494,
state,ES,Anidro Estoque E.Fisico,stock,Nov (1),25501,19118,11022,28205,28500,35671,30860.0,22265,
state,ES,Anidro Estoque E.Fisico,stock,Nov (2),25784,17467,8670,28531,23581,33263,30779.0,22602,
state,ES,Anidro Estoque E.Fisico,stock,Dec (1),25556,17308,8982,25362,18491,31430,30151.0,19620,
state,ES,Anidro Estoque E.Fisico,stock,Dec (2),24862,16164,10511,21398,12858,30271,30592.0,18438,
state,ES,Anidro Estoque E.Fisico,stock,Jan (1),24375,15306,10511,19131,9613,29373,29498.0,16650,
state,ES,Anidro Estoque E.Fisico,stock,Jan (2),24369,13523,4845,16390,5698,24008,26085.0,15237,
state,ES,Anidro Estoque E.Fisico,stock,Feb (1),21936,12102,3036,15123,5538,20615,24079.0,12382,
state,ES,Anidro Estoque E.Fisico,stock,Feb (2),18576,9442,2376,13025,3646,18000,21382.0,11649,
state,ES,Anidro Estoque E.Fisico,stock,Mar (1),14802,6452,1334,11177,2631,17062,19648.0,5722,
state,ES,Anidro Estoque E.Fisico,stock,Mar (2),9876,4780,993,8869,1449,11816,16803.0,2312,
state,ES,Anidro Producao,flow,Apr (1),0,0,0,0,0,2647,0.0,345,0.0
state,ES,Anidro Producao,flow,Apr (2),365,660,0,1552,5752,3385,0.0,1897,3898.0
state,ES,Anidro Producao,flow,May (1),5151,2654,1017,4359,5916,4270,3077.0,2110,7200.0
state,ES,Anidro Producao,flow,May (2),5862,6628,3919,4602,7318,5048,6152.0,3440,8831.0
state,ES,Anidro Producao,flow,Jun (1),7902,8501,3249,6294,8042,6243,6300.0,4064,7687.0
state,ES,Anidro Producao,flow,Jun (2),6164,9416,4293,6913,7612,6494,5102.0,5249,8015.0
state,ES,Anidro Producao,flow,Jul (1),8569,9179,5392,8248,7532,6151,3909.0,4853,8531.0
state,ES,Anidro Producao,flow,Jul (2),8809,9857,5432,7693,9383,4690,5650.0,6863,8343.0
state,ES,Anidro Producao,flow,Aug (1),7572,7374,5531,7783,8373,5974,5114.0,6715,
state,ES,Anidro Producao,flow,Aug (2),7944,7073,6978,7399,6623,5138,6053.0,7500,
state,ES,Anidro Producao,flow,Sep (1),8617,6768,6594,5461,5725,5205,2520.0,4296,
state,ES,Anidro Producao,flow,Sep (2),7521,6995,5070,5770,4657,5449,8293.0,4930,
state,ES,Anidro Producao,flow,Oct (1),7715,5165,5575,4189,4245,4998,2756.0,6358,
state,ES,Anidro Producao,flow,Oct (2),4025,4483,3786,4138,3223,4343,3158.0,3934,
state,ES,Anidro Producao,flow,Nov (1),3991,3784,3230,1980,2612,3445,0.0,3780,
state,ES,Anidro Producao,flow,Nov (2),6010,2079,2713,3472,0,1401,3592.0,2919,
state,ES,Anidro Producao,flow,Dec (1),2636,2940,3571,207,0,2437,0.0,2460,
state,ES,Anidro Producao,flow,Dec (2),0,4382,4553,0,0,0,5750.0,4521,
state,ES,Anidro Producao,flow,Jan (1),0,2871,0,0,0,0,767.0,3506,
state,ES,Anidro Producao,flow,Jan (2),11904,2659,0,0,0,0,0.0,3087,
state,ES,Anidro Producao,flow,Feb (1),785,1874,0,0,0,0,0.0,2003,
state,ES,Anidro Producao,flow,Feb (2),0,0,0,0,0,0,0.0,0,
state,ES,Anidro Producao,flow,Mar (1),0,0,0,0,0,0,0.0,0,
state,ES,Anidro Producao,flow,Mar (2),0,0,0,0,0,0,0.0,0,
state,ES,Anidro Saidas Distrib,flow,Apr (1),2098,3524,1815,779,0,1540,3646.0,3901,1859.0
state,ES,Anidro Saidas Distrib,flow,Apr (2),3199,3902,1142,345,4475,2596,3720.0,3513,2211.0
state,ES,Anidro Saidas Distrib,flow,May (1),3454,3881,1543,1576,2745,2125,3052.0,3758,5230.0
state,ES,Anidro Saidas Distrib,flow,May (2),3877,4799,1675,1969,4185,2577,3428.0,4047,4389.0
state,ES,Anidro Saidas Distrib,flow,Jun (1),8728,5526,3909,2298,4337,2951,2397.0,4163,4366.0
state,ES,Anidro Saidas Distrib,flow,Jun (2),5241,4101,2913,5567,4773,2697,3052.0,4553,4745.0
state,ES,Anidro Saidas Distrib,flow,Jul (1),5489,7207,3817,5397,3580,2860,2487.0,4928,3891.0
state,ES,Anidro Saidas Distrib,flow,Jul (2),6213,7958,5490,5218,5740,3175,2640.0,3367,4805.0
state,ES,Anidro Saidas Distrib,flow,Aug (1),4796,7413,4628,3294,4846,3345,2809.0,4906,
state,ES,Anidro Saidas Distrib,flow,Aug (2),5706,7427,4655,6086,5170,2359,2640.0,3521,
state,ES,Anidro Saidas Distrib,flow,Sep (1),5170,6006,5477,2668,5666,1910,658.0,3922,
state,ES,Anidro Saidas Distrib,flow,Sep (2),5708,5620,4762,3863,5693,3264,4835.0,5044,
state,ES,Anidro Saidas Distrib,flow,Oct (1),5103,3898,5483,4498,3814,2873,2952.0,4464,
state,ES,Anidro Saidas Distrib,flow,Oct (2),4798,5251,5640,2778,6802,3624,1914.0,4648,
state,ES,Anidro Saidas Distrib,flow,Nov (1),3097,5452,3427,2867,5761,2266,781.0,4007,
state,ES,Anidro Saidas Distrib,flow,Nov (2),5718,5067,5065,3141,4916,3800,3670.0,2841,
state,ES,Anidro Saidas Distrib,flow,Dec (1),3142,3831,3258,3376,5086,4295,622.0,5437,
state,ES,Anidro Saidas Distrib,flow,Dec (2),655,5672,3022,3963,5630,3175,5299.0,5701,
state,ES,Anidro Saidas Distrib,flow,Jan (1),482,3924,0,2265,3244,854,2032.0,5392,
state,ES,Anidro Saidas Distrib,flow,Jan (2),11891,4442,5660,2706,3911,5340,3349.0,4744,
state,ES,Anidro Saidas Distrib,flow,Feb (1),4411,3622,1804,1265,160,3381,2005.0,4928,
state,ES,Anidro Saidas Distrib,flow,Feb (2),3357,2636,606,2086,1887,2608,2697.0,733,
state,ES,Anidro Saidas Distrib,flow,Mar (1),3768,2965,1042,1848,1009,932,1732.0,5924,
state,ES,Anidro Saidas Distrib,flow,Mar (2),4924,1667,336,2303,1177,5222,2838.0,3330,
state,ES,Anidro Saidas M.Ext,flow,Apr (1),0,0,0,0,0,0,0.0,0,0.0
state,ES,Anidro Saidas M.Ext,flow,Apr (2),0,0,0,0,0,0,0.0,0,0.0
state,ES,Anidro Saidas M.Ext,flow,May (1),0,0,0,0,0,0,0.0,0,0.0
state,ES,Anidro Saidas M.Ext,flow,May (2),0,0,0,0,0,0,0.0,0,0.0
state,ES,Anidro Saidas M.Ext,flow,Jun (1),0,0,0,0,0,0,0.0,0,0.0
state,ES,Anidro Saidas M.Ext,flow,Jun (2),0,0,0,0,0,0,0.0,0,0.0
state,ES,Anidro Saidas M.Ext,flow,Jul (1),0,0,4,0,0,0,0.0,0,0.0
state,ES,Anidro Saidas M.Ext,flow,Jul (2),0,0,0,0,0,0,0.0,0,0.0
state,ES,Anidro Saidas M.Ext,flow,Aug (1),0,0,0,0,0,0,0.0,0,
state,ES,Anidro Saidas M.Ext,flow,Aug (2),0,0,0,0,0,0,0.0,0,
state,ES,Anidro Saidas M.Ext,flow,Sep (1),0,0,0,0,0,0,0.0,0,
state,ES,Anidro Saidas M.Ext,flow,Sep (2),0,0,0,0,0,0,0.0,0,
state,ES,Anidro Saidas M.Ext,flow,Oct (1),0,0,0,0,0,0,0.0,0,
state,ES,Anidro Saidas M.Ext,flow,Oct (2),0,0,0,0,0,0,0.0,0,
state,ES,Anidro Saidas M.Ext,flow,Nov (1),0,0,0,0,0,0,0.0,0,
state,ES,Anidro Saidas M.Ext,flow,Nov (2),0,0,0,0,0,0,0.0,0,
state,ES,Anidro Saidas M.Ext,flow,Dec (1),0,0,0,0,0,0,0.0,0,
state,ES,Anidro Saidas M.Ext,flow,Dec (2),0,0,0,0,0,0,0.0,0,
state,ES,Anidro Saidas M.Ext,flow,Jan (1),0,0,0,0,0,0,0.0,0,
state,ES,Anidro Saidas M.Ext,flow,Jan (2),0,0,0,0,0,0,0.0,0,
state,ES,Anidro Saidas M.Ext,flow,Feb (1),0,0,0,0,0,0,0.0,0,
state,ES,Anidro Saidas M.Ext,flow,Feb (2),0,0,0,0,0,0,0.0,0,
state,ES,Anidro Saidas M.Ext,flow,Mar (1),0,0,0,0,0,0,0.0,0,
state,ES,Anidro Saidas M.Ext,flow,Mar (2),0,0,0,0,0,0,0.0,0,
state,ES,Anidro Saidas Outras,flow,Apr (1),1,302,0,5,0,3,27.0,76,12.0
state,ES,Anidro Saidas Outras,flow,Apr (2),6,89,0,3,11,3,12.0,2,2.0
state,ES,Anidro Saidas Outras,flow,May (1),5,53,3,5,6,6,73.0,5,3.0
state,ES,Anidro Saidas Outras,flow,May (2),4,62,4,6,25,2,5.0,0,3.0
state,ES,Anidro Saidas Outras,flow,Jun (1),161,2,9,8,1,7,1.0,0,0.0
state,ES,Anidro Saidas Outras,flow,Jun (2),28,23,5,13,2,148,2.0,6,56.0
state,ES,Anidro Saidas Outras,flow,Jul (1),136,12,5,7,6,35,2.0,0,6.0
state,ES,Anidro Saidas Outras,flow,Jul (2),199,32,7,0,10,2,4.0,4,5.0
state,ES,Anidro Saidas Outras,flow,Aug (1),121,29,0,1,10,3,1.0,5,
state,ES,Anidro Saidas Outras,flow,Aug (2),18,2,11,11,9,2,8.0,0,
state,ES,Anidro Saidas Outras,flow,Sep (1),13,25,12,5,126,15,0.0,0,
state,ES,Anidro Saidas Outras,flow,Sep (2),42,7,3,0,6,3,10.0,3,
state,ES,Anidro Saidas Outras,flow,Oct (1),7,33,7,0,14,38,0.0,0,
state,ES,Anidro Saidas Outras,flow,Oct (2),8,17,9,4,19,3,7.0,5,
state,ES,Anidro Saidas Outras,flow,Nov (1),5,31,5,0,38,90,0.0,2,
state,ES,Anidro Saidas Outras,flow,Nov (2),69,15,0,5,3,9,3.0,3,
state,ES,Anidro Saidas Outras,flow,Dec (1),4,9,1,0,4,274,6.0,5,
state,ES,Anidro Saidas Outras,flow,Dec (2),39,43,2,1,3,2,10.0,2,
state,ES,Anidro Saidas Outras,flow,Jan (1),5,0,0,2,1,44,13.0,5,
state,ES,Anidro Saidas Outras,flow,Jan (2),59,0,6,35,4,25,64.0,0,
state,ES,Anidro Saidas Outras,flow,Feb (1),4,25,5,2,0,12,1.0,4,
state,ES,Anidro Saidas Outras,flow,Feb (2),3,24,54,12,5,7,0.0,0,
state,ES,Anidro Saidas Outras,flow,Mar (1),6,25,0,0,6,6,2.0,3,
state,ES,Anidro Saidas Outras,flow,Mar (2),2,5,5,5,5,24,7.0,80,
state,ES,Cana,flow,Apr (1),0,0,0,0,0,102852,0.0,36802,0.0
state,ES,Cana,flow,Apr (2),52282,16540,37937,62735,112570,100654,28458.0,76934,192119.0
state,ES,Cana,flow,May (1),152777,123261,90818,132168,201626,144159,162451.0,100929,269280.0
state,ES,Cana,flow,May (2),181253,208015,165486,173706,207933,197675,244399.0,155297,311325.0
state,ES,Cana,flow,Jun (1),224431,245553,172656,183572,263637,213328,234922.0,206136,265086.0
state,ES,Cana,flow,Jun (2),194806,242056,182963,236322,250299,221357,207005.0,215183,269035.0
state,ES,Cana,flow,Jul (1),227433,233945,212522,248137,230763,231729,234063.0,194190,281350.0
state,ES,Cana,flow,Jul (2),257138,242996,195963,227055,256556,159916,236179.0,297080,273769.0
state,ES,Cana,flow,Aug (1),212911,176121,199061,221100,231658,203433,180520.0,290390,
state,ES,Cana,flow,Aug (2),229277,197676,238402,197019,219900,183594,252560.0,282839,
state,ES,Cana,flow,Sep (1),232532,165318,231912,168703,180379,216425,103693.0,239954,
state,ES,Cana,flow,Sep (2),218718,157934,189931,194495,210039,205767,293223.0,178684,
state,ES,Cana,flow,Oct (1),192125,144407,203102,127963,147096,194760,112614.0,191226,
state,ES,Cana,flow,Oct (2),126958,121897,133123,136241,128647,165777,123413.0,97233,
state,ES,Cana,flow,Nov (1),106594,116240,102080,89604,59336,117713,3181.0,128667,
state,ES,Cana,flow,Nov (2),153702,58140,74629,140985,0,103621,125190.0,110016,
state,ES,Cana,flow,Dec (1),55735,88548,110625,19878,0,52792,0.0,75408,
state,ES,Cana,flow,Dec (2),0,127620,114013,0,0,0,206703.0,149579,
state,ES,Cana,flow,Jan (1),0,86424,0,0,0,0,25424.0,108003,
state,ES,Cana,flow,Jan (2),339046,76980,0,0,0,0,0.0,92781,
state,ES,Cana,flow,Feb (1),16407,54279,0,0,0,0,0.0,62615,
state,ES,Cana,flow,Feb (2),0,0,0,0,0,0,0.0,0,
state,ES,Cana,flow,Mar (1),0,0,0,8458,0,0,0.0,0,
state,ES,Cana,flow,Mar (2),0,0,0,0,-9,0,0.0,0,
state,ES,Etanol Total,flow,Apr (1),0,0,0,0,0,2833,0.0,793,0.0
state,ES,Etanol Total,flow,Apr (2),1562,1261,2061,2031,7324,3443,669.0,1897,5463.0
state,ES,Etanol Total,flow,May (1),6051,4496,3401,4495,7555,5086,5328.0,3125,9981.0
state,ES,Etanol Total,flow,May (2),6822,8554,6283,7445,9015,7936,9069.0,5154,11627.0
state,ES,Etanol Total,flow,Jun (1),9270,9988,6399,7715,11297,9259,8654.0,6777,10347.0
state,ES,Etanol Total,flow,Jun (2),7217,10171,7295,8802,11209,8970,7639.0,7764,10308.0
state,ES,Etanol Total,flow,Jul (1),10045,10265,8613,10822,13412,8695,8422.0,7471,11568.0
state,ES,Etanol Total,flow,Jul (2),10964,11109,8502,10389,12781,6444,9625.0,9991,10855.0
state,ES,Etanol Total,flow,Aug (1),9664,7584,8411,10423,11728,8245,8741.0,9397,
state,ES,Etanol Total,flow,Aug (2),10205,7418,9802,8484,10702,6892,10076.0,11375,
state,ES,Etanol Total,flow,Sep (1),10496,7486,9877,7482,8753,7449,5680.0,9651,
state,ES,Etanol Total,flow,Sep (2),9959,7315,8549,8878,7328,7671,10942.0,7532,
state,ES,Etanol Total,flow,Oct (1),9183,6655,8133,6159,7033,7072,4597.0,8418,
state,ES,Etanol Total,flow,Oct (2),6139,4696,6246,7515,5393,6603,5170.0,4063,
state,ES,Etanol Total,flow,Nov (1),4954,4097,3555,3718,3684,4300,348.0,3979,
state,ES,Etanol Total,flow,Nov (2),7728,2116,2885,5470,0,3839,3592.0,3047,
state,ES,Etanol Total,flow,Dec (1),2716,3047,3671,720,0,2440,0.0,2794,
state,ES,Etanol Total,flow,Dec (2),0,4601,5208,897,0,0,5825.0,4665,
state,ES,Etanol Total,flow,Jan (1),0,2962,427,0,0,0,1126.0,3524,
state,ES,Etanol Total,flow,Jan (2),13315,2901,282,0,0,0,0.0,3087,
state,ES,Etanol Total,flow,Feb (1),1003,2196,486,0,0,0,0.0,2489,
state,ES,Etanol Total,flow,Feb (2),0,0,660,0,0,0,0.0,0,
state,ES,Etanol Total,flow,Mar (1),0,0,590,0,0,0,0.0,0,
state,ES,Etanol Total,flow,Mar (2),0,0,0,0,0,0,0.0,0,
state,ES,Hidratado Entradas,flow,Apr (1),354,1281,231,317,914,3245,1315.0,27,373.0
state,ES,Hidratado Entradas,flow,Apr (2),324,98,0,0,282,0,8.0,0,0.0
state,ES,Hidratado Entradas,flow,May (1),0,5,0,714,0,0,8.0,0,0.0
state,ES,Hidratado Entradas,flow,May (2),0,0,0,572,0,0,5.0,0,0.0
state,ES,Hidratado Entradas,flow,Jun (1),0,0,0,0,0,0,0.0,0,25.0
state,ES,Hidratado Entradas,flow,Jun (2),0,0,0,495,40,6,0.0,5,0.0
state,ES,Hidratado Entradas,flow,Jul (1),0,0,0,0,0,6,0.0,0,0.0
state,ES,Hidratado Entradas,flow,Jul (2),0,0,856,32,165,0,89.0,3,0.0
state,ES,Hidratado Entradas,flow,Aug (1),0,0,541,0,165,0,0.0,5,
state,ES,Hidratado Entradas,flow,Aug (2),0,0,577,0,160,0,6.0,0,
state,ES,Hidratado Entradas,flow,Sep (1),0,5,481,171,150,13,0.0,0,
state,ES,Hidratado Entradas,flow,Sep (2),0,0,6609,0,1178,0,6.0,0,
state,ES,Hidratado Entradas,flow,Oct (1),0,13,600,350,85,34,0.0,0,
state,ES,Hidratado Entradas,flow,Oct (2),0,0,1499,0,12,0,6.0,0,
state,ES,Hidratado Entradas,flow,Nov (1),0,0,3659,28,66,92,0.0,0,
state,ES,Hidratado Entradas,flow,Nov (2),62,0,169,982,0,0,18.0,0,
state,ES,Hidratado Entradas,flow,Dec (1),0,0,850,674,0,280,6.0,3,
state,ES,Hidratado Entradas,flow,Dec (2),0,0,291,100,0,0,0.0,0,
state,ES,Hidratado Entradas,flow,Jan (1),0,0,0,0,0,0,210.0,0,
state,ES,Hidratado Entradas,flow,Jan (2),0,0,0,36,0,6,139.0,0,
state,ES,Hidratado Entradas,flow,Feb (1),0,0,0,-100,0,8,0.0,0,
state,ES,Hidratado Entradas,flow,Feb (2),0,0,0,6,0,8,0.0,0,
state,ES,Hidratado Entradas,flow,Mar (1),0,0,0,0,0,6,0.0,0,
state,ES,Hidratado Entradas,flow,Mar (2),0,0,0,0,0,24,0.0,9,
state,ES,Hidratado Estoque E.Disp,stock,Apr (1),127,193,208,166,491,2907,1295.0,465,256.0
state,ES,Hidratado Estoque E.Disp,stock,Apr (2),1183,477,2172,182,1618,2696,1454.0,458,1632.0
state,ES,Hidratado Estoque E.Disp,stock,May (1),1375,1281,4378,542,3201,3070,2581.0,629,3084.0
state,ES,Hidratado Estoque E.Disp,stock,May (2),972,2032,5905,95173,4125,4841,4131.0,700,3838.0
state,ES,Hidratado Estoque E.Disp,stock,Jun (1),1188,2647,5094,3261,6420,6254,4471.0,2209,4852.0
state,ES,Hidratado Estoque E.Disp,stock,Jun (2),1822,3100,5521,3753,7558,7404,5814.0,4224,6759.0
state,ES,Hidratado Estoque E.Disp,stock,Jul (1),2361,3340,7960,4688,8387,8716,8757.0,6004,7832.0
state,ES,Hidratado Estoque E.Disp,stock,Jul (2),4246,3904,10318,6146,9933,9329,10728.0,7656,9278.0
state,ES,Hidratado Estoque E.Disp,stock,Aug (1),5534,2713,4855,7481,10660,9791,12853.0,9279,
state,ES,Hidratado Estoque E.Disp,stock,Aug (2),5824,2119,6799,3697,12364,8545,14348.0,12169,
state,ES,Hidratado Estoque E.Disp,stock,Sep (1),6718,2310,8812,4183,13439,8943,15192.0,14510,
state,ES,Hidratado Estoque E.Disp,stock,Sep (2),8091,2091,4718,5458,15455,9314,13011.0,15171,
state,ES,Hidratado Estoque E.Disp,stock,Oct (1),7633,3190,6154,5277,13619,9216,10780.0,15340,
state,ES,Hidratado Estoque E.Disp,stock,Oct (2),7991,2795,4578,6523,13104,9782,9819.0,13363,
state,ES,Hidratado Estoque E.Disp,stock,Nov (1),7030,2558,6927,6839,11561,8965,7197.0,11732,
state,ES,Hidratado Estoque E.Disp,stock,Nov (2),8058,1047,6670,7101,10261,9729,4900.0,9804,
state,ES,Hidratado Estoque E.Disp,stock,Dec (1),7110,368,6766,6294,8555,7657,2917.0,7444,
state,ES,Hidratado Estoque E.Disp,stock,Dec (2),6129,353,5727,5620,7669,4257,1947.0,5302,
state,ES,Hidratado Estoque E.Disp,stock,Jan (1),4967,226,5025,4230,7343,3008,1210.0,3344,
state,ES,Hidratado Estoque E.Disp,stock,Jan (2),5247,449,3844,3252,6017,2671,518.0,2019,
state,ES,Hidratado Estoque E.Disp,stock,Feb (1),3638,392,1816,2205,5648,1969,85.0,1595,
state,ES,Hidratado Estoque E.Disp,stock,Feb (2),3055,348,848,1825,5029,1607,57.0,1028,
state,ES,Hidratado Estoque E.Disp,stock,Mar (1),1923,307,492,1708,4111,1595,47.0,803,
state,ES,Hidratado Estoque E.Disp,stock,Mar (2),859,231,314,1141,3244,1298,20.0,360,
state,ES,Hidratado Estoque E.Fisico,stock,Apr (1),127,200,208,167,491,2908,1296.0,466,256.0
state,ES,Hidratado Estoque E.Fisico,stock,Apr (2),1183,484,2172,258,1618,2697,1455.0,459,1632.0
state,ES,Hidratado Estoque E.Fisico,stock,May (1),1440,1324,4378,563,3201,3071,2582.0,630,3084.0
state,ES,Hidratado Estoque E.Fisico,stock,May (2),972,2032,5905,2978,4225,4842,4132.0,701,3838.0
state,ES,Hidratado Estoque E.Fisico,stock,Jun (1),1188,2647,5094,3262,6420,6255,4472.0,2210,4852.0
state,ES,Hidratado Estoque E.Fisico,stock,Jun (2),1822,3100,5521,3754,7558,7405,5815.0,4225,6815.0
state,ES,Hidratado Estoque E.Fisico,stock,Jul (1),2911,3340,7961,4690,8387,8717,8758.0,6005,8253.0
state,ES,Hidratado Estoque E.Fisico,stock,Jul (2),4246,3904,10319,6295,9933,9330,10729.0,7657,9386.0
state,ES,Hidratado Estoque E.Fisico,stock,Aug (1),5534,2713,6056,7482,10660,9792,12854.0,9280,
state,ES,Hidratado Estoque E.Fisico,stock,Aug (2),5824,2119,7479,3957,12365,8546,14349.0,12170,
state,ES,Hidratado Estoque E.Fisico,stock,Sep (1),6719,2310,9071,4296,13440,8944,15193.0,16149,
state,ES,Hidratado Estoque E.Fisico,stock,Sep (2),8092,2091,4879,5463,15456,9315,13012.0,16017,
state,ES,Hidratado Estoque E.Fisico,stock,Oct (1),7634,3190,6262,5277,13620,9217,10781.0,15857,
state,ES,Hidratado Estoque E.Fisico,stock,Oct (2),7991,2795,4828,6523,13105,9783,9820.0,13364,
state,ES,Hidratado Estoque E.Fisico,stock,Nov (1),7030,2558,6998,6868,11562,8966,7198.0,11733,
state,ES,Hidratado Estoque E.Fisico,stock,Nov (2),8058,1047,6671,7124,10262,9730,4901.0,9805,
state,ES,Hidratado Estoque E.Fisico,stock,Dec (1),7110,368,6767,6296,8556,7658,2918.0,7445,
state,ES,Hidratado Estoque E.Fisico,stock,Dec (2),6129,353,5728,5738,7670,4258,1948.0,5303,
state,ES,Hidratado Estoque E.Fisico,stock,Jan (1),4967,226,5026,4331,7344,3009,1211.0,3345,
state,ES,Hidratado Estoque E.Fisico,stock,Jan (2),5247,449,3844,3352,6018,2672,519.0,2020,
state,ES,Hidratado Estoque E.Fisico,stock,Feb (1),3638,392,2138,2211,5649,1970,86.0,1596,
state,ES,Hidratado Estoque E.Fisico,stock,Feb (2),3055,348,984,1825,5030,1608,58.0,1029,
state,ES,Hidratado Estoque E.Fisico,stock,Mar (1),2059,307,539,1708,4112,1596,48.0,804,
state,ES,Hidratado Estoque E.Fisico,stock,Mar (2),954,231,317,1141,3245,1299,21.0,360,
state,ES,Hidratado Producao,flow,Apr (1),0,0,0,0,0,186,0.0,448,0.0
state,ES,Hidratado Producao,flow,Apr (2),1197,601,2061,479,1572,58,669.0,0,1565.0
state,ES,Hidratado Producao,flow,May (1),900,1842,2384,136,1639,816,2251.0,1015,2781.0
state,ES,Hidratado Producao,flow,May (2),960,1926,2364,2843,1697,2888,2917.0,1714,2796.0
state,ES,Hidratado Producao,flow,Jun (1),1368,1487,3150,1421,3255,3016,2354.0,2713,2660.0
state,ES,Hidratado Producao,flow,Jun (2),1053,755,3002,1889,3597,2476,2537.0,2515,2293.0
state,ES,Hidratado Producao,flow,Jul (1),1476,1086,3221,2574,5880,2544,4513.0,2618,3037.0
state,ES,Hidratado Producao,flow,Jul (2),2155,1252,3070,2696,3398,1754,3975.0,3128,2512.0
state,ES,Hidratado Producao,flow,Aug (1),2092,210,2880,2640,3355,2271,3627.0,2682,
state,ES,Hidratado Producao,flow,Aug (2),2261,345,2824,1085,4079,1754,4023.0,3875,
state,ES,Hidratado Producao,flow,Sep (1),1879,718,3283,2021,3028,2244,3160.0,5355,
state,ES,Hidratado Producao,flow,Sep (2),2438,320,3479,3108,2671,2222,2649.0,2602,
state,ES,Hidratado Producao,flow,Oct (1),1468,1490,2558,1970,2788,2074,1841.0,2060,
state,ES,Hidratado Producao,flow,Oct (2),2114,213,2460,3377,2170,2260,2012.0,129,
state,ES,Hidratado Producao,flow,Nov (1),963,313,325,1738,1072,855,348.0,199,
state,ES,Hidratado Producao,flow,Nov (2),1718,37,172,1998,0,2438,0.0,128,
state,ES,Hidratado Producao,flow,Dec (1),80,107,100,513,0,3,0.0,334,
state,ES,Hidratado Producao,flow,Dec (2),0,219,655,897,0,0,75.0,144,
state,ES,Hidratado Producao,flow,Jan (1),0,91,427,0,0,0,359.0,18,
state,ES,Hidratado Producao,flow,Jan (2),1411,242,282,0,0,0,0.0,0,
state,ES,Hidratado Producao,flow,Feb (1),218,322,486,0,0,0,0.0,486,
state,ES,Hidratado Producao,flow,Feb (2),0,0,660,0,0,0,0.0,0,
state,ES,Hidratado Producao,flow,Mar (1),0,0,590,0,0,0,0.0,0,
state,ES,Hidratado Producao,flow,Mar (2),0,0,0,0,0,0,0.0,0,
state,ES,Hidratado Saidas Distrib,flow,Apr (1),0,795,11,126,0,509,0.0,0,94.0
state,ES,Hidratado Saidas Distrib,flow,Apr (2),290,212,0,262,610,265,0.0,0,171.0
state,ES,Hidratado Saidas Distrib,flow,May (1),613,862,102,469,50,356,0.0,0,1126.0
state,ES,Hidratado Saidas Distrib,flow,May (2),531,623,181,947,380,244,30.0,0,1631.0
state,ES,Hidratado Saidas Distrib,flow,Jun (1),1088,529,148,842,196,392,244.0,0,988.0
state,ES,Hidratado Saidas Distrib,flow,Jun (2),355,203,163,463,758,426,189.0,0,179.0
state,ES,Hidratado Saidas Distrib,flow,Jul (1),239,626,181,511,1048,264,222.0,0,1154.0
state,ES,Hidratado Saidas Distrib,flow,Jul (2),353,546,380,790,1101,204,386.0,0,717.0
state,ES,Hidratado Saidas Distrib,flow,Aug (1),328,752,505,550,1254,317,741.0,0,
state,ES,Hidratado Saidas Distrib,flow,Aug (2),808,254,395,794,925,522,1275.0,0,
state,ES,Hidratado Saidas Distrib,flow,Sep (1),925,306,300,1408,229,310,1601.0,330,
state,ES,Hidratado Saidas Distrib,flow,Sep (2),789,319,641,929,479,253,2553.0,1525,
state,ES,Hidratado Saidas Distrib,flow,Oct (1),1667,0,502,910,378,281,2654.0,780,
state,ES,Hidratado Saidas Distrib,flow,Oct (2),908,126,449,718,847,273,1553.0,529,
state,ES,Hidratado Saidas Distrib,flow,Nov (1),489,331,224,1088,173,252,2124.0,735,
state,ES,Hidratado Saidas Distrib,flow,Nov (2),502,45,383,1372,203,283,1504.0,986,
state,ES,Hidratado Saidas Distrib,flow,Dec (1),689,0,746,844,941,315,194.0,1517,
state,ES,Hidratado Saidas Distrib,flow,Dec (2),923,0,1042,512,706,256,0.0,1837,
state,ES,Hidratado Saidas Distrib,flow,Jan (1),950,0,570,401,311,351,0.0,1156,
state,ES,Hidratado Saidas Distrib,flow,Jan (2),722,0,283,219,313,30,225.0,422,
state,ES,Hidratado Saidas Distrib,flow,Feb (1),561,0,486,76,192,0,329.0,45,
state,ES,Hidratado Saidas Distrib,flow,Feb (2),459,0,659,49,224,0,0.0,0,
state,ES,Hidratado Saidas Distrib,flow,Mar (1),725,0,331,116,415,0,0.0,0,
state,ES,Hidratado Saidas Distrib,flow,Mar (2),854,39,97,272,636,0,0.0,267,
state,ES,Hidratado Saidas M.Ext,flow,Apr (1),0,0,0,0,400,0,0.0,0,0.0
state,ES,Hidratado Saidas M.Ext,flow,Apr (2),0,0,0,0,0,0,453.0,0,0.0
state,ES,Hidratado Saidas M.Ext,flow,May (1),0,0,0,0,0,0,1111.0,603,198.0
state,ES,Hidratado Saidas M.Ext,flow,May (2),0,0,626,0,286,699,1270.0,1461,396.0
state,ES,Hidratado Saidas M.Ext,flow,Jun (1),0,0,3443,279,635,1156,1334.0,1175,528.0
state,ES,Hidratado Saidas M.Ext,flow,Jun (2),0,0,1156,1402,799,604,921.0,476,99.0
state,ES,Hidratado Saidas M.Ext,flow,Jul (1),0,0,381,1116,794,952,1079.0,644,231.0
state,ES,Hidratado Saidas M.Ext,flow,Jul (2),0,0,274,191,318,838,1238.0,965,132.0
state,ES,Hidratado Saidas M.Ext,flow,Aug (1),0,0,6300,898,317,1464,317.0,429,
state,ES,Hidratado Saidas M.Ext,flow,Aug (2),0,0,901,3719,691,1861,794.0,561,
state,ES,Hidratado Saidas M.Ext,flow,Sep (1),0,0,1432,441,1335,1365,635.0,726,
state,ES,Hidratado Saidas M.Ext,flow,Sep (2),0,0,13229,908,-100,1429,1416.0,462,
state,ES,Hidratado Saidas M.Ext,flow,Oct (1),0,0,1205,1589,4160,1425,794.0,1155,
state,ES,Hidratado Saidas M.Ext,flow,Oct (2),0,0,3778,1392,1816,1302,1397.0,1518,
state,ES,Hidratado Saidas M.Ext,flow,Nov (1),0,0,1183,320,998,1429,826.0,1089,
state,ES,Hidratado Saidas M.Ext,flow,Nov (2),0,0,189,1306,1067,1365,794.0,759,
state,ES,Hidratado Saidas M.Ext,flow,Dec (1),0,0,0,1149,740,1714,1778.0,1136,
state,ES,Hidratado Saidas M.Ext,flow,Dec (2),0,0,0,480,160,1016,985.0,429,
state,ES,Hidratado Saidas M.Ext,flow,Jan (1),0,0,136,962,0,889,1080.0,690,
state,ES,Hidratado Saidas M.Ext,flow,Jan (2),0,0,859,762,794,286,571.0,627,
state,ES,Hidratado Saidas M.Ext,flow,Feb (1),0,0,1215,935,175,698,87.0,759,
state,ES,Hidratado Saidas M.Ext,flow,Feb (2),0,0,458,318,215,349,0.0,561,
state,ES,Hidratado Saidas M.Ext,flow,Mar (1),0,0,100,0,464,0,0.0,198,
state,ES,Hidratado Saidas M.Ext,flow,Mar (2),0,0,100,254,95,286,0.0,132,
state,ES,Hidratado Saidas Outras,flow,Apr (1),227,286,12,24,23,14,19.0,9,23.0
state,ES,Hidratado Saidas Outras,flow,Apr (2),175,203,97,126,117,4,65.0,7,18.0
state,ES,Hidratado Saidas Outras,flow,May (1),30,145,76,76,6,86,21.0,241,5.0
state,ES,Hidratado Saidas Outras,flow,May (2),897,595,30,53,7,174,72.0,182,15.0
state,ES,Hidratado Saidas Outras,flow,Jun (1),64,343,370,16,229,55,436.0,29,155.0
state,ES,Hidratado Saidas Outras,flow,Jun (2),64,99,1256,27,942,302,84.0,29,52.0
state,ES,Hidratado Saidas Outras,flow,Jul (1),148,220,219,11,3209,22,269.0,194,214.0
state,ES,Hidratado Saidas Outras,flow,Jul (2),467,142,914,142,598,99,469.0,514,530.0
state,ES,Hidratado Saidas Outras,flow,Aug (1),476,649,879,5,1222,28,444.0,635,
state,ES,Hidratado Saidas Outras,flow,Aug (2),1163,685,682,97,918,617,465.0,424,
state,ES,Hidratado Saidas Outras,flow,Sep (1),59,226,440,4,539,184,80.0,320,
state,ES,Hidratado Saidas Outras,flow,Sep (2),276,220,410,104,1454,169,867.0,747,
state,ES,Hidratado Saidas Outras,flow,Oct (1),259,404,68,7,171,500,624.0,285,
state,ES,Hidratado Saidas Outras,flow,Oct (2),849,482,1166,21,34,119,29.0,575,
state,ES,Hidratado Saidas Outras,flow,Nov (1),1435,219,407,13,1510,83,20.0,6,
state,ES,Hidratado Saidas Outras,flow,Nov (2),250,1503,96,46,30,26,17.0,311,
state,ES,Hidratado Saidas Outras,flow,Dec (1),339,786,108,22,25,326,17.0,44,
state,ES,Hidratado Saidas Outras,flow,Dec (2),58,234,943,563,20,2128,60.0,20,
state,ES,Hidratado Saidas Outras,flow,Jan (1),212,218,423,44,15,9,226.0,130,
state,ES,Hidratado Saidas Outras,flow,Jan (2),409,19,322,34,219,27,35.0,276,
state,ES,Hidratado Saidas Outras,flow,Feb (1),1266,379,491,30,2,12,17.0,106,
state,ES,Hidratado Saidas Outras,flow,Feb (2),124,44,697,25,180,21,28.0,6,
state,ES,Hidratado Saidas Outras,flow,Mar (1),271,41,604,1,39,18,10.0,27,
state,ES,Hidratado Saidas Outras,flow,Mar (2),251,37,25,41,136,35,27.0,54,
state,GO,Acucar,flow,Apr (1),11408,5602,20842,16356,16119,19463,8036.0,31947,9292.0
state,GO,Acucar,flow,Apr (2),41429,46720,66181,61907,66932,49440,72878.0,64357,77061.0
state,GO,Acucar,flow,May (1),81850,77367,137889,153700,130347,130955,151553.0,162109,144343.0
state,GO,Acucar,flow,May (2),78652,107232,154111,160391,168479,185513,207050.0,226717,197110.0
state,GO,Acucar,flow,Jun (1),125832,120379,173870,177523,165035,191887,217093.0,227664,191037.0
state,GO,Acucar,flow,Jun (2),141405,136326,179658,199121,180872,211219,233658.0,224754,181163.0
state,GO,Acucar,flow,Jul (1),143262,139200,189641,174943,189854,224042,241123.0,243217,244009.0
state,GO,Acucar,flow,Jul (2),160905,168586,222039,206958,209009,255112,269134.0,300318,284849.0
state,GO,Acucar,flow,Aug (1),157875,165235,211884,197935,197914,234110,248004.0,269328,
state,GO,Acucar,flow,Aug (2),165764,187615,209020,211711,212073,293724,282383.0,287664,
state,GO,Acucar,flow,Sep (1),160801,165130,206788,182778,194724,170731,276638.0,276512,
state,GO,Acucar,flow,Sep (2),133262,137770,186444,166546,140619,217556,261997.0,230091,
state,GO,Acucar,flow,Oct (1),103894,105718,161831,120259,116841,171932,182664.0,204957,
state,GO,Acucar,flow,Oct (2),74658,111775,90669,88952,111017,173952,118012.0,172273,
state,GO,Acucar,flow,Nov (1),30217,68778,66665,37704,41531,113768,70403.0,70403,
state,GO,Acucar,flow,Nov (2),25805,29150,27602,14718,12886,53687,49671.0,43060,
state,GO,Acucar,flow,Dec (1),30959,2836,7285,1346,190,17371,38623.0,2001,
state,GO,Acucar,flow,Dec (2),19120,1750,0,0,0,4399,5172.0,634,
state,GO,Acucar,flow,Jan (1),-18275,0,0,18090,5,0,-14778.0,0,
state,GO,Acucar,flow,Jan (2),0,0,0,-18090,0,0,5354.0,0,
state,GO,Acucar,flow,Feb (1),0,0,0,-1531,0,0,420.0,0,
state,GO,Acucar,flow,Feb (2),1144,0,0,10117,0,11279,0.0,3,
state,GO,Acucar,flow,Mar (1),0,0,0,9527,4,-10912,0.0,0,
state,GO,Acucar,flow,Mar (2),131,4673,6661,2836,3008,0,-3988.0,0,
state,GO,Anidro Entradas,flow,Apr (1),92270,80062,67933,95303,146873,132256,163508.0,169688,141982.0
state,GO,Anidro Entradas,flow,Apr (2),9734,12091,5849,17966,7009,8037,2591.0,6042,13989.0
state,GO,Anidro Entradas,flow,May (1),30831,14021,8943,12417,17259,22296,15000.0,3810,8943.0
state,GO,Anidro Entradas,flow,May (2),8535,19825,19241,22763,21575,9425,8206.0,11761,8908.0
state,GO,Anidro Entradas,flow,Jun (1),19130,21144,19001,21048,9942,18940,15051.0,7380,17494.0
state,GO,Anidro Entradas,flow,Jun (2),26746,23463,28432,22459,19443,16526,12731.0,3538,12439.0
state,GO,Anidro Entradas,flow,Jul (1),24659,18167,14203,56109,19415,11818,8551.0,16732,28369.0
state,GO,Anidro Entradas,flow,Jul (2),19243,24452,27730,33912,21853,21089,18378.0,2246,7602.0
state,GO,Anidro Entradas,flow,Aug (1),24584,22183,20721,29810,22519,17048,7383.0,7470,
state,GO,Anidro Entradas,flow,Aug (2),24289,25082,25517,32305,23241,12356,17177.0,15390,
state,GO,Anidro Entradas,flow,Sep (1),25997,22253,18941,23269,25132,20535,17408.0,21385,
state,GO,Anidro Entradas,flow,Sep (2),18989,16162,14871,26488,25595,32003,16599.0,23135,
state,GO,Anidro Entradas,flow,Oct (1),19894,20887,26147,16801,19197,11838,19629.0,16540,
state,GO,Anidro Entradas,flow,Oct (2),20600,9377,32827,16513,24778,10237,16602.0,14429,
state,GO,Anidro Entradas,flow,Nov (1),24231,7948,22377,18926,28811,22605,17143.0,23944,
state,GO,Anidro Entradas,flow,Nov (2),11262,20540,32940,21870,64990,7444,21181.0,15758,
state,GO,Anidro Entradas,flow,Dec (1),2568,678,19392,17646,26337,9125,14525.0,16697,
state,GO,Anidro Entradas,flow,Dec (2),0,0,12488,7113,3098,21073,6011.0,13691,
state,GO,Anidro Entradas,flow,Jan (1),480,0,0,432,5796,6248,100.0,817,
state,GO,Anidro Entradas,flow,Jan (2),44,0,119,427,3539,1784,-16690.0,693,
state,GO,Anidro Entradas,flow,Feb (1),0,0,0,636,1005,938,62.0,5846,
state,GO,Anidro Entradas,flow,Feb (2),103,0,0,1516,2709,1237,0.0,959,
state,GO,Anidro Entradas,flow,Mar (1),0,446,21,695,12557,4648,0.0,7190,
state,GO,Anidro Entradas,flow,Mar (2),591,17257,152,2343,29926,10288,452.0,14381,
state,GO,Anidro Estoque E.Disp,stock,Apr (1),40788,30187,42246,50570,81787,104339,91048.0,115861,121818.0
state,GO,Anidro Estoque E.Disp,stock,Apr (2),48802,23169,40592,50324,59171,73633,68779.0,86192,130946.0
state,GO,Anidro Estoque E.Disp,stock,May (1),82877,31629,55816,82206,90010,105068,106981.0,113119,168450.0
state,GO,Anidro Estoque E.Disp,stock,May (2),98016,54119,80072,122041,128791,137574,143264.0,131731,221744.0
state,GO,Anidro Estoque E.Disp,stock,Jun (1),133139,78639,107309,163788,142399,174433,190946.0,158418,283046.0
state,GO,Anidro Estoque E.Disp,stock,Jun (2),170108,111111,125004,185073,176776,216957,244369.0,179348,297586.0
state,GO,Anidro Estoque E.Disp,stock,Jul (1),209715,127551,163071,222084,218689,259303,287000.0,237859,345724.0
state,GO,Anidro Estoque E.Disp,stock,Jul (2),239406,157139,195273,270278,252864,306151,331663.0,272720,358952.0
state,GO,Anidro Estoque E.Disp,stock,Aug (1),269661,184281,237857,333301,297592,342609,380958.0,314389,
state,GO,Anidro Estoque E.Disp,stock,Aug (2),275779,211150,252783,387855,338781,392453,391982.0,369824,
state,GO,Anidro Estoque E.Disp,stock,Sep (1),301009,236927,284247,435627,366067,394867,479615.0,397611,
state,GO,Anidro Estoque E.Disp,stock,Sep (2),305890,242366,318501,466353,387573,432006,516411.0,453887,
state,GO,Anidro Estoque E.Disp,stock,Oct (1),326876,295094,352922,482078,397660,455389,545404.0,483822,
state,GO,Anidro Estoque E.Disp,stock,Oct (2),331883,320247,364668,489623,411130,459984,545564.0,529692,
state,GO,Anidro Estoque E.Disp,stock,Nov (1),333901,328365,387269,480108,403875,475514,554174.0,553709,
state,GO,Anidro Estoque E.Disp,stock,Nov (2),323769,339600,367458,453544,422917,469107,546689.0,525104,
state,GO,Anidro Estoque E.Disp,stock,Dec (1),290215,305617,340071,452370,399214,445558,539763.0,482970,
state,GO,Anidro Estoque E.Disp,stock,Dec (2),253036,266480,307326,414625,342517,435318,512013.0,445334,
state,GO,Anidro Estoque E.Disp,stock,Jan (1),220601,231035,253867,359047,303748,397498,470276.0,399233,
state,GO,Anidro Estoque E.Disp,stock,Jan (2),188493,196939,203981,324852,234622,348567,425849.0,339320,
state,GO,Anidro Estoque E.Disp,stock,Feb (1),146828,149763,174447,275292,180888,312682,380969.0,298325,
state,GO,Anidro Estoque E.Disp,stock,Feb (2),121232,120840,147098,243545,148307,268907,323029.0,251315,
state,GO,Anidro Estoque E.Disp,stock,Mar (1),95398,89086,108463,182675,119490,215121,252353.0,196682,
state,GO,Anidro Estoque E.Disp,stock,Mar (2),61741,59354,74048,129465,120147,134375,149022.0,126993,
state,GO,Anidro Estoque E.Fisico,stock,Apr (1),51387,43156,50300,61683,103643,109333,110321.0,128668,128693.0
state,GO,Anidro Estoque E.Fisico,stock,Apr (2),55113,30363,45359,62718,71293,85676,85015.0,101330,136359.0
state,GO,Anidro Estoque E.Fisico,stock,May (1),97608,36531,59335,96117,102835,114908,113671.0,121292,181330.0
state,GO,Anidro Estoque E.Fisico,stock,May (2),113855,61716,86679,144569,138972,145236,145629.0,143476,229516.0
state,GO,Anidro Estoque E.Fisico,stock,Jun (1),142404,85078,116935,178943,155865,195734,198616.0,170587,293524.0
state,GO,Anidro Estoque E.Fisico,stock,Jun (2),182698,120771,137378,199469,192567,239593,248740.0,192431,307490.0
state,GO,Anidro Estoque E.Fisico,stock,Jul (1),216696,137412,169772,243163,243275,287019,297877.0,248410,362596.0
state,GO,Anidro Estoque E.Fisico,stock,Jul (2),254805,168077,205413,301621,278244,340196,349331.0,284249,365191.0
state,GO,Anidro Estoque E.Fisico,stock,Aug (1),279142,194901,243117,365859,308053,381397,392405.0,325455,
state,GO,Anidro Estoque E.Fisico,stock,Aug (2),287860,218489,283684,417204,343454,402595,450793.0,382136,
state,GO,Anidro Estoque E.Fisico,stock,Sep (1),310842,245932,322458,463138,384270,436162,496624.0,408820,
state,GO,Anidro Estoque E.Fisico,stock,Sep (2),322655,258937,354890,497646,412362,476098,527167.0,460806,
state,GO,Anidro Estoque E.Fisico,stock,Oct (1),342906,301726,390454,518828,424983,503315,554390.0,492361,
state,GO,Anidro Estoque E.Fisico,stock,Oct (2),345791,326934,404659,541039,445811,511538,555311.0,532600,
state,GO,Anidro Estoque E.Fisico,stock,Nov (1),351094,340651,422675,532894,434824,532990,564585.0,556243,
state,GO,Anidro Estoque E.Fisico,stock,Nov (2),335122,351366,408655,514101,460263,521989,554180.0,536086,
state,GO,Anidro Estoque E.Fisico,stock,Dec (1),304542,318523,377823,490214,429833,494379,546224.0,495948,
state,GO,Anidro Estoque E.Fisico,stock,Dec (2),266417,278926,334197,447880,370692,478909,523311.0,455425,
state,GO,Anidro Estoque E.Fisico,stock,Jan (1),233988,243201,286552,404179,325155,438173,478818.0,410410,
state,GO,Anidro Estoque E.Fisico,stock,Jan (2),197875,205140,240303,358366,253427,383245,432519.0,349863,
state,GO,Anidro Estoque E.Fisico,stock,Feb (1),155015,169037,196881,309315,198770,341038,385718.0,306757,
state,GO,Anidro Estoque E.Fisico,stock,Feb (2),131756,138564,168336,266457,162980,293097,327103.0,256094,
state,GO,Anidro Estoque E.Fisico,stock,Mar (1),106446,102990,127664,204376,130560,237634,271501.0,203877,
state,GO,Anidro Estoque E.Fisico,stock,Mar (2),73622,67922,90973,145170,123952,153139,167017.0,136216,
state,GO,Anidro Producao,flow,Apr (1),2130,3340,3818,2749,4533,25320,18768.0,20320,36805.0
state,GO,Anidro Producao,flow,Apr (2),28667,23369,23918,26306,25847,33006,35267.0,34277,62256.0
state,GO,Anidro Producao,flow,May (1),55501,33246,47227,63749,65535,69393,65616.0,87349,95157.0
state,GO,Anidro Producao,flow,May (2),38789,56732,54375,81953,84754,88226,93849.0,100034,111913.0
state,GO,Anidro Producao,flow,Jun (1),63188,52072,58279,69972,68654,91599,94660.0,92571,115095.0
state,GO,Anidro Producao,flow,Jun (2),59032,60852,59551,73358,81056,114599,95741.0,90349,106242.0
state,GO,Anidro Producao,flow,Jul (1),60486,48981,77277,81693,99535,101164,103466.0,111810,110212.0
state,GO,Anidro Producao,flow,Jul (2),76760,59740,76728,97333,93318,107081,110375.0,119025,100444.0
state,GO,Anidro Producao,flow,Aug (1),53368,62119,72159,88592,93636,80275,91563.0,108502,
state,GO,Anidro Producao,flow,Aug (2),50605,56459,79630,91156,97008,89269,119583.0,119622,
state,GO,Anidro Producao,flow,Sep (1),46655,48997,71306,84128,80628,83297,93373.0,92097,
state,GO,Anidro Producao,flow,Sep (2),40429,44061,71785,65207,67272,89003,102907.0,109210,
state,GO,Anidro Producao,flow,Oct (1),44030,63726,64603,57189,60368,73925,83308.0,87862,
state,GO,Anidro Producao,flow,Oct (2),33241,67937,46534,56416,52122,69725,70049.0,116187,
state,GO,Anidro Producao,flow,Nov (1),20354,46728,42803,23507,34407,61941,47606.0,79992,
state,GO,Anidro Producao,flow,Nov (2),18492,33682,11320,14622,8269,35147,37064.0,45215,
state,GO,Anidro Producao,flow,Dec (1),6905,7630,4634,7728,1767,23520,38018.0,25491,
state,GO,Anidro Producao,flow,Dec (2),521,2353,0,3048,2185,18753,30398.0,27771,
state,GO,Anidro Producao,flow,Jan (1),3252,716,4711,2623,3211,10750,21728.0,25873,
state,GO,Anidro Producao,flow,Jan (2),3477,2323,3258,3680,2237,6985,20311.0,14223,
state,GO,Anidro Producao,flow,Feb (1),2808,0,2985,2882,2369,2574,19016.0,19897,
state,GO,Anidro Producao,flow,Feb (2),3040,0,3142,0,1763,13292,13353.0,21868,
state,GO,Anidro Producao,flow,Mar (1),1598,0,1646,0,2705,4119,18479.0,15848,
state,GO,Anidro Producao,flow,Mar (2),2662,0,0,899,12769,1393,9146.0,19137,
state,GO,Anidro Saidas Distrib,flow,Apr (1),32847,33984,20861,29441,39590,48193,61430.0,57753,49251.0
state,GO,Anidro Saidas Distrib,flow,Apr (2),31563,37800,29985,36944,49482,52785,60926.0,66768,64974.0
state,GO,Anidro Saidas Distrib,flow,May (1),42685,34322,36557,42556,50857,61839,51008.0,64361,58229.0
state,GO,Anidro Saidas Distrib,flow,May (2),29917,44740,36150,53135,63721,67060,67953.0,83149,71269.0
state,GO,Anidro Saidas Distrib,flow,Jun (1),52780,42538,44051,54906,61456,59124,56152.0,71190,67932.0
state,GO,Anidro Saidas Distrib,flow,Jun (2),44480,40807,50946,65137,58617,75884,57739.0,77256,93873.0
state,GO,Anidro Saidas Distrib,flow,Jul (1),50372,41872,54868,73044,67290,65445,62643.0,72130,83377.0
state,GO,Anidro Saidas Distrib,flow,Jul (2),56605,49988,54485,68723,77411,71141,70399.0,84877,84983.0
state,GO,Anidro Saidas Distrib,flow,Aug (1),52922,47337,46853,53650,85585,55071,55515.0,74622,
state,GO,Anidro Saidas Distrib,flow,Aug (2),65070,47804,48098,69578,82149,69341,73749.0,77878,
state,GO,Anidro Saidas Distrib,flow,Sep (1),48929,37684,44842,57760,62575,61833,59809.0,85889,
state,GO,Anidro Saidas Distrib,flow,Sep (2),46592,42388,52197,53834,61186,57115,81435.0,79719,
state,GO,Anidro Saidas Distrib,flow,Oct (1),40909,40290,44830,52128,58443,52269,75425.0,72745,
state,GO,Anidro Saidas Distrib,flow,Oct (2),49658,50797,49903,49207,52299,65643,83514.0,89933,
state,GO,Anidro Saidas Distrib,flow,Nov (1),38408,40332,45409,49042,69979,53578,55109.0,79888,
state,GO,Anidro Saidas Distrib,flow,Nov (2),44764,42547,56492,53641,45299,52291,66415.0,75581,
state,GO,Anidro Saidas Distrib,flow,Dec (1),39423,40272,53796,48258,56787,58594,60372.0,81872,
state,GO,Anidro Saidas Distrib,flow,Dec (2),37935,41019,51151,50555,62790,54245,58619.0,76649,
state,GO,Anidro Saidas Distrib,flow,Jan (1),5683,35574,51716,45485,53851,56735,66076.0,71395,
state,GO,Anidro Saidas Distrib,flow,Jan (2),38894,39135,47438,47942,72188,61307,45817.0,74532,
state,GO,Anidro Saidas Distrib,flow,Feb (1),30642,35001,45055,50701,56721,44501,62605.0,66446,
state,GO,Anidro Saidas Distrib,flow,Feb (2),24523,29668,30847,43508,38906,60700,58074.0,72906,
state,GO,Anidro Saidas Distrib,flow,Mar (1),26256,33496,42244,56917,46280,59505,64510.0,74971,
state,GO,Anidro Saidas Distrib,flow,Mar (2),34119,29253,32625,57685,48854,66173,68557.0,80697,
state,GO,Anidro Saidas M.Ext,flow,Apr (1),0,2058,0,0,0,0,0.0,0,0.0
state,GO,Anidro Saidas M.Ext,flow,Apr (2),0,5436,0,0,0,0,0.0,0,0.0
state,GO,Anidro Saidas M.Ext,flow,May (1),0,5485,0,0,0,0,0.0,0,0.0
state,GO,Anidro Saidas M.Ext,flow,May (2),0,5634,0,0,0,0,0.0,0,0.0
state,GO,Anidro Saidas M.Ext,flow,Jun (1),0,6926,0,0,0,0,0.0,685,0.0
state,GO,Anidro Saidas M.Ext,flow,Jun (2),0,6383,14600,0,10819,0,0.0,-684,0.0
state,GO,Anidro Saidas M.Ext,flow,Jul (1),0,6753,0,0,597,0,0.0,0,0.0
state,GO,Anidro Saidas M.Ext,flow,Jul (2),0,2354,12321,0,2027,0,0.0,0,0.0
state,GO,Anidro Saidas M.Ext,flow,Aug (1),0,9992,0,0,0,0,0.0,0,
state,GO,Anidro Saidas M.Ext,flow,Aug (2),0,8733,15000,0,0,0,0.0,0,
state,GO,Anidro Saidas M.Ext,flow,Sep (1),0,5961,0,0,0,0,0.0,0,
state,GO,Anidro Saidas M.Ext,flow,Sep (2),0,3252,0,0,2218,0,7.0,0,
state,GO,Anidro Saidas M.Ext,flow,Oct (1),0,0,7498,0,7153,0,0.0,0,
state,GO,Anidro Saidas M.Ext,flow,Oct (2),0,0,12936,0,2727,0,0.0,0,
state,GO,Anidro Saidas M.Ext,flow,Nov (1),30,0,0,0,2602,0,0.0,0,
state,GO,Anidro Saidas M.Ext,flow,Nov (2),0,0,0,0,1514,0,0.0,0,
state,GO,Anidro Saidas M.Ext,flow,Dec (1),-30,0,0,0,0,0,0.0,0,
state,GO,Anidro Saidas M.Ext,flow,Dec (2),0,0,0,0,0,0,0.0,0,
state,GO,Anidro Saidas M.Ext,flow,Jan (1),30068,0,0,0,0,0,0.0,0,
state,GO,Anidro Saidas M.Ext,flow,Jan (2),0,0,0,0,3402,0,155.0,0,
state,GO,Anidro Saidas M.Ext,flow,Feb (1),0,0,0,0,0,0,0.0,0,
state,GO,Anidro Saidas M.Ext,flow,Feb (2),0,0,0,0,0,0,0.0,0,
state,GO,Anidro Saidas M.Ext,flow,Mar (1),0,0,0,0,0,0,-7.0,0,
state,GO,Anidro Saidas M.Ext,flow,Mar (2),0,0,0,0,0,0,3663.0,0,
state,GO,Anidro Saidas Outras,flow,Apr (1),10166,4204,590,6928,8173,50,10525.0,3587,843.0
state,GO,Anidro Saidas Outras,flow,Apr (2),3112,5017,4723,6293,15724,11915,2238.0,889,3605.0
state,GO,Anidro Saidas Outras,flow,May (1),1152,1292,5637,211,395,618,952.0,6836,900.0
state,GO,Anidro Saidas Outras,flow,May (2),1160,998,10122,3129,6471,263,2144.0,6462,1366.0
state,GO,Anidro Saidas Outras,flow,Jun (1),989,390,2973,1740,247,917,572.0,965,649.0
state,GO,Anidro Saidas Outras,flow,Jun (2),1004,1432,1994,10154,-5639,11382,609.0,-4529,10842.0
state,GO,Anidro Saidas Outras,flow,Jul (1),775,1882,4218,21064,355,111,237.0,433,98.0
state,GO,Anidro Saidas Outras,flow,Jul (2),1289,1185,2011,4064,764,3852,6900.0,555,20468.0
state,GO,Anidro Saidas Outras,flow,Aug (1),693,149,8323,514,761,1051,357.0,144,
state,GO,Anidro Saidas Outras,flow,Aug (2),1106,1416,1482,2538,2699,11086,4623.0,453,
state,GO,Anidro Saidas Outras,flow,Sep (1),741,162,6631,3703,2369,8432,5141.0,909,
state,GO,Anidro Saidas Outras,flow,Sep (2),1013,1578,2027,3353,1371,23955,7521.0,640,
state,GO,Anidro Saidas Outras,flow,Oct (1),2764,1534,2858,680,1348,6277,289.0,102,
state,GO,Anidro Saidas Outras,flow,Oct (2),1298,1309,2317,1511,1046,6096,2216.0,444,
state,GO,Anidro Saidas Outras,flow,Nov (1),844,627,1755,1536,1624,9516,366.0,405,
state,GO,Anidro Saidas Outras,flow,Nov (2),962,960,1788,1644,1007,1301,2235.0,5549,
state,GO,Anidro Saidas Outras,flow,Dec (1),660,879,1062,1003,1747,1661,127.0,454,
state,GO,Anidro Saidas Outras,flow,Dec (2),711,931,4963,1940,1634,1051,703.0,5336,
state,GO,Anidro Saidas Outras,flow,Jan (1),410,867,640,1271,693,999,245.0,310,
state,GO,Anidro Saidas Outras,flow,Jan (2),740,1249,2188,1978,1914,2390,3948.0,931,
state,GO,Anidro Saidas Outras,flow,Feb (1),15026,1102,1352,1868,1310,1218,3274.0,2403,
state,GO,Anidro Saidas Outras,flow,Feb (2),1879,805,840,866,1356,1770,13894.0,584,
state,GO,Anidro Saidas Outras,flow,Mar (1),652,2524,95,5859,1402,4725,9578.0,284,
state,GO,Anidro Saidas Outras,flow,Mar (2),1958,23072,4218,4763,449,30003,41862.0,20482,
state,GO,Cana,flow,Apr (1),1558146,1304291,1904835,1720870,1182961,1350330,818747.0,1989240,2101450.0
state,GO,Cana,flow,Apr (2),3054355,3662932,3460136,3380047,3569523,2256549,3213438.0,2743122,4703484.0
state,GO,Cana,flow,May (1),5523979,4298076,4873066,5107557,5548776,4830208,5462746.0,5611477,5987613.0
state,GO,Cana,flow,May (2),4245608,5655677,5235614,5489909,5525179,6002811,6320302.0,6095559,6617543.0
state,GO,Cana,flow,Jun (1),5324712,5695587,5914140,5437946,5225507,5538464,6118121.0,5924074,5615011.0
state,GO,Cana,flow,Jun (2),5581976,5706552,5926364,5830637,5559821,5882831,6241495.0,5641540,5360661.0
state,GO,Cana,flow,Jul (1),5399581,5601123,5769113,5872129,5780793,5990120,6026977.0,6341154,6342549.0
state,GO,Cana,flow,Jul (2),5715440,6032706,6244844,5991815,5995670,6525910,6660537.0,6618805,6749853.0
state,GO,Cana,flow,Aug (1),5183720,5441282,5775821,5688667,5600262,5712826,5950480.0,5926362,
state,GO,Cana,flow,Aug (2),5468585,5885772,5864699,5798023,5794378,5532551,6041784.0,6353755,
state,GO,Cana,flow,Sep (1),4771133,5150469,5452784,5054993,5217947,5429128,5391196.0,5758398,
state,GO,Cana,flow,Sep (2),4235563,4430177,4948181,4834295,4063125,5199100,5273983.0,5310513,
state,GO,Cana,flow,Oct (1),3813329,4307494,4606454,3558470,3539940,4248287,4057448.0,4826541,
state,GO,Cana,flow,Oct (2),3574459,4669758,3125125,3068625,3657561,4601191,3200409.0,4338581,
state,GO,Cana,flow,Nov (1),1759440,3196639,2902132,1943526,2578180,3512351,2456442.0,2530288,
state,GO,Cana,flow,Nov (2),1475869,2359514,1388799,890917,907462,2019807,2360573.0,1390112,
state,GO,Cana,flow,Dec (1),1430748,767242,181114,298815,253750,1286212,1833942.0,145319,
state,GO,Cana,flow,Dec (2),385475,219956,0,0,15230,272088,298767.0,0,
state,GO,Cana,flow,Jan (1),0,0,0,0,140,104058,0.0,0,
state,GO,Cana,flow,Jan (2),0,0,0,0,0,0,0.0,0,
state,GO,Cana,flow,Feb (1),0,27963,0,237,3890,0,0.0,0,
state,GO,Cana,flow,Feb (2),124640,92974,65092,159380,36147,0,0.0,0,
state,GO,Cana,flow,Mar (1),572401,319183,62502,142352,69393,228245,0.0,21209,
state,GO,Cana,flow,Mar (2),802269,448343,339049,255997,337179,200081,145097.0,366130,
state,GO,Etanol Total,flow,Apr (1),88538,91302,118454,108981,74102,96927,84287.0,116960,160912.0
state,GO,Etanol Total,flow,Apr (2),173575,217284,200364,197304,228268,141774,203967.0,152241,311284.0
state,GO,Etanol Total,flow,May (1),333329,259925,279128,300333,338799,294922,315422.0,290581,382835.0
state,GO,Etanol Total,flow,May (2),270860,352352,292755,342068,362425,372281,396170.0,342372,425639.0
state,GO,Etanol Total,flow,Jun (1),342664,369754,354183,341776,324311,348535,387255.0,319215,379106.0
state,GO,Etanol Total,flow,Jun (2),370930,383527,380958,378474,380109,382473,406801.0,336326,363880.0
state,GO,Etanol Total,flow,Jul (1),383925,384765,388521,390324,401835,407446,398029.0,387706,427575.0
state,GO,Etanol Total,flow,Jul (2),416603,425205,436413,433315,436661,463325,463782.0,394867,465476.0
state,GO,Etanol Total,flow,Aug (1),386768,394001,414010,412277,406880,415697,416570.0,387992,
state,GO,Etanol Total,flow,Aug (2),412108,439076,452115,432522,441194,418581,459873.0,432765,
state,GO,Etanol Total,flow,Sep (1),375833,408306,419591,389873,406879,398042,414998.0,410953,
state,GO,Etanol Total,flow,Sep (2),318587,379775,387888,370058,316893,389028,417249.0,391448,
state,GO,Etanol Total,flow,Oct (1),285364,360904,375044,266508,260553,305354,325439.0,361390,
state,GO,Etanol Total,flow,Oct (2),253524,353439,250873,223597,264173,316201,248752.0,341161,
state,GO,Etanol Total,flow,Nov (1),126549,234309,224266,137310,191621,238435,191326.0,207812,
state,GO,Etanol Total,flow,Nov (2),92828,176893,114404,74374,82795,164046,156361.0,123599,
state,GO,Etanol Total,flow,Dec (1),97528,70008,29569,43416,36259,113286,128223.0,54927,
state,GO,Etanol Total,flow,Dec (2),41863,40154,9720,23623,21160,57734,57582.0,46809,
state,GO,Etanol Total,flow,Jan (1),13336,23849,18695,13954,19184,54571,30791.0,41419,
state,GO,Etanol Total,flow,Jan (2),14910,23533,14936,18074,18751,22603,24428.0,27238,
state,GO,Etanol Total,flow,Feb (1),10661,29718,18386,18390,7811,15013,33205.0,43047,
state,GO,Etanol Total,flow,Feb (2),17991,28454,19234,21080,14782,44237,29304.0,39666,
state,GO,Etanol Total,flow,Mar (1),26544,47132,23078,29030,25236,30063,34202.0,30759,
state,GO,Etanol Total,flow,Mar (2),58265,53618,35551,35471,50137,43049,28440.0,72321,
state,GO,Hidratado Entradas,flow,Apr (1),72845,184029,313805,185160,259233,315790,263596.0,242200,208700.0
state,GO,Hidratado Entradas,flow,Apr (2),15546,15688,21146,28232,40947,41017,1433.0,3204,7526.0
state,GO,Hidratado Entradas,flow,May (1),15411,11520,21297,7,70826,31541,702.0,8183,1678.0
state,GO,Hidratado Entradas,flow,May (2),9054,12887,21252,29857,7696,39219,155.0,6552,2191.0
state,GO,Hidratado Entradas,flow,Jun (1),15794,7938,15139,31709,22612,27543,183.0,2437,7788.0
state,GO,Hidratado Entradas,flow,Jun (2),22663,13210,17232,21448,27581,47271,568.0,-2617,7527.0
state,GO,Hidratado Entradas,flow,Jul (1),13480,10906,15786,24733,26402,15721,190.0,1215,4303.0
state,GO,Hidratado Entradas,flow,Jul (2),14970,18308,21299,42634,33489,26695,8124.0,1734,6343.0
state,GO,Hidratado Entradas,flow,Aug (1),15151,31900,24785,29204,29928,30867,923.0,4590,
state,GO,Hidratado Entradas,flow,Aug (2),20152,19093,28344,21018,36720,33380,5007.0,1435,
state,GO,Hidratado Entradas,flow,Sep (1),14506,13506,27252,24075,32212,27040,5659.0,1609,
state,GO,Hidratado Entradas,flow,Sep (2),14156,24716,22419,27546,32793,32244,4028.0,725,
state,GO,Hidratado Entradas,flow,Oct (1),12166,19533,22371,25553,34823,24240,696.0,4918,
state,GO,Hidratado Entradas,flow,Oct (2),15136,23246,26779,31603,38492,33033,15216.0,7798,
state,GO,Hidratado Entradas,flow,Nov (1),7268,21471,28083,38570,36549,23195,1057.0,7587,
state,GO,Hidratado Entradas,flow,Nov (2),9261,28764,29283,40496,38468,32223,13761.0,7374,
state,GO,Hidratado Entradas,flow,Dec (1),7958,19023,27665,44702,33919,22467,9893.0,5506,
state,GO,Hidratado Entradas,flow,Dec (2),33145,21659,20850,43174,36300,26078,8072.0,5382,
state,GO,Hidratado Entradas,flow,Jan (1),20141,21746,33261,28524,22326,42655,320.0,566,
state,GO,Hidratado Entradas,flow,Jan (2),16262,34362,35190,34799,31884,-11672,-15848.0,701,
state,GO,Hidratado Entradas,flow,Feb (1),33024,32804,24715,35980,28787,107,3354.0,2534,
state,GO,Hidratado Entradas,flow,Feb (2),18438,36316,26292,26506,20116,3922,13951.0,3669,
state,GO,Hidratado Entradas,flow,Mar (1),23504,32072,22982,43736,20858,10335,10769.0,8168,
state,GO,Hidratado Entradas,flow,Mar (2),20544,47372,25592,35900,15981,26676,59639.0,20037,
state,GO,Hidratado Estoque E.Disp,stock,Apr (1),71135,79468,237239,130796,137409,210905,123737.0,155582,162152.0
state,GO,Hidratado Estoque E.Disp,stock,Apr (2),94310,90628,257532,155042,190143,195839,137452.0,127655,252193.0
state,GO,Hidratado Estoque E.Disp,stock,May (1),183573,103592,308835,207396,308899,266783,178724.0,192523,394854.0
state,GO,Hidratado Estoque E.Disp,stock,May (2),290650,156360,361162,301457,339671,365766,261893.0,255588,499657.0
state,GO,Hidratado Estoque E.Disp,stock,Jun (1),370429,248543,457209,388543,398915,464507,351779.0,314746,580100.0
state,GO,Hidratado Estoque E.Disp,stock,Jun (2),451236,356654,576417,495842,524496,552296,456229.0,344860,636418.0
state,GO,Hidratado Estoque E.Disp,stock,Jul (1),599509,447918,713781,601980,623090,702534,562394.0,427911,763399.0
state,GO,Hidratado Estoque E.Disp,stock,Jul (2),739314,587037,844850,745280,814427,904992,724510.0,522680,901201.0
state,GO,Hidratado Estoque E.Disp,stock,Aug (1),865307,684390,962651,903900,970759,1054236,876558.0,629457,
state,GO,Hidratado Estoque E.Disp,stock,Aug (2),1020101,859186,1112934,1040608,1084021,1153582,1020003.0,756160,
state,GO,Hidratado Estoque E.Disp,stock,Sep (1),1160612,1019355,1261521,1179302,1224052,1254560,1173381.0,882689,
state,GO,Hidratado Estoque E.Disp,stock,Sep (2),1236773,1141485,1357888,1320604,1305875,1345821,1306945.0,985747,
state,GO,Hidratado Estoque E.Disp,stock,Oct (1),1273723,1230583,1463519,1350588,1327076,1365558,1355385.0,1077554,
state,GO,Hidratado Estoque E.Disp,stock,Oct (2),1292650,1288835,1450724,1325169,1348574,1383903,1337342.0,1118154,
state,GO,Hidratado Estoque E.Disp,stock,Nov (1),1225536,1235725,1443250,1299788,1324815,1399561,1321545.0,1084627,
state,GO,Hidratado Estoque E.Disp,stock,Nov (2),1115087,1159949,1316210,1217504,1208087,1354553,1250960.0,1005279,
state,GO,Hidratado Estoque E.Disp,stock,Dec (1),1064256,1073474,1138736,1106724,1066834,1281482,1156248.0,862550,
state,GO,Hidratado Estoque E.Disp,stock,Dec (2),988107,972186,967555,984512,911198,1157813,1021342.0,760385,
state,GO,Hidratado Estoque E.Disp,stock,Jan (1),864042,849526,805175,884777,835543,1026843,874821.0,663574,
state,GO,Hidratado Estoque E.Disp,stock,Jan (2),729210,715807,616738,798277,709361,842359,698421.0,555863,
state,GO,Hidratado Estoque E.Disp,stock,Feb (1),553957,590240,448577,626993,588122,729846,570497.0,471761,
state,GO,Hidratado Estoque E.Disp,stock,Feb (2),408131,464243,310624,512973,498393,538093,448437.0,380104,
state,GO,Hidratado Estoque E.Disp,stock,Mar (1),284955,361453,193617,384308,399478,329551,304590.0,271307,
state,GO,Hidratado Estoque E.Disp,stock,Mar (2),144607,276303,136110,213274,266392,204334,202377.0,183089,
state,GO,Hidratado Estoque E.Fisico,stock,Apr (1),77858,99257,269748,141220,153127,234106,152167.0,187943,192402.0
state,GO,Hidratado Estoque E.Fisico,stock,Apr (2),104001,108338,290851,162202,210641,210771,156506.0,144977,286307.0
state,GO,Hidratado Estoque E.Fisico,stock,May (1),210309,123940,345729,227625,331497,284078,212501.0,219636,415755.0
state,GO,Hidratado Estoque E.Fisico,stock,May (2),330241,176661,389641,319472,356245,382213,290834.0,279844,542927.0
state,GO,Hidratado Estoque E.Fisico,stock,Jun (1),401863,278912,498516,406831,422023,483272,383028.0,339654,623569.0
state,GO,Hidratado Estoque E.Fisico,stock,Jun (2),481435,379577,620344,513390,544291,571097,497552.0,383574,686825.0
state,GO,Hidratado Estoque E.Fisico,stock,Jul (1),624451,484144,744260,637022,657870,721250,586387.0,454385,801062.0
state,GO,Hidratado Estoque E.Fisico,stock,Jul (2),769187,618362,874325,792743,842381,924374,738317.0,549126,939069.0
state,GO,Hidratado Estoque E.Fisico,stock,Aug (1),917372,750539,1008732,941355,998254,1072750,889325.0,647772,
state,GO,Hidratado Estoque E.Fisico,stock,Aug (2),1067135,905378,1158935,1076184,1135477,1175175,1035355.0,777344,
state,GO,Hidratado Estoque E.Fisico,stock,Sep (1),1208486,1064042,1303542,1210598,1287345,1279868,1186383.0,898325,
state,GO,Hidratado Estoque E.Fisico,stock,Sep (2),1302049,1188683,1410551,1349172,1337818,1361470,1331372.0,998714,
state,GO,Hidratado Estoque E.Fisico,stock,Oct (1),1331598,1276076,1508140,1398786,1369142,1391179,1380277.0,1097947,
state,GO,Hidratado Estoque E.Fisico,stock,Oct (2),1330380,1341677,1480125,1378692,1406159,1419178,1374971.0,1142612,
state,GO,Hidratado Estoque E.Fisico,stock,Nov (1),1259786,1323215,1462969,1339530,1375902,1430327,1341524.0,1111178,
state,GO,Hidratado Estoque E.Fisico,stock,Nov (2),1158117,1255884,1348719,1243336,1252986,1368638,1276987.0,1040837,
state,GO,Hidratado Estoque E.Fisico,stock,Dec (1),1111285,1154720,1183733,1124762,1117029,1292723,1188983.0,898920,
state,GO,Hidratado Estoque E.Fisico,stock,Dec (2),1024711,1015053,1005834,1001011,948620,1175399,1054348.0,788679,
state,GO,Hidratado Estoque E.Fisico,stock,Jan (1),903654,889871,842552,906628,855613,1043347,903105.0,692741,
state,GO,Hidratado Estoque E.Fisico,stock,Jan (2),765295,756891,680454,808125,734608,894261,719286.0,586185,
state,GO,Hidratado Estoque E.Fisico,stock,Feb (1),607150,633517,517363,675082,621781,753566,586053.0,496378,
state,GO,Hidratado Estoque E.Fisico,stock,Feb (2),453515,514202,377703,545900,516775,570206,461998.0,396916,
state,GO,Hidratado Estoque E.Fisico,stock,Mar (1),309964,387645,228744,415945,424863,384509,331514.0,294895,
state,GO,Hidratado Estoque E.Fisico,stock,Mar (2),170626,289409,149811,233946,291974,248734,237888.0,202377,
state,GO,Hidratado Producao,flow,Apr (1),86408,87962,114636,106232,69569,71607,65519.0,96640,124107.0
state,GO,Hidratado Producao,flow,Apr (2),144908,193915,176446,170998,202421,108768,168700.0,117964,249028.0
state,GO,Hidratado Producao,flow,May (1),277828,226679,231901,236584,273264,225529,249806.0,203232,287678.0
state,GO,Hidratado Producao,flow,May (2),232071,295620,238380,260115,277671,284055,302321.0,242338,313726.0
state,GO,Hidratado Producao,flow,Jun (1),279476,317682,295904,271804,255657,256936,292595.0,226644,264011.0
state,GO,Hidratado Producao,flow,Jun (2),311898,322675,321407,305116,299053,267874,311060.0,245977,257638.0
state,GO,Hidratado Producao,flow,Jul (1),323439,335784,311244,308631,302300,306282,294563.0,275896,317363.0
state,GO,Hidratado Producao,flow,Jul (2),339843,365465,359685,335982,343343,356244,353407.0,275842,365032.0
state,GO,Hidratado Producao,flow,Aug (1),333400,331882,341851,323685,313244,335422,325007.0,279490,
state,GO,Hidratado Producao,flow,Aug (2),361503,382617,372485,341366,344186,329312,340290.0,313143,
state,GO,Hidratado Producao,flow,Sep (1),329178,359309,348285,305745,326251,314745,321625.0,318856,
state,GO,Hidratado Producao,flow,Sep (2),278158,335714,316103,304851,249621,300025,314342.0,282238,
state,GO,Hidratado Producao,flow,Oct (1),241334,297178,310441,209319,200185,231429,242131.0,273528,
state,GO,Hidratado Producao,flow,Oct (2),220283,285502,204339,167181,212051,246476,178703.0,224974,
state,GO,Hidratado Producao,flow,Nov (1),106195,187581,181463,113803,157214,176494,143720.0,127820,
state,GO,Hidratado Producao,flow,Nov (2),74336,143211,103084,59752,74526,128899,119297.0,78384,
state,GO,Hidratado Producao,flow,Dec (1),90623,62378,24935,35688,34492,89766,90205.0,29436,
state,GO,Hidratado Producao,flow,Dec (2),41342,37801,9720,20575,18975,38981,27184.0,19038,
state,GO,Hidratado Producao,flow,Jan (1),10084,23133,13984,11331,15973,43821,9063.0,15546,
state,GO,Hidratado Producao,flow,Jan (2),11433,21210,11678,14394,16514,15618,4117.0,13015,
state,GO,Hidratado Producao,flow,Feb (1),7853,29718,15401,15508,5442,12439,14189.0,23150,
state,GO,Hidratado Producao,flow,Feb (2),14951,28454,16092,21080,13019,30945,15951.0,17798,
state,GO,Hidratado Producao,flow,Mar (1),24946,47132,21432,29030,22531,25944,15723.0,14911,
state,GO,Hidratado Producao,flow,Mar (2),55603,53618,35551,34572,37368,41656,19294.0,53184,
state,GO,Hidratado Saidas Distrib,flow,Apr (1),71675,153313,130971,110970,149679,116082,170589.0,145190,126341.0
state,GO,Hidratado Saidas Distrib,flow,Apr (2),103780,168128,134601,125875,148858,106108,158916.0,153187,137622.0
state,GO,Hidratado Saidas Distrib,flow,May (1),145138,181448,149638,149647,149290,125040,174373.0,130940,146033.0
state,GO,Hidratado Saidas Distrib,flow,May (2),99191,211036,157192,120510,194706,162777,213041.0,171028,172766.0
state,GO,Hidratado Saidas Distrib,flow,Jun (1),178359,184839,152315,158357,169896,131506,179891.0,159268,172430.0
state,GO,Hidratado Saidas Distrib,flow,Jun (2),198373,183278,150459,151736,146462,164678,176438.0,188330,177816.0
state,GO,Hidratado Saidas Distrib,flow,Jul (1),157455,200290,151122,147324,162900,132033,191941.0,178360,189259.0
state,GO,Hidratado Saidas Distrib,flow,Jul (2),162348,191826,192655,141296,129087,132841,188776.0,170818,216475.0
state,GO,Hidratado Saidas Distrib,flow,Aug (1),155797,164563,169654,141320,128683,172429,162716.0,172537,
state,GO,Hidratado Saidas Distrib,flow,Aug (2),184080,188465,188968,157036,165289,193478,175045.0,163503,
state,GO,Hidratado Saidas Distrib,flow,Sep (1),150437,161325,173111,140613,138598,187974,158778.0,172749,
state,GO,Hidratado Saidas Distrib,flow,Sep (2),148157,181339,175597,132655,153773,189365,151144.0,152550,
state,GO,Hidratado Saidas Distrib,flow,Oct (1),179372,175824,171436,138898,141040,184230,166097.0,153589,
state,GO,Hidratado Saidas Distrib,flow,Oct (2),187715,201659,195164,155126,145244,203087,179142.0,160470,
state,GO,Hidratado Saidas Distrib,flow,Nov (1),133142,187865,162963,128258,155053,155396,157070.0,138210,
state,GO,Hidratado Saidas Distrib,flow,Nov (2),148321,180114,166455,120358,106145,176394,165377.0,129066,
state,GO,Hidratado Saidas Distrib,flow,Dec (1),126740,154986,157479,123666,136109,149667,157260.0,151097,
state,GO,Hidratado Saidas Distrib,flow,Dec (2),130557,172651,171076,151852,161190,139748,160896.0,117544,
state,GO,Hidratado Saidas Distrib,flow,Jan (1),122724,146831,171032,102777,98748,163677,156923.0,109013,
state,GO,Hidratado Saidas Distrib,flow,Jan (2),142398,150434,167851,111056,127421,160411,166588.0,111055,
state,GO,Hidratado Saidas Distrib,flow,Feb (1),172369,148224,171429,140005,113722,150139,146513.0,108236,
state,GO,Hidratado Saidas Distrib,flow,Feb (2),160306,151995,144664,141957,105707,207821,136413.0,113317,
state,GO,Hidratado Saidas Distrib,flow,Mar (1),157702,174310,159097,159968,97703,205166,153088.0,115898,
state,GO,Hidratado Saidas Distrib,flow,Mar (2),181176,136639,98513,180583,115246,170559,155901.0,142282,
state,GO,Hidratado Saidas M.Ext,flow,Apr (1),173,346,366,220,124,4605,98.0,24,244.0
state,GO,Hidratado Saidas M.Ext,flow,Apr (2),222,99,171,316,197,39147,291.0,170,598.0
state,GO,Hidratado Saidas M.Ext,flow,May (1),12,148,466,341,25,146,180.0,147,48.0
state,GO,Hidratado Saidas M.Ext,flow,May (2),0,24,319,3739,93,255,342.0,349,363.0
state,GO,Hidratado Saidas M.Ext,flow,Jun (1),148,1,317,292,49,25,121.0,248,146.0
state,GO,Hidratado Saidas M.Ext,flow,Jun (2),148,24,4989,1535,5,387,292.0,146,169.0
state,GO,Hidratado Saidas M.Ext,flow,Jul (1),99,124,97,316,0,2593,74.0,445,2377.0
state,GO,Hidratado Saidas M.Ext,flow,Jul (2),321,99,220,322,148,-2137,240.0,316,487.0
state,GO,Hidratado Saidas M.Ext,flow,Aug (1),124,119,254,-322,111,2837,48.0,33,
state,GO,Hidratado Saidas M.Ext,flow,Aug (2),0,99,416,390,2829,6875,339.0,0,
state,GO,Hidratado Saidas M.Ext,flow,Sep (1),56,179,198,97,49,171,49.0,110,
state,GO,Hidratado Saidas M.Ext,flow,Sep (2),0,173,269,219,11125,121,215.0,507,
state,GO,Hidratado Saidas M.Ext,flow,Oct (1),272,0,253,194,2614,171,97.0,73,
state,GO,Hidratado Saidas M.Ext,flow,Oct (2),2913,43,241,219,220,146,169.0,555,
state,GO,Hidratado Saidas M.Ext,flow,Nov (1),152,-1,273,17,122,0,73.0,290,
state,GO,Hidratado Saidas M.Ext,flow,Nov (2),130,-1,5373,0,17729,5019,3152.0,362,
state,GO,Hidratado Saidas M.Ext,flow,Dec (1),123,25,537,0,49,73,656.0,49,
state,GO,Hidratado Saidas M.Ext,flow,Dec (2),0,25,269,41,21643,193,510.0,193,
state,GO,Hidratado Saidas M.Ext,flow,Jan (1),0,0,404,0,0,39,292.0,315,
state,GO,Hidratado Saidas M.Ext,flow,Jan (2),31,3455,243,74,7515,176,3809.0,4667,
state,GO,Hidratado Saidas M.Ext,flow,Feb (1),0,49,303,2358,54,0,98.0,2461,
state,GO,Hidratado Saidas M.Ext,flow,Feb (2),25,97,8336,106,7425,97,8166.0,169,
state,GO,Hidratado Saidas M.Ext,flow,Mar (1),25,-3164,25434,149,2198,218,-7625.0,48,
state,GO,Hidratado Saidas M.Ext,flow,Mar (2),25,392,-10783,7916,17224,49,206.0,152,
state,GO,Hidratado Saidas Outras,flow,Apr (1),9547,19075,27356,38982,25872,32604,6261.0,5683,13820.0
state,GO,Hidratado Saidas Outras,flow,Apr (2),30309,32295,41717,52057,36799,27865,6587.0,10777,24429.0
state,GO,Hidratado Saidas Outras,flow,May (1),41781,41001,48216,21180,73919,58577,19960.0,5669,13827.0
state,GO,Hidratado Saidas Outras,flow,May (2),22002,44726,58209,73876,65820,62107,10760.0,17305,15616.0
state,GO,Hidratado Saidas Outras,flow,Jun (1),45141,38529,49536,57505,42546,51889,20572.0,9755,18581.0
state,GO,Hidratado Saidas Outras,flow,Jun (2),56468,51918,61363,66734,57899,62255,20374.0,10964,23924.0
state,GO,Hidratado Saidas Outras,flow,Jul (1),36349,41709,51895,62092,52223,37224,13903.0,27495,15793.0
state,GO,Hidratado Saidas Outras,flow,Jul (2),47408,57630,58044,81277,63086,49111,20585.0,11701,16406.0
state,GO,Hidratado Saidas Outras,flow,Aug (1),44445,66923,62321,63279,58505,42647,12158.0,12864,
state,GO,Hidratado Saidas Outras,flow,Aug (2),47812,58307,61242,70129,75565,59914,23883.0,21503,
state,GO,Hidratado Saidas Outras,flow,Sep (1),51840,52647,57621,54696,67948,48947,17429.0,26625,
state,GO,Hidratado Saidas Outras,flow,Sep (2),50594,54277,55647,60949,67043,61181,22022.0,29517,
state,GO,Hidratado Saidas Outras,flow,Oct (1),44307,53494,63534,46166,60030,41559,27728.0,25551,
state,GO,Hidratado Saidas Outras,flow,Oct (2),46009,41445,63728,63533,68062,48277,19914.0,27082,
state,GO,Hidratado Saidas Outras,flow,Nov (1),50763,39650,63466,63260,68845,33144,21081.0,28341,
state,GO,Hidratado Saidas Outras,flow,Nov (2),36815,59193,74789,76084,112036,41398,29066.0,26671,
state,GO,Hidratado Saidas Outras,flow,Dec (1),18550,27554,59570,75298,68210,38408,30186.0,25713,
state,GO,Hidratado Saidas Outras,flow,Dec (2),30504,26451,37124,35607,40851,42442,8485.0,16924,
state,GO,Hidratado Saidas Outras,flow,Jan (1),28558,23230,39091,31461,32558,54812,3411.0,2722,
state,GO,Hidratado Saidas Outras,flow,Jan (2),23625,34663,40872,36566,34467,-7555,1691.0,4550,
state,GO,Hidratado Saidas Outras,flow,Feb (1),26653,37623,31475,42168,33280,3102,4165.0,4794,
state,GO,Hidratado Saidas Outras,flow,Feb (2),26693,31993,29044,34705,25009,10309,9378.0,7443,
state,GO,Hidratado Saidas Outras,flow,Mar (1),34274,34615,8842,42604,35400,16592,11513.0,9154,
state,GO,Hidratado Saidas Outras,flow,Mar (2),34284,62195,52346,63972,53768,33499,16452.0,23305,
state,MA,Acucar,flow,Apr (1),0,0,0,0,0,0,0.0,0,0.0
state,MA,Acucar,flow,Apr (2),0,0,0,0,0,0,0.0,0,0.0
state,MA,Acucar,flow,May (1),0,0,0,0,262,0,0.0,0,0.0
state,MA,Acucar,flow,May (2),0,0,0,117,2329,0,0.0,0,0.0
state,MA,Acucar,flow,Jun (1),10,0,0,1901,1726,1828,1466.0,610,927.0
state,MA,Acucar,flow,Jun (2),1952,344,0,2436,2206,2099,2467.0,2292,1526.0
state,MA,Acucar,flow,Jul (1),2500,1932,9,2472,2664,1924,2535.0,3116,1821.0
state,MA,Acucar,flow,Jul (2),2583,2920,1310,3209,3175,2618,2455.0,2827,2252.0
state,MA,Acucar,flow,Aug (1),2289,3140,2407,2558,2079,2422,3474.0,2078,
state,MA,Acucar,flow,Aug (2),2621,2810,1866,3363,2586,2776,3806.0,2246,
state,MA,Acucar,flow,Sep (1),2826,2238,2536,2503,2369,2694,2696.0,2841,
state,MA,Acucar,flow,Sep (2),3073,2463,2275,2278,2190,2536,2552.0,2285,
state,MA,Acucar,flow,Oct (1),2818,1788,1821,7920,2786,540,2221.0,1855,
state,MA,Acucar,flow,Oct (2),1084,2825,2198,0,1768,27,2236.0,181,
state,MA,Acucar,flow,Nov (1),0,2168,441,0,8538,0,1320.0,0,
state,MA,Acucar,flow,Nov (2),0,677,112,0,0,0,0.0,0,
state,MA,Acucar,flow,Dec (1),0,8,0,0,0,0,0.0,13,
state,MA,Acucar,flow,Dec (2),0,0,0,0,0,0,0.0,0,
state,MA,Acucar,flow,Jan (1),0,0,0,0,0,0,0.0,0,
state,MA,Acucar,flow,Jan (2),0,0,0,0,0,0,0.0,0,
state,MA,Acucar,flow,Feb (1),0,0,0,0,0,0,0.0,0,
state,MA,Acucar,flow,Feb (2),0,0,0,0,0,0,0.0,0,
state,MA,Acucar,flow,Mar (1),0,0,0,0,0,0,0.0,0,
state,MA,Acucar,flow,Mar (2),0,0,0,0,0,0,0.0,0,
state,MA,Anidro Entradas,flow,Apr (1),8048,9065,9706,9536,10028,46,21656.0,35942,43367.0
state,MA,Anidro Entradas,flow,Apr (2),0,0,0,0,0,0,0.0,0,402.0
state,MA,Anidro Entradas,flow,May (1),0,0,0,0,0,0,0.0,107,230.0
state,MA,Anidro Entradas,flow,May (2),0,0,0,0,0,0,0.0,0,462.0
state,MA,Anidro Entradas,flow,Jun (1),0,0,0,0,0,0,0.0,280,129.0
state,MA,Anidro Entradas,flow,Jun (2),0,0,0,0,0,0,0.0,246,514.0
state,MA,Anidro Entradas,flow,Jul (1),0,288,0,78,0,0,0.0,556,60.0
state,MA,Anidro Entradas,flow,Jul (2),0,0,0,0,0,338,224.0,228,287.0
state,MA,Anidro Entradas,flow,Aug (1),0,0,59,0,0,387,118.0,297,
state,MA,Anidro Entradas,flow,Aug (2),0,0,0,0,0,221,209.0,652,
state,MA,Anidro Entradas,flow,Sep (1),0,0,0,0,0,430,0.0,1079,
state,MA,Anidro Entradas,flow,Sep (2),0,0,0,72,0,169,0.0,1018,
state,MA,Anidro Entradas,flow,Oct (1),0,0,68,0,0,1091,193.0,1225,
state,MA,Anidro Entradas,flow,Oct (2),0,0,759,0,0,4182,3916.0,1220,
state,MA,Anidro Entradas,flow,Nov (1),0,0,95,0,1129,2657,2856.0,1170,
state,MA,Anidro Entradas,flow,Nov (2),0,0,351,0,1,1032,2978.0,812,
state,MA,Anidro Entradas,flow,Dec (1),0,0,12,0,0,0,8291.0,6,
state,MA,Anidro Entradas,flow,Dec (2),62,0,0,0,0,0,25.0,73,
state,MA,Anidro Entradas,flow,Jan (1),0,0,0,0,0,0,0.0,52,
state,MA,Anidro Entradas,flow,Jan (2),208,0,0,0,9,0,0.0,97,
state,MA,Anidro Entradas,flow,Feb (1),234,0,0,0,0,0,0.0,67,
state,MA,Anidro Entradas,flow,Feb (2),0,0,0,0,0,0,0.0,0,
state,MA,Anidro Entradas,flow,Mar (1),0,0,0,0,0,0,10.0,107,
state,MA,Anidro Entradas,flow,Mar (2),0,0,0,0,0,0,428.0,661,
state,MA,Anidro Estoque E.Disp,stock,Apr (1),0,870,8,0,0,0,17.0,11129,31543.0
state,MA,Anidro Estoque E.Disp,stock,Apr (2),0,18,8,0,0,8,0.0,7075,27113.0
state,MA,Anidro Estoque E.Disp,stock,May (1),0,13,2,0,837,8,0.0,3730,19971.0
state,MA,Anidro Estoque E.Disp,stock,May (2),0,13,2,1788,2471,0,0.0,3797,11998.0
state,MA,Anidro Estoque E.Disp,stock,Jun (1),184,568,19,3233,2475,983,1362.0,4498,8020.0
state,MA,Anidro Estoque E.Disp,stock,Jun (2),539,1116,1139,3430,2830,274,4234.0,2246,6499.0
state,MA,Anidro Estoque E.Disp,stock,Jul (1),2222,1680,999,5327,3322,1738,4667.0,4231,4187.0
state,MA,Anidro Estoque E.Disp,stock,Jul (2),4600,570,1782,7145,3851,3827,6019.0,4269,3416.0
state,MA,Anidro Estoque E.Disp,stock,Aug (1),7607,836,2814,7220,4491,5690,7674.0,3526,
state,MA,Anidro Estoque E.Disp,stock,Aug (2),7989,1610,1815,7078,5691,8049,9597.0,2695,
state,MA,Anidro Estoque E.Disp,stock,Sep (1),8395,1762,2614,8364,6800,8725,10048.0,3576,
state,MA,Anidro Estoque E.Disp,stock,Sep (2),7875,827,2002,9543,9102,10203,11095.0,11361,
state,MA,Anidro Estoque E.Disp,stock,Oct (1),8161,497,2021,6481,11316,10332,11492.0,12744,
state,MA,Anidro Estoque E.Disp,stock,Oct (2),7519,343,2174,3523,11142,8941,12664.0,20003,
state,MA,Anidro Estoque E.Disp,stock,Nov (1),7252,74,2375,2617,6888,5096,54137.0,28314,
state,MA,Anidro Estoque E.Disp,stock,Nov (2),6494,114,1506,1266,3271,2075,9305.0,29457,
state,MA,Anidro Estoque E.Disp,stock,Dec (1),6219,60,546,296,100,922,5790.0,21568,
state,MA,Anidro Estoque E.Disp,stock,Dec (2),5261,60,40,18,94,40,2693.0,10958,
state,MA,Anidro Estoque E.Disp,stock,Jan (1),4267,31,40,18,33,40,804.0,4930,
state,MA,Anidro Estoque E.Disp,stock,Jan (2),3403,28,39,18,33,36,80.0,10650,
state,MA,Anidro Estoque E.Disp,stock,Feb (1),3402,24,33,18,31,27,0.0,12181,
state,MA,Anidro Estoque E.Disp,stock,Feb (2),3272,24,33,18,27,27,0.0,18000,
state,MA,Anidro Estoque E.Disp,stock,Mar (1),2533,20,33,17,22,27,6.0,21614,
state,MA,Anidro Estoque E.Disp,stock,Mar (2),1993,11,0,8,15,25,15183.0,28363,
state,MA,Anidro Estoque E.Fisico,stock,Apr (1),4416,4114,6107,6399,6075,46,17345.0,27249,42930.0
state,MA,Anidro Estoque E.Fisico,stock,Apr (2),539,24,3617,4998,3997,391,13485.0,20370,35579.0
state,MA,Anidro Estoque E.Fisico,stock,May (1),41,562,4913,7692,4574,308,8506.0,15033,24830.0
state,MA,Anidro Estoque E.Fisico,stock,May (2),1256,1957,6085,11547,5437,2588,4552.0,15486,12819.0
state,MA,Anidro Estoque E.Fisico,stock,Jun (1),1772,4886,8462,16864,3097,7840,7934.0,19641,10330.0
state,MA,Anidro Estoque E.Fisico,stock,Jun (2),4923,8355,11243,20176,5322,11253,14307.0,19999,9091.0
state,MA,Anidro Estoque E.Fisico,stock,Jul (1),10473,12301,13395,25455,7396,17905,18794.0,25615,9685.0
state,MA,Anidro Estoque E.Fisico,stock,Jul (2),16637,15510,17683,31019,9522,25380,24779.0,30417,12928.0
state,MA,Anidro Estoque E.Fisico,stock,Aug (1),24261,19907,21868,34020,11172,31681,30835.0,31931,
state,MA,Anidro Estoque E.Fisico,stock,Aug (2),28928,24417,23988,36395,13662,39221,37088.0,35414,
state,MA,Anidro Estoque E.Fisico,stock,Sep (1),31692,28666,27911,40820,16671,45284,41164.0,39061,
state,MA,Anidro Estoque E.Fisico,stock,Sep (2),32325,30220,30526,44310,21627,51754,45910.0,51104,
state,MA,Anidro Estoque E.Fisico,stock,Oct (1),34498,30775,33569,44518,24886,56677,48515.0,56386,
state,MA,Anidro Estoque E.Fisico,stock,Oct (2),36700,33945,35849,44863,25627,58943,54037.0,69644,
state,MA,Anidro Estoque E.Fisico,stock,Nov (1),39486,33661,38443,44642,24355,59667,54137.0,75959,
state,MA,Anidro Estoque E.Fisico,stock,Nov (2),39929,34887,36875,45678,15432,54235,54097.0,73677,
state,MA,Anidro Estoque E.Fisico,stock,Dec (1),37228,35989,38417,44777,9456,48826,55999.0,61936,
state,MA,Anidro Estoque E.Fisico,stock,Dec (2),32321,32023,34004,40339,5408,44353,49617.0,48132,
state,MA,Anidro Estoque E.Fisico,stock,Jan (1),26914,26736,28967,34843,3574,40194,43969.0,38146,
state,MA,Anidro Estoque E.Fisico,stock,Jan (2),22952,23777,24735,28891,1283,35864,39990.0,39457,
state,MA,Anidro Estoque E.Fisico,stock,Feb (1),19857,20450,20460,24680,972,31663,31579.0,37863,
state,MA,Anidro Estoque E.Fisico,stock,Feb (2),16968,15021,17168,20108,961,27521,27687.0,40917,
state,MA,Anidro Estoque E.Fisico,stock,Mar (1),12747,11483,12677,15076,53,23832,24208.0,41171,
state,MA,Anidro Estoque E.Fisico,stock,Mar (2),9065,7053,9536,10028,46,21656,35513.0,43241,
state,MA,Anidro Producao,flow,Apr (1),0,0,0,0,0,0,0.0,6350,29726.0
state,MA,Anidro Producao,flow,Apr (2),0,0,732,3035,3392,353,0.0,6882,29730.0
state,MA,Anidro Producao,flow,May (1),200,2105,6186,7085,7575,1458,0.0,11785,35599.0
state,MA,Anidro Producao,flow,May (2),1877,6110,5910,10091,9865,6989,1441.0,16525,36153.0
state,MA,Anidro Producao,flow,Jun (1),5058,6801,7396,10636,6424,9997,7693.0,24700,36061.0
state,MA,Anidro Producao,flow,Jun (2),9470,10153,9103,10870,9756,11363,12768.0,28629,42597.0
state,MA,Anidro Producao,flow,Jul (1),11416,10205,9458,13156,11412,11262,13724.0,29632,45313.0
state,MA,Anidro Producao,flow,Jul (2),14637,13904,13934,13332,13889,16153,14586.0,32182,48279.0
state,MA,Anidro Producao,flow,Aug (1),12499,12383,13268,12748,12711,13602,12725.0,29659,
state,MA,Anidro Producao,flow,Aug (2),12732,15042,15880,14066,14263,14457,14059.0,31502,
state,MA,Anidro Producao,flow,Sep (1),11463,11737,13139,13000,13266,13896,11671.0,27122,
state,MA,Anidro Producao,flow,Sep (2),10517,9890,12791,12144,12731,13180,12955.0,39967,
state,MA,Anidro Producao,flow,Oct (1),9895,11286,11155,7789,12810,11366,12217.0,37265,
state,MA,Anidro Producao,flow,Oct (2),9298,10128,12157,8307,9990,7200,9691.0,52379,
state,MA,Anidro Producao,flow,Nov (1),7832,8042,9323,5476,8012,5696,8175.0,36926,
state,MA,Anidro Producao,flow,Nov (2),5284,7723,12128,6669,0,0,4990.0,39695,
state,MA,Anidro Producao,flow,Dec (1),650,6739,8812,5435,0,0,0.0,35401,
state,MA,Anidro Producao,flow,Dec (2),0,0,686,262,0,0,0.0,40737,
state,MA,Anidro Producao,flow,Jan (1),0,0,410,0,0,0,0.0,37114,
state,MA,Anidro Producao,flow,Jan (2),0,0,0,0,0,0,0.0,41425,
state,MA,Anidro Producao,flow,Feb (1),0,0,0,0,0,0,0.0,38120,
state,MA,Anidro Producao,flow,Feb (2),0,0,0,0,0,0,0.0,32762,
state,MA,Anidro Producao,flow,Mar (1),0,0,0,0,0,0,0.0,38529,
state,MA,Anidro Producao,flow,Mar (2),0,0,0,0,0,0,17600.0,40437,
state,MA,Anidro Saidas Distrib,flow,Apr (1),3623,3820,3536,3020,3953,0,4261.0,15037,29811.0
state,MA,Anidro Saidas Distrib,flow,Apr (2),3875,3232,3079,4189,5441,0,3815.0,13651,37011.0
state,MA,Anidro Saidas Distrib,flow,May (1),698,1562,4815,4391,6983,1540,4961.0,16999,46301.0
state,MA,Anidro Saidas Distrib,flow,May (2),659,4715,4624,6214,8992,4670,5385.0,15906,48331.0
state,MA,Anidro Saidas Distrib,flow,Jun (1),4539,3851,4894,5257,8756,4727,4255.0,20735,38405.0
state,MA,Anidro Saidas Distrib,flow,Jun (2),6276,6623,6276,7509,7519,7940,5472.0,28261,44124.0
state,MA,Anidro Saidas Distrib,flow,Jul (1),5788,6256,7292,7886,9317,4529,9187.0,24387,44562.0
state,MA,Anidro Saidas Distrib,flow,Jul (2),8324,10587,9554,7664,11725,8896,8701.0,27300,44950.0
state,MA,Anidro Saidas Distrib,flow,Aug (1),4780,7849,9109,9603,11005,7566,6705.0,28259,
state,MA,Anidro Saidas Distrib,flow,Aug (2),7887,10367,13032,11527,11696,7005,7906.0,28401,
state,MA,Anidro Saidas Distrib,flow,Sep (1),8553,7353,9121,8509,10167,8117,7498.0,24361,
state,MA,Anidro Saidas Distrib,flow,Sep (2),9751,8129,10034,8494,7723,6819,8089.0,28701,
state,MA,Anidro Saidas Distrib,flow,Oct (1),7668,10549,8043,7471,9438,7290,9687.0,32413,
state,MA,Anidro Saidas Distrib,flow,Oct (2),6969,6783,10489,7839,9181,8987,7971.0,39946,
state,MA,Anidro Saidas Distrib,flow,Nov (1),5017,8226,6714,5683,10360,7522,10833.0,31452,
state,MA,Anidro Saidas Distrib,flow,Nov (2),4626,6471,13855,5436,8885,6312,7461.0,42521,
state,MA,Anidro Saidas Distrib,flow,Dec (1),3342,5490,7185,6329,5944,5261,5750.0,46734,
state,MA,Anidro Saidas Distrib,flow,Dec (2),4837,3891,4990,4509,4030,4322,5761.0,54173,
state,MA,Anidro Saidas Distrib,flow,Jan (1),5304,5253,5359,5496,1819,4159,5554.0,46840,
state,MA,Anidro Saidas Distrib,flow,Jan (2),4047,2846,4181,5810,2288,4165,3872.0,39845,
state,MA,Anidro Saidas Distrib,flow,Feb (1),3293,3276,4223,4155,307,4126,8327.0,39492,
state,MA,Anidro Saidas Distrib,flow,Feb (2),2734,5400,3253,4536,0,4089,3771.0,29479,
state,MA,Anidro Saidas Distrib,flow,Mar (1),3581,3532,4465,4848,903,3689,3432.0,38299,
state,MA,Anidro Saidas Distrib,flow,Mar (2),3221,4318,3081,4984,0,2073,6162.0,37747,
state,MA,Anidro Saidas M.Ext,flow,Apr (1),0,0,0,0,0,0,0.0,0,0.0
state,MA,Anidro Saidas M.Ext,flow,Apr (2),0,0,0,0,0,0,0.0,0,0.0
state,MA,Anidro Saidas M.Ext,flow,May (1),0,0,0,0,0,0,0.0,0,0.0
state,MA,Anidro Saidas M.Ext,flow,May (2),0,0,0,0,0,0,0.0,0,0.0
state,MA,Anidro Saidas M.Ext,flow,Jun (1),0,0,0,0,0,0,0.0,0,0.0
state,MA,Anidro Saidas M.Ext,flow,Jun (2),0,0,0,0,0,0,871.0,0,0.0
state,MA,Anidro Saidas M.Ext,flow,Jul (1),0,30,0,0,0,0,0.0,0,0.0
state,MA,Anidro Saidas M.Ext,flow,Jul (2),0,0,0,0,0,0,0.0,0,0.0
state,MA,Anidro Saidas M.Ext,flow,Aug (1),0,0,0,0,0,0,0.0,0,
state,MA,Anidro Saidas M.Ext,flow,Aug (2),0,0,0,0,0,45,0.0,0,
state,MA,Anidro Saidas M.Ext,flow,Sep (1),0,0,0,0,0,44,0.0,0,
state,MA,Anidro Saidas M.Ext,flow,Sep (2),0,0,0,0,0,0,0.0,0,
state,MA,Anidro Saidas M.Ext,flow,Oct (1),0,0,0,0,0,0,0.0,0,
state,MA,Anidro Saidas M.Ext,flow,Oct (2),0,0,0,0,0,0,0.0,0,
state,MA,Anidro Saidas M.Ext,flow,Nov (1),0,3,0,0,0,0,0.0,0,
state,MA,Anidro Saidas M.Ext,flow,Nov (2),0,0,0,0,0,0,0.0,0,
state,MA,Anidro Saidas M.Ext,flow,Dec (1),0,0,0,0,0,0,0.0,0,
state,MA,Anidro Saidas M.Ext,flow,Dec (2),0,0,0,0,0,0,0.0,0,
state,MA,Anidro Saidas M.Ext,flow,Jan (1),0,0,0,0,0,0,0.0,0,
state,MA,Anidro Saidas M.Ext,flow,Jan (2),0,0,0,0,0,0,0.0,0,
state,MA,Anidro Saidas M.Ext,flow,Feb (1),0,0,0,0,0,0,0.0,0,
state,MA,Anidro Saidas M.Ext,flow,Feb (2),0,0,0,0,0,0,0.0,0,
state,MA,Anidro Saidas M.Ext,flow,Mar (1),0,0,0,0,0,0,0.0,0,
state,MA,Anidro Saidas M.Ext,flow,Mar (2),0,0,0,0,0,0,0.0,0,
state,MA,Anidro Saidas Outras,flow,Apr (1),9,1131,63,117,0,0,50.0,6,352.0
state,MA,Anidro Saidas Outras,flow,Apr (2),2,858,143,247,29,8,45.0,110,472.0
state,MA,Anidro Saidas Outras,flow,May (1),0,5,75,0,15,1,18.0,230,277.0
state,MA,Anidro Saidas Outras,flow,May (2),3,0,114,22,10,39,10.0,166,295.0
state,MA,Anidro Saidas Outras,flow,Jun (1),3,21,125,62,8,18,56.0,90,274.0
state,MA,Anidro Saidas Outras,flow,Jun (2),43,61,46,49,12,10,52.0,256,226.0
state,MA,Anidro Saidas Outras,flow,Jul (1),78,261,14,69,21,81,50.0,185,217.0
state,MA,Anidro Saidas Outras,flow,Jul (2),149,108,92,104,38,120,124.0,308,373.0
state,MA,Anidro Saidas Outras,flow,Aug (1),95,137,33,144,56,122,82.0,183,
state,MA,Anidro Saidas Outras,flow,Aug (2),178,165,728,164,77,88,109.0,270,
state,MA,Anidro Saidas Outras,flow,Sep (1),146,135,95,66,90,102,97.0,193,
state,MA,Anidro Saidas Outras,flow,Sep (2),133,207,142,232,52,60,120.0,241,
state,MA,Anidro Saidas Outras,flow,Oct (1),54,182,137,110,113,244,118.0,795,
state,MA,Anidro Saidas Outras,flow,Oct (2),127,175,147,123,68,129,114.0,395,
state,MA,Anidro Saidas Outras,flow,Nov (1),29,97,110,14,53,107,98.0,329,
state,MA,Anidro Saidas Outras,flow,Nov (2),215,26,192,197,39,152,547.0,268,
state,MA,Anidro Saidas Outras,flow,Dec (1),9,147,97,7,32,148,639.0,414,
state,MA,Anidro Saidas Outras,flow,Dec (2),132,75,109,191,18,151,646.0,441,
state,MA,Anidro Saidas Outras,flow,Jan (1),103,34,88,0,15,0,94.0,312,
state,MA,Anidro Saidas Outras,flow,Jan (2),123,113,51,142,12,165,107.0,366,
state,MA,Anidro Saidas Outras,flow,Feb (1),36,51,52,56,4,75,84.0,289,
state,MA,Anidro Saidas Outras,flow,Feb (2),155,29,39,36,11,53,121.0,229,
state,MA,Anidro Saidas Outras,flow,Mar (1),640,6,26,184,5,0,57.0,83,
state,MA,Anidro Saidas Outras,flow,Mar (2),461,112,60,64,7,103,561.0,1281,
state,MA,Cana,flow,Apr (1),0,0,0,0,0,0,0.0,0,0.0
state,MA,Cana,flow,Apr (2),0,0,16575,54268,41994,9683,0.0,0,0.0
state,MA,Cana,flow,May (1),0,27012,91422,99657,123791,23173,0.0,53990,0.0
state,MA,Cana,flow,May (2),30792,90809,86636,158108,174091,94147,29206.0,94,0.0
state,MA,Cana,flow,Jun (1),98271,116913,120367,179031,104330,162342,137331.0,125050,83191.0
state,MA,Cana,flow,Jun (2),171893,203264,143876,182626,166856,185719,168719.0,77469,54736.0
state,MA,Cana,flow,Jul (1),225647,175863,158207,220620,201086,187896,214189.0,111944,53461.0
state,MA,Cana,flow,Jul (2),244507,246860,212090,221461,223715,263257,227727.0,114891,67923.0
state,MA,Cana,flow,Aug (1),217394,241395,187527,199504,200614,209066,216762.0,105295,
state,MA,Cana,flow,Aug (2),193246,257255,195106,220445,205356,223387,239427.0,206752,
state,MA,Cana,flow,Sep (1),177971,169144,201841,193246,187958,207533,198192.0,190740,
state,MA,Cana,flow,Sep (2),163549,138896,187964,174460,169387,204345,195550.0,191995,
state,MA,Cana,flow,Oct (1),144222,189262,167427,76938,182766,154507,179519.0,175366,
state,MA,Cana,flow,Oct (2),132570,142006,177056,57922,131548,89012,152428.0,156581,
state,MA,Cana,flow,Nov (1),97548,130139,134601,40905,45364,64163,119845.0,25725,
state,MA,Cana,flow,Nov (2),61299,123117,181977,91624,0,0,64992.0,8927,
state,MA,Cana,flow,Dec (1),5353,86616,135035,83916,0,0,0.0,0,
state,MA,Cana,flow,Dec (2),0,0,23893,0,0,0,0.0,0,
state,MA,Cana,flow,Jan (1),0,0,5792,0,0,0,0.0,0,
state,MA,Cana,flow,Jan (2),0,0,0,0,0,0,0.0,0,
state,MA,Cana,flow,Feb (1),0,0,0,12131,0,0,0.0,494487,
state,MA,Cana,flow,Feb (2),0,0,0,0,0,0,0.0,0,
state,MA,Cana,flow,Mar (1),0,0,0,0,0,0,0.0,0,
state,MA,Cana,flow,Mar (2),0,0,0,0,0,0,-15.0,0,
state,MA,Etanol Total,flow,Apr (1),0,0,0,0,0,0,0.0,19700,39495.0
state,MA,Etanol Total,flow,Apr (2),0,0,732,3407,3397,353,0.0,19816,39656.0
state,MA,Etanol Total,flow,May (1),200,2105,6333,7206,7790,1464,0.0,22937,39562.0
state,MA,Etanol Total,flow,May (2),1881,6118,5910,10612,10666,6989,1519.0,27211,41746.0
state,MA,Etanol Total,flow,Jun (1),6653,7812,8252,11387,6680,10516,9063.0,28773,44236.0
state,MA,Etanol Total,flow,Jun (2),11562,12646,9597,12171,10972,12678,14958.0,31796,47438.0
state,MA,Etanol Total,flow,Jul (1),15785,11469,10729,13921,13256,13162,15111.0,33290,51118.0
state,MA,Etanol Total,flow,Jul (2),17648,16464,15453,14433,14936,19746,17243.0,37986,55559.0
state,MA,Etanol Total,flow,Aug (1),16636,16830,14136,13711,14244,15995,16447.0,33241,
state,MA,Etanol Total,flow,Aug (2),15094,19308,17353,15377,15471,18130,18676.0,36449,
state,MA,Etanol Total,flow,Sep (1),13894,13042,14972,14407,14419,17259,15856.0,32837,
state,MA,Etanol Total,flow,Sep (2),12356,10410,13603,13239,14306,16455,16339.0,46481,
state,MA,Etanol Total,flow,Oct (1),10820,14920,12660,7794,13733,13949,14958.0,43574,
state,MA,Etanol Total,flow,Oct (2),11068,10748,13670,8313,11009,8130,12184.0,53721,
state,MA,Etanol Total,flow,Nov (1),8360,9640,10062,5476,8071,5844,9622.0,41194,
state,MA,Etanol Total,flow,Nov (2),5293,8958,12957,6674,0,0,5264.0,39943,
state,MA,Etanol Total,flow,Dec (1),650,7591,9802,5435,0,0,0.0,37871,
state,MA,Etanol Total,flow,Dec (2),0,0,1474,262,0,0,0.0,41607,
state,MA,Etanol Total,flow,Jan (1),0,0,480,0,0,0,0.0,38868,
state,MA,Etanol Total,flow,Jan (2),16,0,0,0,0,0,0.0,41425,
state,MA,Etanol Total,flow,Feb (1),0,0,0,0,0,0,0.0,38565,
state,MA,Etanol Total,flow,Feb (2),0,0,0,0,0,0,0.0,33208,
state,MA,Etanol Total,flow,Mar (1),0,0,19,0,0,0,0.0,38529,
state,MA,Etanol Total,flow,Mar (2),0,0,0,0,0,0,27086.0,41214,
state,MA,Hidratado Entradas,flow,Apr (1),1068,1201,86,125,0,23,57.0,3595,1063.0
state,MA,Hidratado Entradas,flow,Apr (2),0,894,156,274,8,7,17.0,34,213.0
state,MA,Hidratado Entradas,flow,May (1),0,6,36,0,6,0,0.0,174,46.0
state,MA,Hidratado Entradas,flow,May (2),0,0,105,0,0,8,0.0,27,55.0
state,MA,Hidratado Entradas,flow,Jun (1),3,14,71,0,0,0,6.0,26,165.0
state,MA,Hidratado Entradas,flow,Jun (2),0,0,0,0,0,0,0.0,1,94.0
state,MA,Hidratado Entradas,flow,Jul (1),0,0,0,0,0,0,3.0,0,0.0
state,MA,Hidratado Entradas,flow,Jul (2),0,0,5,0,0,0,0.0,18,84.0
state,MA,Hidratado Entradas,flow,Aug (1),51,0,5,0,0,0,0.0,0,
state,MA,Hidratado Entradas,flow,Aug (2),0,0,117,0,0,0,0.0,32,
state,MA,Hidratado Entradas,flow,Sep (1),0,0,5,0,0,0,0.0,17,
state,MA,Hidratado Entradas,flow,Sep (2),0,94,33,112,0,0,0.0,0,
state,MA,Hidratado Entradas,flow,Oct (1),0,93,56,0,0,0,0.0,544,
state,MA,Hidratado Entradas,flow,Oct (2),59,0,32,0,0,76,0.0,2,
state,MA,Hidratado Entradas,flow,Nov (1),0,6,7,0,0,0,0.0,43,
state,MA,Hidratado Entradas,flow,Nov (2),65,0,1,0,105,83,464.0,79,
state,MA,Hidratado Entradas,flow,Dec (1),9,4,7,0,5,17,549.0,193,
state,MA,Hidratado Entradas,flow,Dec (2),0,5,0,14,6,0,556.0,49,
state,MA,Hidratado Entradas,flow,Jan (1),19,33,4,0,8,0,0.0,29,
state,MA,Hidratado Entradas,flow,Jan (2),0,3,26,7,9,4,22.0,46,
state,MA,Hidratado Entradas,flow,Feb (1),0,9,11,5,2,10,84.0,9,
state,MA,Hidratado Entradas,flow,Feb (2),136,0,6,0,9,0,0.0,39,
state,MA,Hidratado Entradas,flow,Mar (1),685,6,0,7,5,0,4.0,85,
state,MA,Hidratado Entradas,flow,Mar (2),431,11,39,9,7,2,0.0,629,
state,MA,Hidratado Estoque E.Disp,stock,Apr (1),1050,96,0,11,0,18,38.0,3036,7408.0
state,MA,Hidratado Estoque E.Disp,stock,Apr (2),1004,60,0,1,0,15,37.0,1460,3903.0
state,MA,Hidratado Estoque E.Disp,stock,May (1),1003,0,0,0,0,12,34.0,1274,698.0
state,MA,Hidratado Estoque E.Disp,stock,May (2),301,0,0,441,585,9,29.0,343,1500.0
state,MA,Hidratado Estoque E.Disp,stock,Jun (1),1146,638,806,936,174,505,744.0,1218,567.0
state,MA,Hidratado Estoque E.Disp,stock,Jun (2),1377,2069,778,1790,614,1162,1609.0,2453,649.0
state,MA,Hidratado Estoque E.Disp,stock,Jul (1),2391,1858,1289,1282,1053,1867,1205.0,2739,1752.0
state,MA,Hidratado Estoque E.Disp,stock,Jul (2),2234,1297,1410,953,777,2241,1673.0,3616,2075.0
state,MA,Hidratado Estoque E.Disp,stock,Aug (1),1884,699,1089,954,1097,1992,2131.0,1488,
state,MA,Hidratado Estoque E.Disp,stock,Aug (2),1846,835,831,825,1423,2499,3333.0,2203,
state,MA,Hidratado Estoque E.Disp,stock,Sep (1),1543,856,1301,1025,2014,2988,4800.0,3573,
state,MA,Hidratado Estoque E.Disp,stock,Sep (2),1257,297,1072,1338,2512,3903,5237.0,4906,
state,MA,Hidratado Estoque E.Disp,stock,Oct (1),1116,269,801,964,2929,4705,6069.0,7648,
state,MA,Hidratado Estoque E.Disp,stock,Oct (2),1952,227,427,611,3200,1665,3288.0,4351,
state,MA,Hidratado Estoque E.Disp,stock,Nov (1),1629,119,451,394,1487,1243,13039.0,5623,
state,MA,Hidratado Estoque E.Disp,stock,Nov (2),742,411,94,214,775,717,593.0,3318,
state,MA,Hidratado Estoque E.Disp,stock,Dec (1),279,754,29,57,322,494,795.0,2355,
state,MA,Hidratado Estoque E.Disp,stock,Dec (2),113,262,20,20,47,341,707.0,1224,
state,MA,Hidratado Estoque E.Disp,stock,Jan (1),9,9,20,15,38,220,271.0,1357,
state,MA,Hidratado Estoque E.Disp,stock,Jan (2),24,6,11,12,35,200,50.0,358,
state,MA,Hidratado Estoque E.Disp,stock,Feb (1),21,3,7,3,33,202,119.0,293,
state,MA,Hidratado Estoque E.Disp,stock,Feb (2),6,0,4,3,31,48,113.0,392,
state,MA,Hidratado Estoque E.Disp,stock,Mar (1),56,0,19,0,26,44,109.0,268,
state,MA,Hidratado Estoque E.Disp,stock,Mar (2),37,0,18,0,23,42,3589.0,908,
state,MA,Hidratado Estoque E.Fisico,stock,Apr (1),1062,97,33,11,0,23,38.0,3036,7408.0
state,MA,Hidratado Estoque E.Fisico,stock,Apr (2),1014,61,31,21,0,23,37.0,1460,3903.0
state,MA,Hidratado Estoque E.Fisico,stock,May (1),1010,1,31,20,0,23,34.0,1274,698.0
state,MA,Hidratado Estoque E.Fisico,stock,May (2),306,1,29,457,585,23,29.0,343,1500.0
state,MA,Hidratado Estoque E.Fisico,stock,Jun (1),1151,639,835,952,174,525,1342.0,1240,1180.0
state,MA,Hidratado Estoque E.Fisico,stock,Jun (2),2258,2070,804,1806,614,1453,3398.0,2476,1602.0
state,MA,Hidratado Estoque E.Fisico,stock,Jul (1),2977,1859,1315,1295,1053,2722,3699.0,2739,4147.0
state,MA,Hidratado Estoque E.Fisico,stock,Jul (2),2351,1301,1436,966,777,3114,5121.0,4143,6087.0
state,MA,Hidratado Estoque E.Fisico,stock,Aug (1),1979,812,1115,961,1097,3212,7096.0,2502,
state,MA,Hidratado Estoque E.Fisico,stock,Aug (2),1941,1177,857,827,1423,5277,10735.0,3697,
state,MA,Hidratado Estoque E.Fisico,stock,Sep (1),1571,1198,1327,1027,2014,6526,13557.0,5223,
state,MA,Hidratado Estoque E.Fisico,stock,Sep (2),1331,639,1228,1338,2512,8761,16008.0,7057,
state,MA,Hidratado Estoque E.Fisico,stock,Oct (1),1142,388,1574,964,2929,9501,18054.0,9565,
state,MA,Hidratado Estoque E.Fisico,stock,Oct (2),1974,346,752,611,3200,5444,15364.0,5570,
state,MA,Hidratado Estoque E.Fisico,stock,Nov (1),1648,161,497,394,1541,2341,13039.0,5623,
state,MA,Hidratado Estoque E.Fisico,stock,Nov (2),759,452,125,214,775,717,9545.0,3318,
state,MA,Hidratado Estoque E.Fisico,stock,Dec (1),293,794,139,57,322,494,795.0,2355,
state,MA,Hidratado Estoque E.Fisico,stock,Dec (2),125,300,21,20,47,341,707.0,1224,
state,MA,Hidratado Estoque E.Fisico,stock,Jan (1),19,47,27,15,38,220,271.0,1357,
state,MA,Hidratado Estoque E.Fisico,stock,Jan (2),31,42,41,12,35,200,50.0,358,
state,MA,Hidratado Estoque E.Fisico,stock,Feb (1),27,39,37,3,33,202,119.0,293,
state,MA,Hidratado Estoque E.Fisico,stock,Feb (2),11,35,31,3,31,48,113.0,392,
state,MA,Hidratado Estoque E.Fisico,stock,Mar (1),58,35,46,0,26,44,109.0,268,
state,MA,Hidratado Estoque E.Fisico,stock,Mar (2),38,33,42,0,23,42,3589.0,908,
state,MA,Hidratado Producao,flow,Apr (1),0,0,0,0,0,0,0.0,13350,9769.0
state,MA,Hidratado Producao,flow,Apr (2),0,0,0,372,5,0,0.0,12934,9926.0
state,MA,Hidratado Producao,flow,May (1),0,0,147,121,215,6,0.0,11152,3963.0
state,MA,Hidratado Producao,flow,May (2),4,8,0,521,801,0,78.0,10686,5593.0
state,MA,Hidratado Producao,flow,Jun (1),1595,1011,856,751,256,519,1370.0,4073,8175.0
state,MA,Hidratado Producao,flow,Jun (2),2092,2493,494,1301,1216,1315,2190.0,3167,4841.0
state,MA,Hidratado Producao,flow,Jul (1),4369,1264,1271,765,1844,1900,1387.0,3658,5805.0
state,MA,Hidratado Producao,flow,Jul (2),3011,2560,1519,1101,1047,3593,2657.0,5804,7280.0
state,MA,Hidratado Producao,flow,Aug (1),4137,4447,868,963,1533,2393,3722.0,3582,
state,MA,Hidratado Producao,flow,Aug (2),2362,4266,1473,1311,1208,3673,4617.0,4947,
state,MA,Hidratado Producao,flow,Sep (1),2431,1305,1833,1407,1153,3363,4185.0,5715,
state,MA,Hidratado Producao,flow,Sep (2),1839,520,812,1095,1575,3275,3384.0,6514,
state,MA,Hidratado Producao,flow,Oct (1),925,3634,1505,5,923,2583,2741.0,6309,
state,MA,Hidratado Producao,flow,Oct (2),1770,620,1513,6,1019,930,2493.0,1342,
state,MA,Hidratado Producao,flow,Nov (1),528,1598,739,0,59,148,1447.0,4268,
state,MA,Hidratado Producao,flow,Nov (2),9,1235,829,5,0,0,274.0,248,
state,MA,Hidratado Producao,flow,Dec (1),0,852,990,0,0,0,0.0,2470,
state,MA,Hidratado Producao,flow,Dec (2),0,0,788,0,0,0,0.0,870,
state,MA,Hidratado Producao,flow,Jan (1),0,0,70,0,0,0,0.0,1754,
state,MA,Hidratado Producao,flow,Jan (2),16,0,0,0,0,0,0.0,0,
state,MA,Hidratado Producao,flow,Feb (1),0,0,0,0,0,0,0.0,445,
state,MA,Hidratado Producao,flow,Feb (2),0,0,0,0,0,0,0.0,446,
state,MA,Hidratado Producao,flow,Mar (1),0,0,19,0,0,0,0.0,0,
state,MA,Hidratado Producao,flow,Mar (2),0,0,0,0,0,0,9486.0,777,
state,MA,Hidratado Saidas Distrib,flow,Apr (1),0,1096,0,107,0,0,6.0,13714,3342.0
state,MA,Hidratado Saidas Distrib,flow,Apr (2),46,920,0,616,6,5,12.0,14481,13549.0
state,MA,Hidratado Saidas Distrib,flow,May (1),0,59,104,121,210,0,0.0,11506,7192.0
state,MA,Hidratado Saidas Distrib,flow,May (2),698,0,2,62,215,5,78.0,11547,4772.0
state,MA,Hidratado Saidas Distrib,flow,Jun (1),736,358,0,248,660,2,59.0,2960,8608.0
state,MA,Hidratado Saidas Distrib,flow,Jun (2),931,1012,510,440,767,362,122.0,1651,4083.0
state,MA,Hidratado Saidas Distrib,flow,Jul (1),3568,985,742,1086,1397,627,1077.0,2833,3181.0
state,MA,Hidratado Saidas Distrib,flow,Jul (2),3560,3068,1360,1418,1300,2802,961.0,4211,5286.0
state,MA,Hidratado Saidas Distrib,flow,Aug (1),4486,4838,1145,946,1186,1861,1597.0,5164,
state,MA,Hidratado Saidas Distrib,flow,Aug (2),2373,3806,1806,1411,860,1352,783.0,3191,
state,MA,Hidratado Saidas Distrib,flow,Sep (1),2749,1265,1355,1187,542,1629,1322.0,3038,
state,MA,Hidratado Saidas Distrib,flow,Sep (2),2040,1154,886,813,1063,839,884.0,3632,
state,MA,Hidratado Saidas Distrib,flow,Oct (1),1083,3905,1043,358,490,638,446.0,3184,
state,MA,Hidratado Saidas Distrib,flow,Oct (2),958,643,1504,343,742,633,1031.0,4088,
state,MA,Hidratado Saidas Distrib,flow,Nov (1),816,1754,779,207,526,408,746.0,2997,
state,MA,Hidratado Saidas Distrib,flow,Nov (2),935,920,580,155,851,595,992.0,2587,
state,MA,Hidratado Saidas Distrib,flow,Dec (1),455,490,758,144,440,226,549.0,3600,
state,MA,Hidratado Saidas Distrib,flow,Dec (2),162,488,649,34,273,145,625.0,2033,
state,MA,Hidratado Saidas Distrib,flow,Jan (1),117,277,10,2,0,119,433.0,1561,
state,MA,Hidratado Saidas Distrib,flow,Jan (2),0,0,0,2,7,23,229.0,992,
state,MA,Hidratado Saidas Distrib,flow,Feb (1),0,0,0,7,2,0,7.0,508,
state,MA,Hidratado Saidas Distrib,flow,Feb (2),140,0,0,0,2,136,0.0,384,
state,MA,Hidratado Saidas Distrib,flow,Mar (1),618,0,0,0,3,0,3.0,177,
state,MA,Hidratado Saidas Distrib,flow,Mar (2),433,0,0,7,5,1,5396.0,706,
state,MA,Hidratado Saidas M.Ext,flow,Apr (1),0,0,0,0,0,0,0.0,0,0.0
state,MA,Hidratado Saidas M.Ext,flow,Apr (2),0,0,0,0,0,0,0.0,0,0.0
state,MA,Hidratado Saidas M.Ext,flow,May (1),0,0,0,0,0,0,0.0,0,0.0
state,MA,Hidratado Saidas M.Ext,flow,May (2),0,0,0,0,0,0,0.0,97,0.0
state,MA,Hidratado Saidas M.Ext,flow,Jun (1),0,0,0,0,0,0,0.0,0,0.0
state,MA,Hidratado Saidas M.Ext,flow,Jun (2),0,0,0,0,0,0,0.0,0,0.0
state,MA,Hidratado Saidas M.Ext,flow,Jul (1),0,3,0,0,0,0,0.0,0,0.0
state,MA,Hidratado Saidas M.Ext,flow,Jul (2),0,0,0,0,0,0,0.0,8,0.0
state,MA,Hidratado Saidas M.Ext,flow,Aug (1),0,0,0,0,0,0,0.0,0,
state,MA,Hidratado Saidas M.Ext,flow,Aug (2),0,0,0,0,0,5,0.0,0,
state,MA,Hidratado Saidas M.Ext,flow,Sep (1),0,0,0,0,0,0,0.0,0,
state,MA,Hidratado Saidas M.Ext,flow,Sep (2),0,0,0,0,0,0,0.0,0,
state,MA,Hidratado Saidas M.Ext,flow,Oct (1),0,0,0,0,0,0,0.0,0,
state,MA,Hidratado Saidas M.Ext,flow,Oct (2),0,0,0,0,0,0,0.0,0,
state,MA,Hidratado Saidas M.Ext,flow,Nov (1),0,0,0,0,0,0,0.0,0,
state,MA,Hidratado Saidas M.Ext,flow,Nov (2),0,0,0,0,0,0,0.0,0,
state,MA,Hidratado Saidas M.Ext,flow,Dec (1),0,0,0,0,0,0,0.0,0,
state,MA,Hidratado Saidas M.Ext,flow,Dec (2),0,0,0,0,0,0,0.0,0,
state,MA,Hidratado Saidas M.Ext,flow,Jan (1),0,0,0,0,0,0,0.0,0,
state,MA,Hidratado Saidas M.Ext,flow,Jan (2),0,0,0,0,0,0,0.0,0,
state,MA,Hidratado Saidas M.Ext,flow,Feb (1),0,0,0,0,0,0,0.0,0,
state,MA,Hidratado Saidas M.Ext,flow,Feb (2),0,0,0,0,0,0,0.0,0,
state,MA,Hidratado Saidas M.Ext,flow,Mar (1),0,0,0,0,0,0,0.0,0,
state,MA,Hidratado Saidas M.Ext,flow,Mar (2),0,0,0,0,0,0,0.0,0,
state,MA,Hidratado Saidas Outras,flow,Apr (1),6,8,53,7,0,0,13.0,195,82.0
state,MA,Hidratado Saidas Outras,flow,Apr (2),2,10,158,20,7,2,6.0,63,95.0
state,MA,Hidratado Saidas Outras,flow,May (1),4,7,79,1,11,6,3.0,6,22.0
state,MA,Hidratado Saidas Outras,flow,May (2),10,8,105,22,1,3,5.0,0,74.0
state,MA,Hidratado Saidas Outras,flow,Jun (1),17,29,121,8,7,15,4.0,242,52.0
state,MA,Hidratado Saidas Outras,flow,Jun (2),54,50,15,7,9,25,12.0,281,430.0
state,MA,Hidratado Saidas Outras,flow,Jul (1),82,487,18,190,8,4,12.0,562,79.0
state,MA,Hidratado Saidas Outras,flow,Jul (2),77,50,43,12,23,399,274.0,199,138.0
state,MA,Hidratado Saidas Outras,flow,Aug (1),74,98,49,22,27,434,150.0,59,
state,MA,Hidratado Saidas Outras,flow,Aug (2),27,95,42,34,22,251,195.0,593,
state,MA,Hidratado Saidas Outras,flow,Sep (1),52,19,13,20,20,485,41.0,1168,
state,MA,Hidratado Saidas Outras,flow,Sep (2),39,19,58,83,14,201,49.0,1048,
state,MA,Hidratado Saidas Outras,flow,Oct (1),31,73,172,21,16,1205,249.0,1161,
state,MA,Hidratado Saidas Outras,flow,Oct (2),39,19,863,16,6,4430,4152.0,1251,
state,MA,Hidratado Saidas Outras,flow,Nov (1),38,35,222,10,1192,2843,3026.0,1261,
state,MA,Hidratado Saidas Outras,flow,Nov (2),28,24,622,30,20,1112,3240.0,45,
state,MA,Hidratado Saidas Outras,flow,Dec (1),20,24,225,13,18,14,8750.0,26,
state,MA,Hidratado Saidas Outras,flow,Dec (2),6,11,257,17,8,8,19.0,17,
state,MA,Hidratado Saidas Outras,flow,Jan (1),8,9,58,3,17,2,3.0,89,
state,MA,Hidratado Saidas Outras,flow,Jan (2),4,8,12,8,5,1,14.0,53,
state,MA,Hidratado Saidas Outras,flow,Feb (1),4,12,15,7,2,8,8.0,11,
state,MA,Hidratado Saidas Outras,flow,Feb (2),12,4,12,0,9,18,6.0,2,
state,MA,Hidratado Saidas Outras,flow,Mar (1),20,6,4,10,7,4,5.0,32,
state,MA,Hidratado Saidas Outras,flow,Mar (2),18,13,43,2,5,3,610.0,60,
state,MG,Acucar,flow,Apr (1),94266,59294,166203,117347,58351,68683,80947.0,148428,90888.0
state,MG,Acucar,flow,Apr (2),165828,125208,238039,235507,188830,170039,272591.0,126572,268909.0
state,MG,Acucar,flow,May (1),216712,183775,298666,309315,253292,331564,339649.0,322949,331513.0
state,MG,Acucar,flow,May (2),169102,219278,290737,317036,305925,386037,401043.0,398682,359220.0
state,MG,Acucar,flow,Jun (1),242449,234096,341015,338154,315188,374057,402545.0,324942,339340.0
state,MG,Acucar,flow,Jun (2),267207,240626,359834,376412,356363,387842,427220.0,435515,277584.0
state,MG,Acucar,flow,Jul (1),265807,259033,370936,353537,392886,402300,438655.0,443853,437429.0
state,MG,Acucar,flow,Jul (2),302396,275812,399034,386651,418919,470973,473918.0,490547,447082.0
state,MG,Acucar,flow,Aug (1),245206,243419,381386,368069,378923,441979,431593.0,469952,
state,MG,Acucar,flow,Aug (2),260292,272498,384642,398435,432183,423780,466462.0,499508,
state,MG,Acucar,flow,Sep (1),245957,274644,380962,322435,350325,416967,415140.0,459752,
state,MG,Acucar,flow,Sep (2),163956,211612,336747,278409,280127,395419,416928.0,361602,
state,MG,Acucar,flow,Oct (1),151996,212239,330954,143245,232396,303427,326119.0,373982,
state,MG,Acucar,flow,Oct (2),115344,158719,189856,120318,265223,297261,201945.0,306981,
state,MG,Acucar,flow,Nov (1),60696,90635,146025,62305,195051,285182,136486.0,94305,
state,MG,Acucar,flow,Nov (2),41005,45798,35238,6323,85432,193202,149233.0,17294,
state,MG,Acucar,flow,Dec (1),23251,16778,11910,2151,15488,93893,88639.0,1857,
state,MG,Acucar,flow,Dec (2),4850,0,6398,2968,0,10277,12532.0,885,
state,MG,Acucar,flow,Jan (1),0,900,0,0,-7874,9244,231.0,14867,
state,MG,Acucar,flow,Jan (2),0,0,350,0,0,1707,69.0,487,
state,MG,Acucar,flow,Feb (1),24,0,0,0,3879,16940,12.0,598,
state,MG,Acucar,flow,Feb (2),4269,0,0,0,56,0,0.0,544,
state,MG,Acucar,flow,Mar (1),0,11812,5745,1241,0,831,13154.0,57,
state,MG,Acucar,flow,Mar (2),22714,56526,40250,6019,23261,3583,45310.0,10896,
state,MG,Anidro Entradas,flow,Apr (1),67161,38963,58945,88051,115668,62847,115639.0,125397,62588.0
state,MG,Anidro Entradas,flow,Apr (2),3776,7290,8548,3083,6695,2114,1470.0,5796,2745.0
state,MG,Anidro Entradas,flow,May (1),7983,5749,9380,13283,10071,422,2417.0,7326,508.0
state,MG,Anidro Entradas,flow,May (2),6075,7596,6495,10043,7285,656,9544.0,9815,4081.0
state,MG,Anidro Entradas,flow,Jun (1),9737,6352,6740,9483,3101,3462,7710.0,5706,5888.0
state,MG,Anidro Entradas,flow,Jun (2),8718,8710,11899,8912,3922,2212,6382.0,7814,6823.0
state,MG,Anidro Entradas,flow,Jul (1),8554,7531,8931,21063,1310,374,2267.0,4827,4425.0
state,MG,Anidro Entradas,flow,Jul (2),9337,3816,22363,10825,1173,4490,864.0,9552,5743.0
state,MG,Anidro Entradas,flow,Aug (1),8881,0,6141,11950,1854,7671,25.0,9216,
state,MG,Anidro Entradas,flow,Aug (2),9239,42,15465,9515,1002,8627,4588.0,10401,
state,MG,Anidro Entradas,flow,Sep (1),10034,1933,8967,9762,10,3120,5436.0,7948,
state,MG,Anidro Entradas,flow,Sep (2),8097,4671,0,11849,8729,1777,5465.0,9827,
state,MG,Anidro Entradas,flow,Oct (1),8137,578,10719,23102,12449,9021,4819.0,3499,
state,MG,Anidro Entradas,flow,Oct (2),1997,2938,12263,18004,9715,4152,10418.0,3959,
state,MG,Anidro Entradas,flow,Nov (1),4136,1835,6624,31684,14981,5013,9357.0,1590,
state,MG,Anidro Entradas,flow,Nov (2),1508,9260,26269,8813,18029,6949,6206.0,10533,
state,MG,Anidro Entradas,flow,Dec (1),154,10614,14988,8243,8857,6933,5128.0,6926,
state,MG,Anidro Entradas,flow,Dec (2),134,1044,5716,5665,357,2398,1.0,1599,
state,MG,Anidro Entradas,flow,Jan (1),282,0,0,1605,102,20,17.0,2166,
state,MG,Anidro Entradas,flow,Jan (2),442,45,10175,60,804,247,200.0,4503,
state,MG,Anidro Entradas,flow,Feb (1),8,0,7481,1293,43,0,0.0,677,
state,MG,Anidro Entradas,flow,Feb (2),43,0,6484,3882,0,57,62.0,1742,
state,MG,Anidro Entradas,flow,Mar (1),239,0,317,1028,0,1,59.0,7463,
state,MG,Anidro Entradas,flow,Mar (2),4650,760,1831,819,2648,795,780.0,7059,
state,MG,Anidro Estoque E.Disp,stock,Apr (1),28778,10980,49577,40377,50656,23080,50200.0,78565,41395.0
state,MG,Anidro Estoque E.Disp,stock,Apr (2),49099,13785,69429,41468,40369,22175,51825.0,43500,46613.0
state,MG,Anidro Estoque E.Disp,stock,May (1),87342,27653,92171,68963,50106,35046,77212.0,50895,73713.0
state,MG,Anidro Estoque E.Disp,stock,May (2),123682,37580,99095,101031,70434,67274,129657.0,72156,104859.0
state,MG,Anidro Estoque E.Disp,stock,Jun (1),148601,68078,138773,130246,111068,108387,170430.0,98757,130964.0
state,MG,Anidro Estoque E.Disp,stock,Jun (2),178295,115658,145158,171458,148173,150644,226096.0,134049,151508.0
state,MG,Anidro Estoque E.Disp,stock,Jul (1),195047,160009,167318,223237,169097,189187,267553.0,173888,183317.0
state,MG,Anidro Estoque E.Disp,stock,Jul (2),205767,187773,186979,260140,225792,228208,301599.0,222602,226251.0
state,MG,Anidro Estoque E.Disp,stock,Aug (1),202745,210563,230342,310915,261177,287478,327928.0,267908,
state,MG,Anidro Estoque E.Disp,stock,Aug (2),223477,242720,255102,367974,313304,349145,370031.0,323805,
state,MG,Anidro Estoque E.Disp,stock,Sep (1),240611,276453,290506,403935,342208,390975,402443.0,366519,
state,MG,Anidro Estoque E.Disp,stock,Sep (2),255525,269642,315855,441972,367825,422382,435649.0,395154,
state,MG,Anidro Estoque E.Disp,stock,Oct (1),268764,283120,347936,481115,389991,454293,455185.0,422421,
state,MG,Anidro Estoque E.Disp,stock,Oct (2),272707,269915,371865,505051,471018,462588,462652.0,435929,
state,MG,Anidro Estoque E.Disp,stock,Nov (1),261458,254524,382173,527264,472289,482023,461999.0,431990,
state,MG,Anidro Estoque E.Disp,stock,Nov (2),245168,241349,365271,499306,470852,499125,458258.0,412143,
state,MG,Anidro Estoque E.Disp,stock,Dec (1),218486,228031,306828,467087,434526,476485,413838.0,373997,
state,MG,Anidro Estoque E.Disp,stock,Dec (2),187165,195533,276773,425504,343212,421664,385887.0,322065,
state,MG,Anidro Estoque E.Disp,stock,Jan (1),163340,166098,228682,377505,278374,365828,342063.0,274449,
state,MG,Anidro Estoque E.Disp,stock,Jan (2),135894,136639,196729,337822,210194,284897,307195.0,230692,
state,MG,Anidro Estoque E.Disp,stock,Feb (1),107902,115382,153586,301292,162390,236676,240938.0,182084,
state,MG,Anidro Estoque E.Disp,stock,Feb (2),80219,89184,136986,261421,119984,185571,201729.0,142435,
state,MG,Anidro Estoque E.Disp,stock,Mar (1),53777,59939,84205,182643,82203,128767,162706.0,102092,
state,MG,Anidro Estoque E.Disp,stock,Mar (2),23750,37518,65967,90171,46839,81616,103580.0,61003,
state,MG,Anidro Estoque E.Fisico,stock,Apr (1),49380,17637,59537,69271,72405,29224,74723.0,84409,41728.0
state,MG,Anidro Estoque E.Fisico,stock,Apr (2),66913,21734,79438,67876,47111,31533,67646.0,54951,47304.0
state,MG,Anidro Estoque E.Fisico,stock,May (1),107974,38555,102713,89154,63388,49039,94508.0,67432,75230.0
state,MG,Anidro Estoque E.Fisico,stock,May (2),147279,52269,121273,117659,91385,89028,144724.0,88069,108690.0
state,MG,Anidro Estoque E.Fisico,stock,Jun (1),173676,90712,156826,153672,139569,138010,205087.0,110182,138368.0
state,MG,Anidro Estoque E.Fisico,stock,Jun (2),205975,144144,163636,206505,182035,181647,248419.0,143879,164404.0
state,MG,Anidro Estoque E.Fisico,stock,Jul (1),232388,198307,184369,257696,231855,223896,293472.0,181469,198061.0
state,MG,Anidro Estoque E.Fisico,stock,Jul (2),233948,232633,208638,291609,289405,266870,324877.0,229648,239359.0
state,MG,Anidro Estoque E.Fisico,stock,Aug (1),255110,268046,254603,343400,328355,321648,345520.0,275557,
state,MG,Anidro Estoque E.Fisico,stock,Aug (2),269144,302550,286249,405136,376643,385006,393780.0,331711,
state,MG,Anidro Estoque E.Fisico,stock,Sep (1),287455,346661,323599,445655,422137,437152,440070.0,369272,
state,MG,Anidro Estoque E.Fisico,stock,Sep (2),309699,355027,353106,491772,454873,473809,476539.0,401094,
state,MG,Anidro Estoque E.Fisico,stock,Oct (1),323790,368791,388345,529586,480416,511264,499168.0,426994,
state,MG,Anidro Estoque E.Fisico,stock,Oct (2),326955,356411,413250,549780,516920,530180,511694.0,441341,
state,MG,Anidro Estoque E.Fisico,stock,Nov (1),317427,346121,421563,570853,513253,553669,507049.0,436283,
state,MG,Anidro Estoque E.Fisico,stock,Nov (2),301672,333085,406397,539750,501993,551716,502807.0,416418,
state,MG,Anidro Estoque E.Fisico,stock,Dec (1),273969,308421,372780,504060,453713,532316,478093.0,377414,
state,MG,Anidro Estoque E.Fisico,stock,Dec (2),239414,265055,316641,456681,375653,479515,429868.0,324878,
state,MG,Anidro Estoque E.Fisico,stock,Jan (1),210282,227131,266497,406803,308586,422451,379827.0,276784,
state,MG,Anidro Estoque E.Fisico,stock,Jan (2),177843,195894,233992,363056,249756,329716,333567.0,232489,
state,MG,Anidro Estoque E.Fisico,stock,Feb (1),136675,163209,201155,319035,185232,279073,267836.0,183955,
state,MG,Anidro Estoque E.Fisico,stock,Feb (2),106525,121333,169745,279783,135621,227344,225475.0,151457,
state,MG,Anidro Estoque E.Fisico,stock,Mar (1),70997,81703,119440,204724,96289,164709,185287.0,103064,
state,MG,Anidro Estoque E.Fisico,stock,Mar (2),33645,51199,87662,115387,57844,115217,120331.0,61607,
state,MG,Anidro Producao,flow,Apr (1),14942,9916,22282,15948,7987,10187,9237.0,8888,14024.0
state,MG,Anidro Producao,flow,Apr (2),49680,30907,40613,42405,22862,40078,40623.0,21576,54874.0
state,MG,Anidro Producao,flow,May (1),64323,58656,49420,67138,58469,73091,73143.0,56533,80206.0
state,MG,Anidro Producao,flow,May (2),56393,61551,52137,81380,74787,105853,100723.0,78699,74956.0
state,MG,Anidro Producao,flow,Jun (1),70292,87074,70714,84167,89293,102458,101980.0,64080,78625.0
state,MG,Anidro Producao,flow,Jun (2),68194,95300,48602,96668,91674,99556,99110.0,81788,67108.0
state,MG,Anidro Producao,flow,Jul (1),65912,98925,50701,93451,103160,98628,95572.0,80844,75831.0
state,MG,Anidro Producao,flow,Jul (2),68179,91279,71298,100888,112964,107339,93859.0,93189,85171.0
state,MG,Anidro Producao,flow,Aug (1),60206,88653,83258,90775,103158,104557,85048.0,91331,
state,MG,Anidro Producao,flow,Aug (2),72563,90932,72527,110390,110716,103325,95031.0,92619,
state,MG,Anidro Producao,flow,Sep (1),72623,81220,68856,84919,104164,92173,89863.0,80790,
state,MG,Anidro Producao,flow,Sep (2),52755,59640,72044,86367,82292,89962,87141.0,68485,
state,MG,Anidro Producao,flow,Oct (1),42647,66972,80284,65604,71365,79430,73382.0,73232,
state,MG,Anidro Producao,flow,Oct (2),35211,43254,60996,50014,83475,83404,60375.0,59051,
state,MG,Anidro Producao,flow,Nov (1),14491,34725,48101,25804,57724,73237,35362.0,40493,
state,MG,Anidro Producao,flow,Nov (2),10557,18125,10658,11619,33671,40882,40396.0,10130,
state,MG,Anidro Producao,flow,Dec (1),3204,5242,1837,4756,12783,24406,18088.0,768,
state,MG,Anidro Producao,flow,Dec (2),0,85,625,0,0,0,1289.0,1790,
state,MG,Anidro Producao,flow,Jan (1),0,0,0,0,0,0,860.0,910,
state,MG,Anidro Producao,flow,Jan (2),0,0,0,0,0,0,664.0,308,
state,MG,Anidro Producao,flow,Feb (1),0,0,0,0,0,0,0.0,1162,
state,MG,Anidro Producao,flow,Feb (2),0,0,0,0,0,0,0.0,884,
state,MG,Anidro Producao,flow,Mar (1),0,0,0,54,0,0,0.0,15,
state,MG,Anidro Producao,flow,Mar (2),2756,0,6796,75,6066,1042,406.0,1949,
state,MG,Anidro Saidas Distrib,flow,Apr (1),25766,23179,19110,30306,39701,41376,44207.0,40817,34706.0
state,MG,Anidro Saidas Distrib,flow,Apr (2),34150,27295,26384,40435,40590,37203,46462.0,47316,50099.0
state,MG,Anidro Saidas Distrib,flow,May (1),29203,44189,29023,53763,45185,52017,48026.0,50255,52285.0
state,MG,Anidro Saidas Distrib,flow,May (2),21132,51221,30770,62553,52539,63359,58348.0,62693,45287.0
state,MG,Anidro Saidas Distrib,flow,Jun (1),47957,49575,36791,48784,42109,55253,43801.0,45456,54382.0
state,MG,Anidro Saidas Distrib,flow,Jun (2),39522,43158,35723,45476,40308,56202,48340.0,55574,47473.0
state,MG,Anidro Saidas Distrib,flow,Jul (1),43930,51471,34826,60805,51241,55080,51483.0,47944,46230.0
state,MG,Anidro Saidas Distrib,flow,Jul (2),69867,58591,42135,61665,48227,64602,56187.0,54231,49292.0
state,MG,Anidro Saidas Distrib,flow,Aug (1),46041,51976,35511,49302,55083,56314,55045.0,54432,
state,MG,Anidro Saidas Distrib,flow,Aug (2),58768,55007,40358,54982,57672,47975,46091.0,46497,
state,MG,Anidro Saidas Distrib,flow,Sep (1),56045,38168,36869,52105,49290,42788,48750.0,50999,
state,MG,Anidro Saidas Distrib,flow,Sep (2),36888,55129,41443,49928,55129,54661,55450.0,46128,
state,MG,Anidro Saidas Distrib,flow,Oct (1),35483,52818,42624,49270,58047,47797,54754.0,50646,
state,MG,Anidro Saidas Distrib,flow,Oct (2),31586,57284,45425,44679,56205,58006,56452.0,48079,
state,MG,Anidro Saidas Distrib,flow,Nov (1),26729,45225,45795,35858,61333,54439,48537.0,47023,
state,MG,Anidro Saidas Distrib,flow,Nov (2),26382,39476,47984,47266,60091,49314,49838.0,40067,
state,MG,Anidro Saidas Distrib,flow,Dec (1),29391,37757,47742,44686,50039,50473,47705.0,46551,
state,MG,Anidro Saidas Distrib,flow,Dec (2),33695,43905,57165,52576,61160,51640,49097.0,55333,
state,MG,Anidro Saidas Distrib,flow,Jan (1),-21787,36144,49647,43814,54329,56871,50682.0,51035,
state,MG,Anidro Saidas Distrib,flow,Jan (2),31049,28327,39326,39451,59252,79604,46433.0,48699,
state,MG,Anidro Saidas Distrib,flow,Feb (1),29498,31065,36928,42517,64395,50347,46454.0,46721,
state,MG,Anidro Saidas Distrib,flow,Feb (2),30411,27996,30512,36377,49336,46645,41363.0,34653,
state,MG,Anidro Saidas Distrib,flow,Mar (1),30547,31476,44164,40509,39131,59209,35122.0,55273,
state,MG,Anidro Saidas Distrib,flow,Mar (2),38471,25913,36784,41259,46290,48788,54274.0,48190,
state,MG,Anidro Saidas M.Ext,flow,Apr (1),0,3900,0,3099,0,0,0.0,6187,0.0
state,MG,Anidro Saidas M.Ext,flow,Apr (2),0,4122,0,0,6464,2125,0.0,7460,0.0
state,MG,Anidro Saidas M.Ext,flow,May (1),0,2452,0,0,6129,3137,0.0,972,0.0
state,MG,Anidro Saidas M.Ext,flow,May (2),0,3705,0,0,1238,2554,0.0,4366,0.0
state,MG,Anidro Saidas M.Ext,flow,Jun (1),1666,4696,0,2974,1950,1471,5140.0,1931,0.0
state,MG,Anidro Saidas M.Ext,flow,Jun (2),3421,6499,15399,0,12074,1555,13298.0,0,0.0
state,MG,Anidro Saidas M.Ext,flow,Jul (1),2392,0,0,0,3139,1502,181.0,0,0.0
state,MG,Anidro Saidas M.Ext,flow,Jul (2),3552,0,17679,12395,7862,3471,6470.0,0,0.0
state,MG,Anidro Saidas M.Ext,flow,Aug (1),0,0,0,0,10700,875,9183.0,0,
state,MG,Anidro Saidas M.Ext,flow,Aug (2),6369,0,15000,0,4997,0,4658.0,0,
state,MG,Anidro Saidas M.Ext,flow,Sep (1),5554,0,0,0,5329,0,0.0,0,
state,MG,Anidro Saidas M.Ext,flow,Sep (2),0,0,0,0,2666,0,0.0,0,
state,MG,Anidro Saidas M.Ext,flow,Oct (1),178,0,7500,0,0,0,0.0,0,
state,MG,Anidro Saidas M.Ext,flow,Oct (2),0,0,2362,0,0,9964,0.0,0,
state,MG,Anidro Saidas M.Ext,flow,Nov (1),0,0,0,0,14456,0,0.0,0,
state,MG,Anidro Saidas M.Ext,flow,Nov (2),0,0,0,3563,1505,0,0.0,0,
state,MG,Anidro Saidas M.Ext,flow,Dec (1),0,1972,0,3827,19367,0,0.0,0,
state,MG,Anidro Saidas M.Ext,flow,Dec (2),0,0,0,0,16858,0,36.0,0,
state,MG,Anidro Saidas M.Ext,flow,Jan (1),50042,0,0,7530,12733,0,0.0,0,
state,MG,Anidro Saidas M.Ext,flow,Jan (2),0,0,0,3462,0,0,0.0,0,
state,MG,Anidro Saidas M.Ext,flow,Feb (1),4922,0,0,0,0,0,0.0,0,
state,MG,Anidro Saidas M.Ext,flow,Feb (2),-5100,0,0,0,0,0,0.0,0,
state,MG,Anidro Saidas M.Ext,flow,Mar (1),0,0,0,0,0,0,0.0,0,
state,MG,Anidro Saidas M.Ext,flow,Mar (2),0,0,0,20802,0,21,4674.0,0,
state,MG,Anidro Saidas Outras,flow,Apr (1),6957,4163,2580,1323,11549,2434,5946.0,2872,178.0
state,MG,Anidro Saidas Outras,flow,Apr (2),1773,2683,2876,6448,7797,555,2708.0,2054,1944.0
state,MG,Anidro Saidas Outras,flow,May (1),2042,943,6502,5380,949,853,672.0,151,503.0
state,MG,Anidro Saidas Outras,flow,May (2),2031,507,9302,365,298,607,1703.0,818,290.0
state,MG,Anidro Saidas Outras,flow,Jun (1),4009,712,5110,5879,151,214,386.0,286,453.0
state,MG,Anidro Saidas Outras,flow,Jun (2),1670,921,2569,7271,748,374,522.0,331,422.0
state,MG,Anidro Saidas Outras,flow,Jul (1),1731,822,4073,2518,270,171,1122.0,137,369.0
state,MG,Anidro Saidas Outras,flow,Jul (2),2537,2178,9578,3740,498,782,661.0,331,324.0
state,MG,Anidro Saidas Outras,flow,Aug (1),1884,1264,7923,1632,279,261,202.0,206,
state,MG,Anidro Saidas Outras,flow,Aug (2),2631,1463,988,3187,761,619,610.0,369,
state,MG,Anidro Saidas Outras,flow,Sep (1),2747,874,3604,2057,4061,359,259.0,178,
state,MG,Anidro Saidas Outras,flow,Sep (2),1720,816,1094,2171,490,421,687.0,362,
state,MG,Anidro Saidas Outras,flow,Oct (1),1032,968,5640,1622,224,3199,818.0,185,
state,MG,Anidro Saidas Outras,flow,Oct (2),2457,1288,567,3145,481,670,1815.0,584,
state,MG,Anidro Saidas Outras,flow,Nov (1),1426,1625,617,557,583,322,827.0,118,
state,MG,Anidro Saidas Outras,flow,Nov (2),1438,945,4109,706,1364,470,1006.0,461,
state,MG,Anidro Saidas Outras,flow,Dec (1),1670,791,2700,176,514,266,225.0,147,
state,MG,Anidro Saidas Outras,flow,Dec (2),994,590,5315,468,399,3559,382.0,592,
state,MG,Anidro Saidas Outras,flow,Jan (1),1159,1780,497,139,107,213,236.0,135,
state,MG,Anidro Saidas Outras,flow,Jan (2),1832,2955,3354,894,382,13378,691.0,407,
state,MG,Anidro Saidas Outras,flow,Feb (1),6756,1620,3390,2797,172,296,19277.0,3652,
state,MG,Anidro Saidas Outras,flow,Feb (2),4882,13880,7382,6757,275,5141,1060.0,471,
state,MG,Anidro Saidas Outras,flow,Mar (1),5220,8154,6458,35632,201,3427,5125.0,598,
state,MG,Anidro Saidas Outras,flow,Mar (2),6287,5351,3621,28170,869,2520,7194.0,2275,
state,MG,Cana,flow,Apr (1),2753553,1912098,3108338,2529111,1287632,1528520,1715062.0,2962781,2683486.0
state,MG,Cana,flow,Apr (2),3988742,3703412,4154999,4031905,3410729,3199693,4563863.0,2470175,5304312.0
state,MG,Cana,flow,May (1),4652837,4525153,4951232,4979646,4395025,5089851,5604886.0,5156952,5807980.0
state,MG,Cana,flow,May (2),3782644,4959278,4589455,5031229,5354781,5803218,6312937.0,6066954,5728323.0
state,MG,Cana,flow,Jun (1),4764229,5059248,5259044,4963121,5051576,5492147,6065352.0,4924639,4791258.0
state,MG,Cana,flow,Jun (2),4942400,5180429,5366781,5417321,5598557,5751422,6103504.0,6415475,4562176.0
state,MG,Cana,flow,Jul (1),4829808,5191656,5326532,5232552,5232963,6531016,6079071.0,6000626,6291302.0
state,MG,Cana,flow,Jul (2),5280329,5650919,5750900,5661714,6002516,6459167,6433888.0,6298791,5576627.0
state,MG,Cana,flow,Aug (1),4398504,4805475,5384234,5391476,5080587,5931524,5736949.0,5740618,
state,MG,Cana,flow,Aug (2),4671039,5203269,5446770,5502864,5703762,5555804,5673332.0,6007239,
state,MG,Cana,flow,Sep (1),4417742,4933932,5153524,4464704,4638414,5437594,5379156.0,5480729,
state,MG,Cana,flow,Sep (2),3569430,4107969,4717969,4160897,3627036,5159129,5331363.0,4467714,
state,MG,Cana,flow,Oct (1),3313481,4169441,4511617,2522985,3205985,4263208,4329350.0,4614924,
state,MG,Cana,flow,Oct (2),2971916,3484463,2826359,2135891,3661775,4285387,3088928.0,3936667,
state,MG,Cana,flow,Nov (1),1573258,2538051,2200802,1375504,3002644,4018624,2319504.0,1711810,
state,MG,Cana,flow,Nov (2),1379247,1336503,832863,426652,1474278,2821609,3011993.0,351877,
state,MG,Cana,flow,Dec (1),971051,325528,173472,120151,375705,1864957,2125525.0,52689,
state,MG,Cana,flow,Dec (2),190442,181215,32963,0,15546,120011,375981.0,75755,
state,MG,Cana,flow,Jan (1),7071,0,0,0,-30,0,28896.0,49374,
state,MG,Cana,flow,Jan (2),0,0,0,0,0,0,67106.0,56713,
state,MG,Cana,flow,Feb (1),0,0,0,0,0,0,60075.0,73114,
state,MG,Cana,flow,Feb (2),0,0,0,0,0,0,174377.0,45562,
state,MG,Cana,flow,Mar (1),10931,186488,122452,0,3245,51820,325765.0,25320,
state,MG,Cana,flow,Mar (2),731182,1245300,655460,178125,550773,238583,899686.0,429714,
state,MG,Etanol Total,flow,Apr (1),111542,81452,100599,82690,37956,52669,56441.0,82946,102040.0
state,MG,Etanol Total,flow,Apr (2),172667,158776,140904,141772,113404,112228,165329.0,74399,202210.0
state,MG,Etanol Total,flow,May (1),205190,208112,181727,188452,194528,175913,193524.0,148399,215578.0
state,MG,Etanol Total,flow,May (2),189846,216680,171152,200762,207131,213596,231673.0,189938,214629.0
state,MG,Etanol Total,flow,Jun (1),224324,233743,213226,194266,209293,205532,240460.0,167471,223169.0
state,MG,Etanol Total,flow,Jun (2),233753,260387,214060,219189,221716,215127,245243.0,205263,180875.0
state,MG,Etanol Total,flow,Jul (1),245938,270931,232367,229417,231167,303533,247795.0,203419,240380.0
state,MG,Etanol Total,flow,Jul (2),275563,303385,256923,251508,256702,267209,277242.0,228650,248899.0
state,MG,Etanol Total,flow,Aug (1),244132,266808,247912,251682,236396,258135,252247.0,210981,
state,MG,Etanol Total,flow,Aug (2),265512,295407,259637,261301,262450,252864,270102.0,231294,
state,MG,Etanol Total,flow,Sep (1),257935,288453,252325,215769,230696,236905,255455.0,220398,
state,MG,Etanol Total,flow,Sep (2),207609,255899,238860,225972,173257,235160,265840.0,190645,
state,MG,Etanol Total,flow,Oct (1),194283,248602,228188,150472,136946,189318,220061.0,192525,
state,MG,Etanol Total,flow,Oct (2),170594,209142,142222,108151,146669,195031,150563.0,160976,
state,MG,Etanol Total,flow,Nov (1),79257,154593,112023,69627,117870,164852,83953.0,109230,
state,MG,Etanol Total,flow,Nov (2),67247,73123,35944,25386,63746,106508,115108.0,32395,
state,MG,Etanol Total,flow,Dec (1),55593,19413,10489,7152,27753,77147,84839.0,3084,
state,MG,Etanol Total,flow,Dec (2),13113,9755,4000,328,1040,9655,20991.0,5073,
state,MG,Etanol Total,flow,Jan (1),546,0,13295,1,-3952,329,1788.0,3404,
state,MG,Etanol Total,flow,Jan (2),0,0,2,1,1,239,3973.0,3912,
state,MG,Etanol Total,flow,Feb (1),0,0,0,330,402,315,4116.0,4582,
state,MG,Etanol Total,flow,Feb (2),0,0,2,325,435,366,4013.0,2961,
state,MG,Etanol Total,flow,Mar (1),595,2385,1113,515,466,2532,8197.0,2133,
state,MG,Etanol Total,flow,Mar (2),23111,33947,14507,5798,16049,11383,23847.0,15396,
state,MG,Hidratado Entradas,flow,Apr (1),34954,68127,92312,78158,133740,87736,87997.0,118785,51941.0
state,MG,Hidratado Entradas,flow,Apr (2),649,2365,1342,10753,14625,906,2842.0,2281,785.0
state,MG,Hidratado Entradas,flow,May (1),2643,246,2100,5128,2395,30,669.0,841,347.0
state,MG,Hidratado Entradas,flow,May (2),3271,339,2883,220,482,157,582.0,574,163.0
state,MG,Hidratado Entradas,flow,Jun (1),3661,7,1145,850,97,1207,318.0,118,310.0
state,MG,Hidratado Entradas,flow,Jun (2),2509,98,1117,322,232,59,197.0,86,202.0
state,MG,Hidratado Entradas,flow,Jul (1),9308,3726,1032,82,3212,5931,905.0,119,305.0
state,MG,Hidratado Entradas,flow,Jul (2),19258,7896,6087,5,3528,4720,197.0,277,0.0
state,MG,Hidratado Entradas,flow,Aug (1),21596,8792,88,0,1693,26,112.0,0,
state,MG,Hidratado Entradas,flow,Aug (2),40107,17643,8781,5,7273,64,5650.0,84,
state,MG,Hidratado Entradas,flow,Sep (1),20474,10910,4526,0,5097,587,4186.0,21,
state,MG,Hidratado Entradas,flow,Sep (2),21544,7986,0,10,1999,4,1212.0,16,
state,MG,Hidratado Entradas,flow,Oct (1),19017,1911,6310,23,5008,2,643.0,0,
state,MG,Hidratado Entradas,flow,Oct (2),24653,255,543,903,3,64,1131.0,1,
state,MG,Hidratado Entradas,flow,Nov (1),14726,644,122,1046,379,0,1328.0,2,
state,MG,Hidratado Entradas,flow,Nov (2),31115,26627,3740,3956,474,2036,2603.0,99,
state,MG,Hidratado Entradas,flow,Dec (1),25837,304,6515,68,1507,-94,159.0,22,
state,MG,Hidratado Entradas,flow,Dec (2),45357,16209,37763,62,21619,3106,508.0,2,
state,MG,Hidratado Entradas,flow,Jan (1),11307,1233,1906,43,5029,5,90.0,70,
state,MG,Hidratado Entradas,flow,Jan (2),1427,2200,2593,870,935,13609,132.0,2,
state,MG,Hidratado Entradas,flow,Feb (1),7726,782,3122,2807,1672,119,6575.0,3544,
state,MG,Hidratado Entradas,flow,Feb (2),13130,13752,6733,6832,18206,4984,1111.0,269,
state,MG,Hidratado Entradas,flow,Mar (1),5980,6392,6658,37159,42,4629,5101.0,506,
state,MG,Hidratado Entradas,flow,Mar (2),4194,2693,3672,28771,16705,1831,9186.0,2053,
state,MG,Hidratado Estoque E.Disp,stock,Apr (1),47866,20211,101076,48917,61426,72857,59154.0,104520,83339.0
state,MG,Hidratado Estoque E.Disp,stock,Apr (2),74104,47250,137146,38568,76582,95751,99805.0,86275,145820.0
state,MG,Hidratado Estoque E.Disp,stock,May (1),96176,66940,166962,62027,113405,163345,123887.0,95538,195389.0
state,MG,Hidratado Estoque E.Disp,stock,May (2),151641,87480,213617,79308,131333,208100,158082.0,99708,264559.0
state,MG,Hidratado Estoque E.Disp,stock,Jun (1),195463,127339,276395,102319,161196,268807,215399.0,131999,318673.0
state,MG,Hidratado Estoque E.Disp,stock,Jun (2),275895,198069,353876,159759,198587,311967,267574.0,162837,340323.0
state,MG,Hidratado Estoque E.Disp,stock,Jul (1),336549,255183,423329,214356,230972,442632,324729.0,201228,406072.0
state,MG,Hidratado Estoque E.Disp,stock,Jul (2),394003,324100,487077,266820,309839,537241,425221.0,243045,465107.0
state,MG,Hidratado Estoque E.Disp,stock,Aug (1),440610,384670,538512,331756,363493,593478,484794.0,280189,
state,MG,Hidratado Estoque E.Disp,stock,Aug (2),482884,453907,606935,389081,429586,644999,548720.0,336046,
state,MG,Hidratado Estoque E.Disp,stock,Sep (1),545901,543241,675858,443485,537619,658950,661131.0,381072,
state,MG,Hidratado Estoque E.Disp,stock,Sep (2),569239,590113,723565,502503,542540,712297,732785.0,414874,
state,MG,Hidratado Estoque E.Disp,stock,Oct (1),598241,613922,759847,509472,533234,750549,794354.0,458478,
state,MG,Hidratado Estoque E.Disp,stock,Oct (2),582509,595816,732182,493527,589351,762505,742338.0,484513,
state,MG,Hidratado Estoque E.Disp,stock,Nov (1),608233,601911,692012,461530,546921,767072,716770.0,493918,
state,MG,Hidratado Estoque E.Disp,stock,Nov (2),562819,509512,607675,418432,494461,727144,691899.0,430707,
state,MG,Hidratado Estoque E.Disp,stock,Dec (1),495831,455662,531669,372903,436394,660737,663623.0,358465,
state,MG,Hidratado Estoque E.Disp,stock,Dec (2),425485,375835,459407,333907,353083,533249,580205.0,282464,
state,MG,Hidratado Estoque E.Disp,stock,Jan (1),356698,307352,402493,309556,321222,465256,466785.0,223265,
state,MG,Hidratado Estoque E.Disp,stock,Jan (2),269938,205293,298801,279650,272492,380973,359774.0,174714,
state,MG,Hidratado Estoque E.Disp,stock,Feb (1),184067,133643,212071,240522,226581,292602,292135.0,139363,
state,MG,Hidratado Estoque E.Disp,stock,Feb (2),121401,97580,137550,206396,174192,196303,207983.0,114980,
state,MG,Hidratado Estoque E.Disp,stock,Mar (1),89168,78586,82186,172179,127242,134382,159063.0,79228,
state,MG,Hidratado Estoque E.Disp,stock,Mar (2),33392,82570,46978,104358,82788,71015,103433.0,48092,
state,MG,Hidratado Estoque E.Fisico,stock,Apr (1),69785,39491,122004,67153,75918,78929,60538.0,116126,86413.0
state,MG,Hidratado Estoque E.Fisico,stock,Apr (2),96812,67590,157789,67305,94843,100281,107677.0,89728,163525.0
state,MG,Hidratado Estoque E.Fisico,stock,May (1),135120,96623,203144,97097,130185,170347,139231.0,103681,220455.0
state,MG,Hidratado Estoque E.Fisico,stock,May (2),211516,117063,242608,115412,162232,204449,167466.0,107023,280032.0
state,MG,Hidratado Estoque E.Fisico,stock,Jun (1),246097,162771,310398,149319,197491,262005,222398.0,138280,336195.0
state,MG,Hidratado Estoque E.Fisico,stock,Jun (2),323190,238118,386119,207301,244958,317685,274834.0,174526,359260.0
state,MG,Hidratado Estoque E.Fisico,stock,Jul (1),410158,308533,469050,266616,291571,452648,342001.0,214152,421777.0
state,MG,Hidratado Estoque E.Fisico,stock,Jul (2),494526,403641,541335,317850,385632,544628,438495.0,255489,476560.0
state,MG,Hidratado Estoque E.Fisico,stock,Aug (1),541438,477564,601722,381752,462960,612585,509743.0,292378,
state,MG,Hidratado Estoque E.Fisico,stock,Aug (2),585516,579667,676759,436292,556001,650507,603529.0,352028,
state,MG,Hidratado Estoque E.Fisico,stock,Sep (1),657927,662286,735535,495058,615390,689833,693138.0,394404,
state,MG,Hidratado Estoque E.Fisico,stock,Sep (2),698904,703932,791364,557383,620601,720148,770710.0,431504,
state,MG,Hidratado Estoque E.Fisico,stock,Oct (1),737622,764339,834543,559456,600517,755143,821666.0,470548,
state,MG,Hidratado Estoque E.Fisico,stock,Oct (2),757142,760466,802476,543156,608158,770048,786150.0,497845,
state,MG,Hidratado Estoque E.Fisico,stock,Nov (1),702589,762692,784370,504849,563158,772012,739487.0,505123,
state,MG,Hidratado Estoque E.Fisico,stock,Nov (2),646177,665073,681981,460678,513309,736763,721229.0,449963,
state,MG,Hidratado Estoque E.Fisico,stock,Dec (1),579936,552287,597883,408179,451980,666642,693663.0,376533,
state,MG,Hidratado Estoque E.Fisico,stock,Dec (2),495163,445352,511411,365700,379137,538209,602051.0,293151,
state,MG,Hidratado Estoque E.Fisico,stock,Jan (1),404361,348238,435520,336042,335233,468510,494313.0,236283,
state,MG,Hidratado Estoque E.Fisico,stock,Jan (2),315472,254905,341075,303797,282049,373276,386514.0,186856,
state,MG,Hidratado Estoque E.Fisico,stock,Feb (1),239600,176615,244293,264691,234320,284802,322667.0,146912,
state,MG,Hidratado Estoque E.Fisico,stock,Feb (2),168500,125320,179219,229069,180775,214965,241629.0,119309,
state,MG,Hidratado Estoque E.Fisico,stock,Mar (1),93008,91175,114550,202732,133371,152100,182901.0,81676,
state,MG,Hidratado Estoque E.Fisico,stock,Mar (2),63902,91116,70281,138523,102146,71311,115482.0,51766,
state,MG,Hidratado Producao,flow,Apr (1),96600,71536,78317,66742,29969,42482,47204.0,74058,88016.0
state,MG,Hidratado Producao,flow,Apr (2),122987,127869,100291,99367,90542,72150,124706.0,52823,147336.0
state,MG,Hidratado Producao,flow,May (1),140867,149456,132307,121314,136059,102822,120381.0,91866,135372.0
state,MG,Hidratado Producao,flow,May (2),133453,155129,119015,119382,132344,107743,130950.0,111239,139673.0
state,MG,Hidratado Producao,flow,Jun (1),154032,146669,142512,110099,120000,103074,138480.0,103391,144544.0
state,MG,Hidratado Producao,flow,Jun (2),165559,165087,165458,122521,130042,115571,146133.0,123475,113767.0
state,MG,Hidratado Producao,flow,Jul (1),180026,172006,181666,135966,128007,204905,152223.0,122575,164549.0
state,MG,Hidratado Producao,flow,Jul (2),207384,212106,185625,150620,143738,159870,183383.0,135461,163728.0
state,MG,Hidratado Producao,flow,Aug (1),183926,178155,164654,160907,133238,153578,167199.0,119650,
state,MG,Hidratado Producao,flow,Aug (2),192949,204475,187110,150911,151734,149539,175071.0,138675,
state,MG,Hidratado Producao,flow,Sep (1),185312,207233,183469,130850,126532,144732,165592.0,139608,
state,MG,Hidratado Producao,flow,Sep (2),154854,196259,166816,139605,90965,145198,178699.0,122160,
state,MG,Hidratado Producao,flow,Oct (1),151636,181630,147904,84868,65581,109888,146679.0,119293,
state,MG,Hidratado Producao,flow,Oct (2),135383,165888,81226,58137,63194,111627,90188.0,101925,
state,MG,Hidratado Producao,flow,Nov (1),64766,119868,63922,43823,60146,91615,48591.0,68737,
state,MG,Hidratado Producao,flow,Nov (2),56690,54998,25286,13767,30075,65626,74712.0,22265,
state,MG,Hidratado Producao,flow,Dec (1),52389,14171,8652,2396,14970,52741,66751.0,2316,
state,MG,Hidratado Producao,flow,Dec (2),13113,9670,3375,328,1040,9655,19702.0,3283,
state,MG,Hidratado Producao,flow,Jan (1),546,0,13295,1,-3952,329,928.0,2494,
state,MG,Hidratado Producao,flow,Jan (2),0,0,2,1,1,239,3309.0,3604,
state,MG,Hidratado Producao,flow,Feb (1),0,0,0,330,402,315,4116.0,3420,
state,MG,Hidratado Producao,flow,Feb (2),0,0,2,325,435,366,4013.0,2077,
state,MG,Hidratado Producao,flow,Mar (1),595,2385,1113,461,466,2532,8197.0,2118,
state,MG,Hidratado Producao,flow,Mar (2),20355,33947,7711,5723,9983,10341,23441.0,13447,
state,MG,Hidratado Saidas Distrib,flow,Apr (1),54899,91321,28580,65256,85100,44481,68294.0,69591,51943.0
state,MG,Hidratado Saidas Distrib,flow,Apr (2),85403,92720,48930,103462,78746,45506,73380.0,70710,65238.0
state,MG,Hidratado Saidas Distrib,flow,May (1),91111,109308,69790,82116,95554,29415,79737.0,69521,73142.0
state,MG,Hidratado Saidas Distrib,flow,May (2),49866,123031,66579,84664,85324,46170,80747.0,86281,65824.0
state,MG,Hidratado Saidas Distrib,flow,Jun (1),105259,91987,62668,58798,65497,35393,66245.0,59801,76238.0
state,MG,Hidratado Saidas Distrib,flow,Jun (2),76304,78422,70841,49046,68137,51421,75763.0,68930,75912.0
state,MG,Hidratado Saidas Distrib,flow,Jul (1),80959,88030,86078,64343,74392,58731,70331.0,72452,84170.0
state,MG,Hidratado Saidas Distrib,flow,Jul (2),107987,110168,100530,80158,41339,47860,71840.0,75040,84855.0
state,MG,Hidratado Saidas Distrib,flow,Aug (1),127567,100982,85352,81244,49743,48703,85697.0,67596,
state,MG,Hidratado Saidas Distrib,flow,Aug (2),141724,99928,108942,76961,55911,72891,73070.0,65136,
state,MG,Hidratado Saidas Distrib,flow,Sep (1),106116,120542,100758,53137,58365,85927,65537.0,77517,
state,MG,Hidratado Saidas Distrib,flow,Sep (2),102459,123050,100431,55037,57757,92248,82867.0,68240,
state,MG,Hidratado Saidas Distrib,flow,Oct (1),110795,137372,100222,42171,65875,61792,74555.0,71661,
state,MG,Hidratado Saidas Distrib,flow,Oct (2),125908,159718,96171,46239,32224,82761,105363.0,64179,
state,MG,Hidratado Saidas Distrib,flow,Nov (1),112931,112204,69875,46260,84303,77127,75451.0,54111,
state,MG,Hidratado Saidas Distrib,flow,Nov (2),125807,145159,93179,50159,54110,85732,74620.0,64873,
state,MG,Hidratado Saidas Distrib,flow,Dec (1),140312,108888,79174,42350,54359,104346,75363.0,69403,
state,MG,Hidratado Saidas Distrib,flow,Dec (2),138873,128994,123217,30013,74771,132228,94883.0,81837,
state,MG,Hidratado Saidas Distrib,flow,Jan (1),99249,92482,85852,26067,40391,66748,92579.0,54522,
state,MG,Hidratado Saidas Distrib,flow,Jan (2),84156,89586,81472,26229,46194,102047,101339.0,47348,
state,MG,Hidratado Saidas Distrib,flow,Feb (1),79035,72798,77202,34774,45251,81635,68877.0,44282,
state,MG,Hidratado Saidas Distrib,flow,Feb (2),78485,60370,61051,38567,64038,68027,77768.0,26821,
state,MG,Hidratado Saidas Distrib,flow,Mar (1),78364,37854,66762,60476,39705,53062,66206.0,38564,
state,MG,Hidratado Saidas Distrib,flow,Mar (2),47116,28055,49494,92032,41448,76240,92813.0,42132,
state,MG,Hidratado Saidas M.Ext,flow,Apr (1),0,0,3172,0,0,453,1274.0,196,0.0
state,MG,Hidratado Saidas M.Ext,flow,Apr (2),0,0,2324,0,29,1844,2471.0,4150,0.0
state,MG,Hidratado Saidas M.Ext,flow,May (1),0,0,2382,0,0,1570,7280.0,6085,3445.0
state,MG,Hidratado Saidas M.Ext,flow,May (2),0,0,3772,3813,6417,13840,10252.0,10358,7189.0
state,MG,Hidratado Saidas M.Ext,flow,Jun (1),0,0,1177,5192,9748,6399,7751.0,4290,4212.0
state,MG,Hidratado Saidas M.Ext,flow,Jun (2),0,0,6381,0,5647,4401,8854.0,7589,4044.0
state,MG,Hidratado Saidas M.Ext,flow,Jul (1),0,12,0,748,3681,7959,10467.0,3914,10282.0
state,MG,Hidratado Saidas M.Ext,flow,Jul (2),0,0,1152,2503,2612,9307,10794.0,5383,14225.0
state,MG,Hidratado Saidas M.Ext,flow,Aug (1),0,0,7562,0,1733,21536,7482.0,3445,
state,MG,Hidratado Saidas M.Ext,flow,Aug (2),0,0,293,26,0,21045,5605.0,0,
state,MG,Hidratado Saidas M.Ext,flow,Sep (1),0,0,0,1008,6398,10227,4643.0,8887,
state,MG,Hidratado Saidas M.Ext,flow,Sep (2),0,0,0,714,5785,14001,10101.0,3351,
state,MG,Hidratado Saidas M.Ext,flow,Oct (1),0,0,0,12246,2260,5015,14874.0,2378,
state,MG,Hidratado Saidas M.Ext,flow,Oct (2),0,0,0,4846,5407,5377,6243.0,6097,
state,MG,Hidratado Saidas M.Ext,flow,Nov (1),0,0,0,1777,0,4384,7549.0,3365,
state,MG,Hidratado Saidas M.Ext,flow,Nov (2),0,42,22,46,3399,5434,3636.0,927,
state,MG,Hidratado Saidas M.Ext,flow,Dec (1),0,2034,-22,0,6385,8254,4903.0,1957,
state,MG,Hidratado Saidas M.Ext,flow,Dec (2),0,0,52,0,5919,3294,5477.0,2893,
state,MG,Hidratado Saidas M.Ext,flow,Jan (1),0,0,0,0,1429,354,10222.0,3182,
state,MG,Hidratado Saidas M.Ext,flow,Jan (2),0,0,5345,2,3555,3858,898.0,3073,
state,MG,Hidratado Saidas M.Ext,flow,Feb (1),0,10,9729,-23,693,5349,2901.0,416,
state,MG,Hidratado Saidas M.Ext,flow,Feb (2),0,0,203,-7,5550,4167,4814.0,238,
state,MG,Hidratado Saidas M.Ext,flow,Mar (1),0,13,414,-18,6885,13727,3394.0,0,
state,MG,Hidratado Saidas M.Ext,flow,Mar (2),0,0,2,0,10541,12978,4012.0,-419,
state,MG,Hidratado Saidas Outras,flow,Apr (1),6870,8851,16873,12491,2691,6355,5095.0,6930,1601.0
state,MG,Hidratado Saidas Outras,flow,Apr (2),11206,9415,14594,6506,7467,4354,4558.0,6642,5771.0
state,MG,Hidratado Saidas Outras,flow,May (1),14091,11361,16880,14534,7558,1801,2479.0,3148,2202.0
state,MG,Hidratado Saidas Outras,flow,May (2),10462,11997,12083,12810,9038,13788,12298.0,11832,7246.0
state,MG,Hidratado Saidas Outras,flow,Jun (1),17853,8981,12022,13052,9593,4933,9870.0,8161,8241.0
state,MG,Hidratado Saidas Outras,flow,Jun (2),14671,11416,13632,15815,9023,4128,9277.0,10796,10948.0
state,MG,Hidratado Saidas Outras,flow,Jul (1),21407,17275,13689,11642,6533,9183,5163.0,6702,7885.0
state,MG,Hidratado Saidas Outras,flow,Jul (2),34287,14726,17745,16730,9254,15443,4452.0,13978,9865.0
state,MG,Hidratado Saidas Outras,flow,Aug (1),31043,12042,11441,15761,6127,15408,2884.0,11720,
state,MG,Hidratado Saidas Outras,flow,Aug (2),47254,20087,11619,19389,10055,17745,8260.0,13973,
state,MG,Hidratado Saidas Outras,flow,Sep (1),27259,14982,28461,17939,7477,9839,9989.0,10849,
state,MG,Hidratado Saidas Outras,flow,Sep (2),32962,39549,10556,21539,24211,8638,9371.0,13485,
state,MG,Hidratado Saidas Outras,flow,Oct (1),21140,-14238,10813,28401,22538,8088,6937.0,6210,
state,MG,Hidratado Saidas Outras,flow,Oct (2),14608,10298,17665,24255,17925,8648,15229.0,4353,
state,MG,Hidratado Saidas Outras,flow,Nov (1),21114,6082,12275,35139,21222,8140,13582.0,3985,
state,MG,Hidratado Saidas Outras,flow,Nov (2),18410,34043,38214,11689,22889,11745,17317.0,11724,
state,MG,Hidratado Saidas Outras,flow,Dec (1),4155,16339,20113,12613,17062,10168,14210.0,4408,
state,MG,Hidratado Saidas Outras,flow,Dec (2),4370,3820,4341,12856,14812,5672,11462.0,1937,
state,MG,Hidratado Saidas Outras,flow,Jan (1),3406,5865,5240,3635,3161,2931,5955.0,1728,
state,MG,Hidratado Saidas Outras,flow,Jan (2),6160,5947,10223,6885,4371,3177,9003.0,2612,
state,MG,Hidratado Saidas Outras,flow,Feb (1),4563,6264,12973,7492,3859,1924,2760.0,2210,
state,MG,Hidratado Saidas Outras,flow,Feb (2),5745,4677,10555,4219,2598,2993,3580.0,2890,
state,MG,Hidratado Saidas Outras,flow,Mar (1),3703,5055,5264,3499,1322,3237,2426.0,1693,
state,MG,Hidratado Saidas Outras,flow,Mar (2),6539,8644,6156,6671,5924,3743,3221.0,3697,
state,MS,Acucar,flow,Apr (1),31817,17583,40280,76378,10283,48081,46200.0,44560,33580.0
state,MS,Acucar,flow,Apr (2),52520,38127,75296,91998,28979,47306,82706.0,14802,62609.0
state,MS,Acucar,flow,May (1),71411,43074,82840,131393,44156,133406,126259.0,137008,52652.0
state,MS,Acucar,flow,May (2),26876,69922,116420,130076,78711,135722,107004.0,162286,66457.0
state,MS,Acucar,flow,Jun (1),46915,70843,89743,68621,50837,120300,150601.0,148298,83593.0
state,MS,Acucar,flow,Jun (2),85900,85647,110810,130727,87872,142498,152140.0,153034,49277.0
state,MS,Acucar,flow,Jul (1),98482,59109,139892,151643,132363,165251,101089.0,186497,148590.0
state,MS,Acucar,flow,Jul (2),101719,76534,166388,136344,154093,188346,174460.0,174468,165036.0
state,MS,Acucar,flow,Aug (1),52077,56389,160109,117272,103373,170346,161133.0,175031,
state,MS,Acucar,flow,Aug (2),91194,65924,100367,97165,115901,161578,157053.0,199781,
state,MS,Acucar,flow,Sep (1),59795,40120,160115,98021,126736,109458,165326.0,192795,
state,MS,Acucar,flow,Sep (2),29854,32749,127409,76077,55602,177357,113101.0,158162,
state,MS,Acucar,flow,Oct (1),24716,30097,122303,21381,53916,125013,124748.0,119607,
state,MS,Acucar,flow,Oct (2),38243,22092,68076,21250,75075,117726,118814.0,88434,
state,MS,Acucar,flow,Nov (1),38150,11824,67401,12243,84426,108650,74547.0,46552,
state,MS,Acucar,flow,Nov (2),26575,1889,70679,10328,102320,75399,80702.0,62237,
state,MS,Acucar,flow,Dec (1),31616,0,31575,6,59411,48838,17621.0,30025,
state,MS,Acucar,flow,Dec (2),17492,0,5367,2870,29990,45344,21143.0,6356,
state,MS,Acucar,flow,Jan (1),5511,0,7574,0,34590,22653,9358.0,247,
state,MS,Acucar,flow,Jan (2),352,0,1861,0,16647,13537,7254.0,172,
state,MS,Acucar,flow,Feb (1),0,0,21350,0,2356,20293,161761.0,773,
state,MS,Acucar,flow,Feb (2),1229,198,18673,0,350,14611,-145525.0,0,
state,MS,Acucar,flow,Mar (1),2101,0,28101,0,9242,27222,19725.0,1564,
state,MS,Acucar,flow,Mar (2),9706,8627,34905,5082,43072,45966,35858.0,9393,
state,MS,Anidro Entradas,flow,Apr (1),49455,40012,45213,64873,71704,52101,82015.0,81953,41073.0
state,MS,Anidro Entradas,flow,Apr (2),7,8,699,2,67,5651,77.0,3196,51.0
state,MS,Anidro Entradas,flow,May (1),42,90,3193,1420,1208,3999,14.0,20535,192.0
state,MS,Anidro Entradas,flow,May (2),12,2,5328,6334,517,2723,1194.0,10128,1170.0
state,MS,Anidro Entradas,flow,Jun (1),933,2809,4476,11434,16,4542,514.0,1855,563.0
state,MS,Anidro Entradas,flow,Jun (2),502,0,3297,1987,306,6479,759.0,1293,6051.0
state,MS,Anidro Entradas,flow,Jul (1),0,6461,1030,0,144,3534,11315.0,3679,149.0
state,MS,Anidro Entradas,flow,Jul (2),6,11038,2275,224,98,61,2662.0,2828,141.0
state,MS,Anidro Entradas,flow,Aug (1),1554,3466,2518,3381,3682,0,6506.0,12270,
state,MS,Anidro Entradas,flow,Aug (2),2746,1377,4816,8910,1897,5947,3477.0,5421,
state,MS,Anidro Entradas,flow,Sep (1),0,86,1454,4283,331,1273,12056.0,1679,
state,MS,Anidro Entradas,flow,Sep (2),1305,220,5626,12972,7332,3863,6235.0,13294,
state,MS,Anidro Entradas,flow,Oct (1),1194,5104,8622,12663,9619,5241,1533.0,2879,
state,MS,Anidro Entradas,flow,Oct (2),948,6873,19887,9932,5589,4039,1864.0,3138,
state,MS,Anidro Entradas,flow,Nov (1),2698,93,20289,15443,12221,18137,14904.0,5648,
state,MS,Anidro Entradas,flow,Nov (2),5256,9810,17846,11819,5855,7320,2017.0,11731,
state,MS,Anidro Entradas,flow,Dec (1),3330,8623,15132,296,6452,5698,9714.0,4654,
state,MS,Anidro Entradas,flow,Dec (2),941,284,1770,8,4569,5708,1336.0,6398,
state,MS,Anidro Entradas,flow,Jan (1),6186,1954,1028,7,10282,3922,1187.0,1897,
state,MS,Anidro Entradas,flow,Jan (2),1013,0,14,0,6739,2125,18174.0,59,
state,MS,Anidro Entradas,flow,Feb (1),0,343,0,0,632,2,2651.0,2226,
state,MS,Anidro Entradas,flow,Feb (2),11,20968,60,298,5842,78,142.0,123,
state,MS,Anidro Entradas,flow,Mar (1),38,2437,2192,114,4782,48,8330.0,61,
state,MS,Anidro Entradas,flow,Mar (2),1022,3249,3994,2825,5959,273,4847.0,852,
state,MS,Anidro Estoque E.Disp,stock,Apr (1),51503,20172,37583,64050,47524,40609,40009.0,38783,57229.0
state,MS,Anidro Estoque E.Disp,stock,Apr (2),63636,28082,53388,68843,14872,32045,32477.0,20773,34350.0
state,MS,Anidro Estoque E.Disp,stock,May (1),68297,37427,49763,76762,32220,71394,47049.0,41690,53875.0
state,MS,Anidro Estoque E.Disp,stock,May (2),70114,58766,63103,90919,53125,105986,62811.0,62245,55953.0
state,MS,Anidro Estoque E.Disp,stock,Jun (1),75789,57275,67414,98217,57475,143617,99284.0,70765,83861.0
state,MS,Anidro Estoque E.Disp,stock,Jun (2),93162,69990,81467,122831,88177,158942,132103.0,64052,69525.0
state,MS,Anidro Estoque E.Disp,stock,Jul (1),125975,71392,103300,144095,120955,186692,156084.0,86600,107926.0
state,MS,Anidro Estoque E.Disp,stock,Jul (2),156827,96904,134728,171408,150747,187932,182885.0,102581,122870.0
state,MS,Anidro Estoque E.Disp,stock,Aug (1),163389,113330,162770,212558,166435,185886,214588.0,123433,
state,MS,Anidro Estoque E.Disp,stock,Aug (2),181351,124559,159327,248520,167795,194166,221528.0,159864,
state,MS,Anidro Estoque E.Disp,stock,Sep (1),192779,138005,190259,277894,210542,199226,249624.0,176471,
state,MS,Anidro Estoque E.Disp,stock,Sep (2),192728,145944,206922,319147,197698,206032,251416.0,176176,
state,MS,Anidro Estoque E.Disp,stock,Oct (1),190094,161081,221434,309131,202376,217327,268317.0,176459,
state,MS,Anidro Estoque E.Disp,stock,Oct (2),185966,180072,229064,318124,218997,232867,276572.0,169487,
state,MS,Anidro Estoque E.Disp,stock,Nov (1),208071,169549,244573,322367,240594,240384,307265.0,163104,
state,MS,Anidro Estoque E.Disp,stock,Nov (2),202967,167300,254242,309088,259817,239371,315490.0,156009,
state,MS,Anidro Estoque E.Disp,stock,Dec (1),195814,157259,249733,278400,263313,232879,288544.0,151782,
state,MS,Anidro Estoque E.Disp,stock,Dec (2),182477,125272,228001,254303,228655,227713,257494.0,149798,
state,MS,Anidro Estoque E.Disp,stock,Jan (1),171387,102982,200020,211849,222015,213985,223558.0,127400,
state,MS,Anidro Estoque E.Disp,stock,Jan (2),149558,89841,176101,179567,193646,183586,218939.0,109484,
state,MS,Anidro Estoque E.Disp,stock,Feb (1),123122,83118,148578,154337,151105,154670,183832.0,98937,
state,MS,Anidro Estoque E.Disp,stock,Feb (2),91373,50237,128472,111008,119264,129398,150741.0,72287,
state,MS,Anidro Estoque E.Disp,stock,Mar (1),58436,43805,93444,80935,66514,98428,114970.0,53632,
state,MS,Anidro Estoque E.Disp,stock,Mar (2),32617,44378,62709,63552,43098,77534,68565.0,34202,
state,MS,Anidro Estoque E.Fisico,stock,Apr (1),57594,32412,38086,67729,48073,46372,45820.0,44711,64715.0
state,MS,Anidro Estoque E.Fisico,stock,Apr (2),71289,37310,53786,74411,22945,37914,37110.0,22457,39383.0
state,MS,Anidro Estoque E.Fisico,stock,May (1),75387,41671,55772,83369,33098,74438,53721.0,43437,58424.0
state,MS,Anidro Estoque E.Fisico,stock,May (2),79146,61647,64756,98793,59763,108864,67985.0,67306,59276.0
state,MS,Anidro Estoque E.Fisico,stock,Jun (1),84280,67902,69501,107675,71081,143977,106765.0,73041,85004.0
state,MS,Anidro Estoque E.Fisico,stock,Jun (2),103309,79820,85658,130867,96998,166670,139192.0,68368,73653.0
state,MS,Anidro Estoque E.Fisico,stock,Jul (1),135625,79108,108945,151214,131580,194205,161592.0,88860,108361.0
state,MS,Anidro Estoque E.Fisico,stock,Jul (2),170457,103149,139287,175340,162195,195682,187570.0,103606,123057.0
state,MS,Anidro Estoque E.Fisico,stock,Aug (1),175388,125066,169187,218144,178754,191737,219327.0,124432,
state,MS,Anidro Estoque E.Fisico,stock,Aug (2),191796,135923,166916,254772,188166,198626,224187.0,161391,
state,MS,Anidro Estoque E.Fisico,stock,Sep (1),210964,145618,194701,297756,211063,202533,254537.0,176803,
state,MS,Anidro Estoque E.Fisico,stock,Sep (2),204458,156104,211372,328424,210491,212801,256496.0,180358,
state,MS,Anidro Estoque E.Fisico,stock,Oct (1),201417,168280,226940,322073,214958,231109,269838.0,177172,
state,MS,Anidro Estoque E.Fisico,stock,Oct (2),195661,183160,237868,329208,228813,242044,279277.0,169817,
state,MS,Anidro Estoque E.Fisico,stock,Nov (1),216299,175090,255961,334760,251413,250761,312550.0,164465,
state,MS,Anidro Estoque E.Fisico,stock,Nov (2),212653,174610,266126,321056,268391,245858,321227.0,162614,
state,MS,Anidro Estoque E.Fisico,stock,Dec (1),201507,161899,258148,285523,269080,238841,295899.0,160393,
state,MS,Anidro Estoque E.Fisico,stock,Dec (2),186624,130114,228219,257127,255943,232407,261267.0,151724,
state,MS,Anidro Estoque E.Fisico,stock,Jan (1),175939,107504,203087,215311,235104,219144,230366.0,128697,
state,MS,Anidro Estoque E.Fisico,stock,Jan (2),152664,94479,178342,187417,204234,187408,223940.0,111208,
state,MS,Anidro Estoque E.Fisico,stock,Feb (1),126308,87667,151692,154752,161334,158857,196485.0,100466,
state,MS,Anidro Estoque E.Fisico,stock,Feb (2),94202,55726,130732,123860,126949,132305,160055.0,75744,
state,MS,Anidro Estoque E.Fisico,stock,Mar (1),65891,47246,96110,89698,78163,99731,120372.0,62712,
state,MS,Anidro Estoque E.Fisico,stock,Mar (2),39944,45209,64853,71687,46900,81961,75974.0,41074,
state,MS,Anidro Producao,flow,Apr (1),32071,14718,12367,31455,7124,23984,15239.0,12682,70633.0
state,MS,Anidro Producao,flow,Apr (2),46797,30471,26931,37467,19317,14717,32995.0,21257,38888.0
state,MS,Anidro Producao,flow,May (1),36444,36542,24059,36853,40320,80107,59608.0,53086,81510.0
state,MS,Anidro Producao,flow,May (2),22830,56828,32639,47964,67676,86559,63992.0,74810,66000.0
state,MS,Anidro Producao,flow,Jun (1),46057,41613,28089,29678,61061,113693,87733.0,58239,76374.0
state,MS,Anidro Producao,flow,Jun (2),52247,52828,40269,55627,83210,84910,77208.0,65264,60829.0
state,MS,Anidro Producao,flow,Jul (1),62513,31196,59014,58297,89823,76830,60327.0,73725,73428.0
state,MS,Anidro Producao,flow,Jul (2),70878,53586,61518,70995,86010,70741,77378.0,65289,78601.0
state,MS,Anidro Producao,flow,Aug (1),40883,50585,56969,74231,69286,56633,75399.0,65695,
state,MS,Anidro Producao,flow,Aug (2),63950,48820,31250,69258,74075,62423,63880.0,90747,
state,MS,Anidro Producao,flow,Sep (1),53026,42664,61438,75611,86441,55363,72891.0,66662,
state,MS,Anidro Producao,flow,Sep (2),27984,46237,52037,63958,50096,61573,47869.0,58514,
state,MS,Anidro Producao,flow,Oct (1),29142,37916,45028,19827,59299,65330,59225.0,49049,
state,MS,Anidro Producao,flow,Oct (2),40692,45193,28769,35433,77361,76459,57562.0,51638,
state,MS,Anidro Producao,flow,Nov (1),52116,21454,31053,26258,80433,50951,66012.0,40130,
state,MS,Anidro Producao,flow,Nov (2),31635,20081,31015,11952,83057,42969,55902.0,45992,
state,MS,Anidro Producao,flow,Dec (1),28606,6286,14033,0,61769,44975,17317.0,44915,
state,MS,Anidro Producao,flow,Dec (2),17790,487,4464,0,49242,36234,28461.0,42166,
state,MS,Anidro Producao,flow,Jan (1),10362,0,4044,0,40902,30207,20037.0,24729,
state,MS,Anidro Producao,flow,Jan (2),12785,0,1412,3,31043,27170,23451.0,32689,
state,MS,Anidro Producao,flow,Feb (1),3913,575,4375,0,18729,20355,23475.0,35742,
state,MS,Anidro Producao,flow,Feb (2),1317,3470,267,0,16701,32547,18710.0,24764,
state,MS,Anidro Producao,flow,Mar (1),7943,16183,997,226,18495,20050,14160.0,34628,
state,MS,Anidro Producao,flow,Mar (2),7753,14677,3132,11564,40559,32431,23617.0,40800,
state,MS,Anidro Saidas Distrib,flow,Apr (1),23721,19565,6899,23735,30536,27966,50601.0,47080,46612.0
state,MS,Anidro Saidas Distrib,flow,Apr (2),32866,25426,11136,31689,40515,28594,40210.0,44569,61723.0
state,MS,Anidro Saidas Distrib,flow,May (1),32139,31797,22197,27530,31296,43311,42414.0,43600,62308.0
state,MS,Anidro Saidas Distrib,flow,May (2),18559,35579,24593,36210,41081,54278,49736.0,56379,59932.0
state,MS,Anidro Saidas Distrib,flow,Jun (1),41737,34656,23493,30587,49562,85957,49274.0,54115,48885.0
state,MS,Anidro Saidas Distrib,flow,Jun (2),33063,32561,23419,32482,57171,68391,44994.0,68838,72324.0
state,MS,Anidro Saidas Distrib,flow,Jul (1),29996,33471,33465,36448,53172,52747,48829.0,55180,38472.0
state,MS,Anidro Saidas Distrib,flow,Jul (2),35574,34375,29448,44695,53626,68858,52554.0,52736,63217.0
state,MS,Anidro Saidas Distrib,flow,Aug (1),37231,27757,25202,32635,56013,60375,50066.0,56924,
state,MS,Anidro Saidas Distrib,flow,Aug (2),49896,36617,34047,39500,66055,60882,62213.0,58404,
state,MS,Anidro Saidas Distrib,flow,Sep (1),33767,29462,32241,35489,63530,52590,54524.0,52604,
state,MS,Anidro Saidas Distrib,flow,Sep (2),35240,34578,36100,44013,57448,54623,51910.0,67811,
state,MS,Anidro Saidas Distrib,flow,Oct (1),33330,29950,36043,37605,64144,49850,45961.0,54012,
state,MS,Anidro Saidas Distrib,flow,Oct (2),47075,36114,35732,35929,68756,69223,49546.0,61342,
state,MS,Anidro Saidas Distrib,flow,Nov (1),34141,28514,30943,34360,69875,60235,47560.0,50647,
state,MS,Anidro Saidas Distrib,flow,Nov (2),38389,29417,36377,28877,71500,54995,47873.0,59252,
state,MS,Anidro Saidas Distrib,flow,Dec (1),37772,26851,34971,34608,66994,56862,52328.0,51661,
state,MS,Anidro Saidas Distrib,flow,Dec (2),30034,31574,34395,26810,66538,48102,61414.0,56840,
state,MS,Anidro Saidas Distrib,flow,Jan (1),22200,23796,27591,36555,71770,47253,51915.0,49459,
state,MS,Anidro Saidas Distrib,flow,Jan (2),36879,12856,24727,24862,68357,60698,47720.0,49658,
state,MS,Anidro Saidas Distrib,flow,Feb (1),26895,7557,28392,30447,62089,48673,38651.0,48230,
state,MS,Anidro Saidas Distrib,flow,Feb (2),26912,56072,19448,30161,51913,59059,42908.0,45162,
state,MS,Anidro Saidas Distrib,flow,Mar (1),33867,24033,28828,34165,69124,52435,54824.0,46130,
state,MS,Anidro Saidas Distrib,flow,Mar (2),32204,16659,23772,31517,77158,47041,61004.0,58566,
state,MS,Anidro Saidas M.Ext,flow,Apr (1),0,0,0,0,0,0,0.0,0,0.0
state,MS,Anidro Saidas M.Ext,flow,Apr (2),0,0,0,0,0,0,0.0,0,0.0
state,MS,Anidro Saidas M.Ext,flow,May (1),0,0,0,0,0,0,0.0,0,0.0
state,MS,Anidro Saidas M.Ext,flow,May (2),0,0,0,0,0,0,115.0,0,0.0
state,MS,Anidro Saidas M.Ext,flow,Jun (1),0,0,0,0,0,0,0.0,0,0.0
state,MS,Anidro Saidas M.Ext,flow,Jun (2),0,0,0,0,0,0,0.0,0,13.0
state,MS,Anidro Saidas M.Ext,flow,Jul (1),0,0,0,0,0,0,0.0,0,0.0
state,MS,Anidro Saidas M.Ext,flow,Jul (2),0,0,0,0,0,0,0.0,0,0.0
state,MS,Anidro Saidas M.Ext,flow,Aug (1),0,0,0,0,0,0,0.0,0,
state,MS,Anidro Saidas M.Ext,flow,Aug (2),0,0,0,0,0,0,0.0,0,
state,MS,Anidro Saidas M.Ext,flow,Sep (1),0,0,0,0,0,0,0.0,0,
state,MS,Anidro Saidas M.Ext,flow,Sep (2),0,0,0,0,0,0,0.0,0,
state,MS,Anidro Saidas M.Ext,flow,Oct (1),0,0,0,0,0,2088,0.0,0,
state,MS,Anidro Saidas M.Ext,flow,Oct (2),0,0,0,0,0,0,0.0,0,
state,MS,Anidro Saidas M.Ext,flow,Nov (1),0,0,0,0,0,0,0.0,0,
state,MS,Anidro Saidas M.Ext,flow,Nov (2),0,0,0,0,0,0,0.0,0,
state,MS,Anidro Saidas M.Ext,flow,Dec (1),0,0,0,0,0,0,0.0,0,
state,MS,Anidro Saidas M.Ext,flow,Dec (2),0,0,0,0,0,0,0.0,0,
state,MS,Anidro Saidas M.Ext,flow,Jan (1),0,0,0,0,0,0,0.0,0,
state,MS,Anidro Saidas M.Ext,flow,Jan (2),0,0,0,0,0,0,0.0,0,
state,MS,Anidro Saidas M.Ext,flow,Feb (1),0,0,0,0,0,0,0.0,0,
state,MS,Anidro Saidas M.Ext,flow,Feb (2),0,0,0,0,0,0,0.0,0,
state,MS,Anidro Saidas M.Ext,flow,Mar (1),609,0,0,0,0,0,0.0,0,
state,MS,Anidro Saidas M.Ext,flow,Mar (2),0,0,0,0,0,0,0.0,3722,
state,MS,Anidro Saidas Outras,flow,Apr (1),211,2753,12595,4864,219,1747,833.0,2844,379.0
state,MS,Anidro Saidas Outras,flow,Apr (2),243,155,794,-902,3997,232,1572.0,2138,2548.0
state,MS,Anidro Saidas Outras,flow,May (1),249,474,3069,1785,79,4271,597.0,9041,353.0
state,MS,Anidro Saidas Outras,flow,May (2),524,1275,4390,2664,447,578,1071.0,4690,6386.0
state,MS,Anidro Saidas Outras,flow,Jun (1),119,3511,4327,1643,197,-2835,193.0,244,2324.0
state,MS,Anidro Saidas Outras,flow,Jun (2),657,8349,3990,1940,428,305,546.0,2392,5894.0
state,MS,Anidro Saidas Outras,flow,Jul (1),201,4898,3292,1502,2213,82,413.0,1732,397.0
state,MS,Anidro Saidas Outras,flow,Jul (2),478,6208,4003,2398,1867,467,1508.0,635,829.0
state,MS,Anidro Saidas Outras,flow,Aug (1),275,4377,4385,2173,396,203,82.0,215,
state,MS,Anidro Saidas Outras,flow,Aug (2),392,2723,4290,2040,505,599,284.0,805,
state,MS,Anidro Saidas Outras,flow,Sep (1),91,3593,2866,1421,345,139,73.0,325,
state,MS,Anidro Saidas Outras,flow,Sep (2),555,1393,4892,2249,552,545,235.0,442,
state,MS,Anidro Saidas Outras,flow,Oct (1),47,894,2039,1236,307,325,1455.0,1102,
state,MS,Anidro Saidas Outras,flow,Oct (2),321,1072,1996,2301,339,340,441.0,789,
state,MS,Anidro Saidas Outras,flow,Nov (1),35,1103,2306,1789,179,136,83.0,483,
state,MS,Anidro Saidas Outras,flow,Nov (2),2148,954,2319,8598,434,197,1369.0,322,
state,MS,Anidro Saidas Outras,flow,Dec (1),5310,769,2172,1221,538,828,31.0,129,
state,MS,Anidro Saidas Outras,flow,Dec (2),3580,982,1768,1594,410,274,3015.0,393,
state,MS,Anidro Saidas Outras,flow,Jan (1),5033,768,2613,5268,253,139,210.0,194,
state,MS,Anidro Saidas Outras,flow,Jan (2),194,169,1444,3035,295,333,331.0,579,
state,MS,Anidro Saidas Outras,flow,Feb (1),3374,173,2633,2218,172,235,14930.0,480,
state,MS,Anidro Saidas Outras,flow,Feb (2),6522,307,1839,1029,5015,118,12374.0,4447,
state,MS,Anidro Saidas Outras,flow,Mar (1),1816,3067,8983,337,2939,237,7349.0,1591,
state,MS,Anidro Saidas Outras,flow,Mar (2),2518,3304,14611,883,623,3433,11858.0,1002,
state,MS,Cana,flow,Apr (1),2443064,2243664,1799804,2417160,882114,1638404,1474502.0,1262078,2282030.0
state,MS,Cana,flow,Apr (2),3256398,2854671,2918135,2602419,2165971,1485425,2500610.0,583147,3444383.0
state,MS,Cana,flow,May (1),2946208,2781778,2416824,3276717,2234526,3448998,3472044.0,3412907,2777291.0
state,MS,Cana,flow,May (2),2056165,3722813,2948706,3165750,3258318,3236559,2771653.0,3688346,2814673.0
state,MS,Cana,flow,Jun (1),2837493,3322798,2364195,1923079,2300054,2814292,3773705.0,2998425,3225981.0
state,MS,Cana,flow,Jun (2),3676205,3580140,2798177,3544386,3103210,3291864,3734845.0,3363134,2342140.0
state,MS,Cana,flow,Jul (1),3646875,2976131,3649902,3652493,3574695,3675207,2328143.0,4156050,4239437.0
state,MS,Cana,flow,Jul (2),4031101,3919732,3967017,3701919,3835434,4227812,3815925.0,3898456,3929532.0
state,MS,Cana,flow,Aug (1),2350880,3436396,3662210,3433968,2588661,3514173,3418206.0,3532424,
state,MS,Cana,flow,Aug (2),3194181,3674119,2287130,2763746,2762662,3323166,3238390.0,4160047,
state,MS,Cana,flow,Sep (1),2649350,2923241,3674193,3163233,3003206,2357499,3224528.0,3868125,
state,MS,Cana,flow,Sep (2),1600103,2660621,3055253,2675489,1488423,3647690,2199583.0,3374468,
state,MS,Cana,flow,Oct (1),1538098,2279725,2799750,912581,1525793,2785449,2430300.0,2612117,
state,MS,Cana,flow,Oct (2),2247477,1926232,1765115,2112220,2268512,2473215,2515857.0,2367691,
state,MS,Cana,flow,Nov (1),2568123,940765,2057380,382137,2193025,2605561,1879741.0,1488035,
state,MS,Cana,flow,Nov (2),1913266,712189,1902263,478886,2566152,1873972,2130787.0,2557314,
state,MS,Cana,flow,Dec (1),2263556,250608,770926,6716,1513355,1632479,613558.0,1363718,
state,MS,Cana,flow,Dec (2),843634,44046,250230,28571,821455,1113261,466906.0,832254,
state,MS,Cana,flow,Jan (1),406400,0,390083,0,710381,524011,246741.0,285100,
state,MS,Cana,flow,Jan (2),366127,0,44506,0,307297,287749,172260.0,459438,
state,MS,Cana,flow,Feb (1),198774,17456,486891,0,73179,353029,184702.0,216724,
state,MS,Cana,flow,Feb (2),376556,406205,300585,0,14277,271996,227435.0,268271,
state,MS,Cana,flow,Mar (1),696767,1321483,1117668,0,310421,588730,558955.0,809561,
state,MS,Cana,flow,Mar (2),1397886,1520161,1564725,752922,1126005,1211388,908559.0,1646144,
state,MS,Etanol Total,flow,Apr (1),135580,144779,109350,139821,52935,88191,130296.0,145283,249032.0
state,MS,Etanol Total,flow,Apr (2),198086,177064,164175,147301,127605,76334,175924.0,123386,267429.0
state,MS,Etanol Total,flow,May (1),185867,171179,142308,194028,140972,219717,238832.0,236971,267146.0
state,MS,Etanol Total,flow,May (2),139095,233112,150877,197035,206867,227985,210153.0,271625,265067.0
state,MS,Etanol Total,flow,Jun (1),189652,208425,132746,109768,172243,273443,253996.0,236605,296397.0
state,MS,Etanol Total,flow,Jun (2),239970,236785,163224,213876,221411,213510,263122.0,248256,227172.0
state,MS,Etanol Total,flow,Jul (1),243249,212524,208431,212015,236777,244469,179165.0,293093,330238.0
state,MS,Etanol Total,flow,Jul (2),282024,271240,233775,219938,254965,289471,275208.0,292542,320550.0
state,MS,Etanol Total,flow,Aug (1),170215,253076,228128,217576,187462,250006,247197.0,258862,
state,MS,Etanol Total,flow,Aug (2),235997,277204,137895,185028,212947,247955,244894.0,320806,
state,MS,Etanol Total,flow,Sep (1),206786,234378,227523,188587,230071,184079,246954.0,317709,
state,MS,Etanol Total,flow,Sep (2),114634,216964,196520,161679,137332,255352,176213.0,291869,
state,MS,Etanol Total,flow,Oct (1),106309,187790,183187,68533,124026,202063,184294.0,252025,
state,MS,Etanol Total,flow,Oct (2),155222,160782,112262,92828,174369,188935,191192.0,244265,
state,MS,Etanol Total,flow,Nov (1),169051,73892,127973,71478,164537,172665,147043.0,188994,
state,MS,Etanol Total,flow,Nov (2),120336,60847,105122,30673,179742,142019,253999.0,237748,
state,MS,Etanol Total,flow,Dec (1),136557,19815,43673,2001,119188,116288,123585.0,189145,
state,MS,Etanol Total,flow,Dec (2),54414,4282,19988,1133,88602,99386,119013.0,152754,
state,MS,Etanol Total,flow,Jan (1),16289,0,8058,0,71246,61237,98318.0,107440,
state,MS,Etanol Total,flow,Jan (2),24664,0,3149,3,53763,52770,103577.0,124636,
state,MS,Etanol Total,flow,Feb (1),14536,575,17995,0,40749,52995,98912.0,104270,
state,MS,Etanol Total,flow,Feb (2),20823,20301,26313,0,35286,74815,90053.0,97760,
state,MS,Etanol Total,flow,Mar (1),42348,80603,38011,226,51935,74996,117848.0,138178,
state,MS,Etanol Total,flow,Mar (2),77345,95696,88749,38791,82564,117616,137049.0,199709,
state,MS,Hidratado Entradas,flow,Apr (1),38504,98719,81887,120789,95281,175739,269412.0,164790,177173.0
state,MS,Hidratado Entradas,flow,Apr (2),115,12155,1665,-2021,8885,210,13407.0,11291,2556.0
state,MS,Hidratado Entradas,flow,May (1),3257,6798,5010,1,855,13620,15634.0,286,131.0
state,MS,Hidratado Entradas,flow,May (2),6574,6824,13533,6569,138,4958,11094.0,2007,5922.0
state,MS,Hidratado Entradas,flow,Jun (1),3191,20309,10307,16,134,13020,10011.0,1846,2279.0
state,MS,Hidratado Entradas,flow,Jun (2),417,19966,7358,104,347,9981,5967.0,13919,1209.0
state,MS,Hidratado Entradas,flow,Jul (1),0,7458,9219,844,204,11298,6004.0,25532,229.0
state,MS,Hidratado Entradas,flow,Jul (2),47,8964,14783,9104,-29,10675,6777.0,10328,561.0
state,MS,Hidratado Entradas,flow,Aug (1),240,8245,14733,6995,373,19699,9984.0,12827,
state,MS,Hidratado Entradas,flow,Aug (2),3717,15417,6157,14421,225,17370,16073.0,5734,
state,MS,Hidratado Entradas,flow,Sep (1),12989,10855,9622,10793,311,7362,16463.0,12056,
state,MS,Hidratado Entradas,flow,Sep (2),8044,11229,18034,5233,2409,7271,736.0,5376,
state,MS,Hidratado Entradas,flow,Oct (1),6995,4833,17345,1117,2600,7903,4545.0,1105,
state,MS,Hidratado Entradas,flow,Oct (2),-10818,2903,14111,1624,2978,7567,1750.0,1207,
state,MS,Hidratado Entradas,flow,Nov (1),7847,2666,9225,2663,147,6459,2063.0,697,
state,MS,Hidratado Entradas,flow,Nov (2),23160,29264,6696,9362,2154,6351,1812.0,65897,
state,MS,Hidratado Entradas,flow,Dec (1),15850,2267,11968,0,2818,7829,135.0,147,
state,MS,Hidratado Entradas,flow,Dec (2),11683,5604,7136,2496,4907,8256,8980.0,539,
state,MS,Hidratado Entradas,flow,Jan (1),5370,2394,11315,5029,4721,13421,4111.0,654,
state,MS,Hidratado Entradas,flow,Jan (2),221,14980,15580,3006,6917,7011,64.0,607,
state,MS,Hidratado Entradas,flow,Feb (1),3402,11898,8403,2719,2274,6112,17426.0,653,
state,MS,Hidratado Entradas,flow,Feb (2),12409,9215,361,503,11659,13104,10452.0,4343,
state,MS,Hidratado Entradas,flow,Mar (1),7797,11768,5713,347,9916,6582,12565.0,120,
state,MS,Hidratado Entradas,flow,Mar (2),10803,10333,9871,864,7979,11118,15255.0,2055,
state,MS,Hidratado Estoque E.Disp,stock,Apr (1),49353,65752,97737,131961,64856,167543,198504.0,79512,136274.0
state,MS,Hidratado Estoque E.Disp,stock,Apr (2),106778,70398,163201,145845,79596,146107,228611.0,48310,200686.0
state,MS,Hidratado Estoque E.Disp,stock,May (1),153952,79035,202319,193374,102123,207290,293301.0,87594,272462.0
state,MS,Hidratado Estoque E.Disp,stock,May (2),193963,110402,211402,240623,146412,248028,319819.0,111078,327418.0
state,MS,Hidratado Estoque E.Disp,stock,Jun (1),235446,147886,206059,208460,175618,264059,362120.0,149949,426271.0
state,MS,Hidratado Estoque E.Disp,stock,Jun (2),294546,190723,249019,261040,239660,270652,412564.0,154324,412185.0
state,MS,Hidratado Estoque E.Disp,stock,Jul (1),345396,255797,313684,313611,302045,362999,389980.0,266184,369195.0
state,MS,Hidratado Estoque E.Disp,stock,Jul (2),409214,335934,401211,379562,383338,459747,447495.0,292836,569110.0
state,MS,Hidratado Estoque E.Disp,stock,Aug (1),421887,395335,481338,421282,417001,549402,477665.0,312435,
state,MS,Hidratado Estoque E.Disp,stock,Aug (2),471714,480528,497713,417430,474424,624844,540223.0,407294,
state,MS,Hidratado Estoque E.Disp,stock,Sep (1),516718,555464,571182,439925,517927,640082,595368.0,518620,
state,MS,Hidratado Estoque E.Disp,stock,Sep (2),484942,581190,624039,457956,502525,701232,564728.0,589231,
state,MS,Hidratado Estoque E.Disp,stock,Oct (1),458306,592602,675305,439175,481432,716257,584431.0,638060,
state,MS,Hidratado Estoque E.Disp,stock,Oct (2),446431,591038,644504,434863,500478,696981,590161.0,642293,
state,MS,Hidratado Estoque E.Disp,stock,Nov (1),456920,548255,632141,421457,490182,711262,567839.0,621500,
state,MS,Hidratado Estoque E.Disp,stock,Nov (2),437029,484563,592909,400638,494550,679681,560061.0,620400,
state,MS,Hidratado Estoque E.Disp,stock,Dec (1),420420,420001,509559,363980,473088,665859,522049.0,581840,
state,MS,Hidratado Estoque E.Disp,stock,Dec (2),367803,354964,445883,331339,438283,620651,457006.0,544544,
state,MS,Hidratado Estoque E.Disp,stock,Jan (1),292184,273997,369782,293592,395290,577685,405960.0,462088,
state,MS,Hidratado Estoque E.Disp,stock,Jan (2),202644,198439,295264,259019,354653,478919,298582.0,395332,
state,MS,Hidratado Estoque E.Disp,stock,Feb (1),138922,131626,226199,215680,288586,430807,215432.0,314882,
state,MS,Hidratado Estoque E.Disp,stock,Feb (2),106482,47543,157824,179911,252395,351454,178847.0,250436,
state,MS,Hidratado Estoque E.Disp,stock,Mar (1),76604,62912,136824,131123,212731,284455,171991.0,180612,
state,MS,Hidratado Estoque E.Disp,stock,Mar (2),80153,64789,108234,87425,171876,226114,107443.0,140452,
state,MS,Hidratado Estoque E.Fisico,stock,Apr (1),63636,87910,116129,155105,65098,177404,238719.0,96702,169460.0
state,MS,Hidratado Estoque E.Fisico,stock,Apr (2),132677,85002,177764,166012,87368,155434,242845.0,59869,220460.0
state,MS,Hidratado Estoque E.Fisico,stock,May (1),184031,93286,220837,214244,105049,209263,306969.0,100102,280303.0
state,MS,Hidratado Estoque E.Fisico,stock,May (2),240276,125971,239632,266923,157016,248690,327160.0,129848,344759.0
state,MS,Hidratado Estoque E.Fisico,stock,Jun (1),271547,161493,244809,225139,180432,269285,382813.0,168126,427767.0
state,MS,Hidratado Estoque E.Fisico,stock,Jun (2),357811,214808,274763,280543,246070,295250,448404.0,193478,443581.0
state,MS,Hidratado Estoque E.Fisico,stock,Jul (1),421505,277405,345403,331819,305783,381978,437554.0,283062,539212.0
state,MS,Hidratado Estoque E.Fisico,stock,Jul (2),489737,362881,435788,385391,392863,501986,486899.0,325164,597469.0
state,MS,Hidratado Estoque E.Fisico,stock,Aug (1),488030,430024,518511,430603,422896,572119,516113.0,352817,
state,MS,Hidratado Estoque E.Fisico,stock,Aug (2),528613,514238,533646,429368,478544,636362,567694.0,429874,
state,MS,Hidratado Estoque E.Fisico,stock,Sep (1),566388,592971,614897,465226,536259,656370,625875.0,528415,
state,MS,Hidratado Estoque E.Fisico,stock,Sep (2),537850,629343,672522,480013,518599,728981,604449.0,611858,
state,MS,Hidratado Estoque E.Fisico,stock,Oct (1),514158,649232,719818,466285,490596,743979,601104.0,662919,
state,MS,Hidratado Estoque E.Fisico,stock,Oct (2),489671,632339,682787,451543,504268,714187,617399.0,684494,
state,MS,Hidratado Estoque E.Fisico,stock,Nov (1),498826,592778,683950,434704,495958,729831,580995.0,678475,
state,MS,Hidratado Estoque E.Fisico,stock,Nov (2),483844,518100,642612,411630,503470,706268,579181.0,683642,
state,MS,Hidratado Estoque E.Fisico,stock,Dec (1),477271,442106,552689,368154,483222,679233,535951.0,623357,
state,MS,Hidratado Estoque E.Fisico,stock,Dec (2),420982,366920,475151,331579,444106,666854,476689.0,557424,
state,MS,Hidratado Estoque E.Fisico,stock,Jan (1),332657,286239,397297,294507,404711,615804,435617.0,483822,
state,MS,Hidratado Estoque E.Fisico,stock,Jan (2),231039,214524,306731,259632,360269,514700,336765.0,408034,
state,MS,Hidratado Estoque E.Fisico,stock,Feb (1),171713,141127,235046,215833,290826,455888,310292.0,335240,
state,MS,Hidratado Estoque E.Fisico,stock,Feb (2),137031,57397,188022,181323,252628,383555,227642.0,279909,
state,MS,Hidratado Estoque E.Fisico,stock,Mar (1),109924,66991,146328,138760,220718,311211,194011.0,221001,
state,MS,Hidratado Estoque E.Fisico,stock,Mar (2),89885,67602,117367,95140,174005,259162,155932.0,176539,
state,MS,Hidratado Producao,flow,Apr (1),103509,130061,96983,108366,45811,64207,115057.0,132601,178399.0
state,MS,Hidratado Producao,flow,Apr (2),151289,146593,137244,109834,108288,61617,142929.0,102129,228541.0
state,MS,Hidratado Producao,flow,May (1),149423,134637,118249,157175,100652,139610,179224.0,183885,185636.0
state,MS,Hidratado Producao,flow,May (2),116265,176284,118238,149071,139191,141426,146161.0,196815,199067.0
state,MS,Hidratado Producao,flow,Jun (1),143595,166812,104657,80090,111182,159750,166263.0,178366,220023.0
state,MS,Hidratado Producao,flow,Jun (2),187723,183957,122955,158249,138201,128600,185914.0,182992,166343.0
state,MS,Hidratado Producao,flow,Jul (1),180736,181328,149417,153718,146954,167639,118838.0,219368,256810.0
state,MS,Hidratado Producao,flow,Jul (2),211146,217654,172257,148943,168955,218730,197830.0,227253,241949.0
state,MS,Hidratado Producao,flow,Aug (1),129332,202491,171159,143345,118176,193373,171798.0,193167,
state,MS,Hidratado Producao,flow,Aug (2),172047,228384,106645,115770,138872,185532,181014.0,230059,
state,MS,Hidratado Producao,flow,Sep (1),153760,191714,166085,112976,143630,128716,174063.0,251047,
state,MS,Hidratado Producao,flow,Sep (2),86650,170727,144483,97721,87236,193779,128344.0,233355,
state,MS,Hidratado Producao,flow,Oct (1),77167,149874,138159,48706,64727,136733,125069.0,202976,
state,MS,Hidratado Producao,flow,Oct (2),114530,115589,83493,57395,97008,112476,133630.0,192627,
state,MS,Hidratado Producao,flow,Nov (1),116935,52438,96920,45220,84104,121714,81031.0,148864,
state,MS,Hidratado Producao,flow,Nov (2),88701,40766,74107,18721,96685,99050,198097.0,191756,
state,MS,Hidratado Producao,flow,Dec (1),107951,13529,29640,2001,57419,71313,106268.0,144230,
state,MS,Hidratado Producao,flow,Dec (2),36624,3795,15524,1133,39360,63152,90552.0,110588,
state,MS,Hidratado Producao,flow,Jan (1),5927,0,4014,0,30344,31030,78281.0,82711,
state,MS,Hidratado Producao,flow,Jan (2),11879,0,1737,0,22720,25600,80126.0,91947,
state,MS,Hidratado Producao,flow,Feb (1),10623,0,13620,0,22020,32640,75437.0,68528,
state,MS,Hidratado Producao,flow,Feb (2),19506,16831,26046,0,18585,42268,71343.0,72996,
state,MS,Hidratado Producao,flow,Mar (1),34405,64420,37014,0,33440,54946,103688.0,103550,
state,MS,Hidratado Producao,flow,Mar (2),69592,81019,85617,27227,42005,85185,113432.0,158909,
state,MS,Hidratado Saidas Distrib,flow,Apr (1),77832,134025,56742,71493,71174,56119,143071.0,189396,174609.0
state,MS,Hidratado Saidas Distrib,flow,Apr (2),81052,148722,73270,95444,87193,66036,147271.0,140185,168201.0
state,MS,Hidratado Saidas Distrib,flow,May (1),92706,126246,76351,105362,74551,87778,130365.0,138231,117146.0
state,MS,Hidratado Saidas Distrib,flow,May (2),59007,142866,100723,98651,80998,92964,125986.0,155287,126650.0
state,MS,Hidratado Saidas Distrib,flow,Jun (1),110712,141452,97865,119371,82672,138935,117686.0,137923,123917.0
state,MS,Hidratado Saidas Distrib,flow,Jun (2),99093,132611,91191,96043,68165,96674,122447.0,160617,139199.0
state,MS,Hidratado Saidas Distrib,flow,Jul (1),115277,114259,80351,94856,82080,85915,128530.0,152840,150151.0
state,MS,Hidratado Saidas Distrib,flow,Jul (2),140181,134281,90240,95217,74125,96666,145846.0,184115,168922.0
state,MS,Hidratado Saidas Distrib,flow,Aug (1),127081,136236,94970,96490,85815,140661,147714.0,162455,
state,MS,Hidratado Saidas Distrib,flow,Aug (2),129641,142208,89130,110320,77172,136717,139950.0,146876,
state,MS,Hidratado Saidas Distrib,flow,Sep (1),121285,113955,91177,69453,82854,111240,127167.0,157688,
state,MS,Hidratado Saidas Distrib,flow,Sep (2),113332,131453,93892,68192,100857,113662,139121.0,142033,
state,MS,Hidratado Saidas Distrib,flow,Oct (1),104144,120973,88591,48746,89614,120916,129316.0,132790,
state,MS,Hidratado Saidas Distrib,flow,Oct (2),121940,123543,105232,54187,82564,143919,113881.0,161722,
state,MS,Hidratado Saidas Distrib,flow,Nov (1),99715,90070,78820,40754,79598,104249,112162.0,145395,
state,MS,Hidratado Saidas Distrib,flow,Nov (2),97770,104644,97530,33467,74569,122242,195794.0,234706,
state,MS,Hidratado Saidas Distrib,flow,Dec (1),114680,88813,109125,37644,72836,98902,138134.0,190887,
state,MS,Hidratado Saidas Distrib,flow,Dec (2),90050,78074,89888,32959,79702,82328,151890.0,171404,
state,MS,Hidratado Saidas Distrib,flow,Jan (1),85362,76815,76873,32627,72880,91704,117872.0,155005,
state,MS,Hidratado Saidas Distrib,flow,Jan (2),107588,69203,88172,29112,73160,128436,163072.0,163504,
state,MS,Hidratado Saidas Distrib,flow,Feb (1),71400,72819,80785,38837,92846,92796,110854.0,138898,
state,MS,Hidratado Saidas Distrib,flow,Feb (2),57386,78237,68617,31202,66325,121907,159534.0,123061,
state,MS,Hidratado Saidas Distrib,flow,Mar (1),60706,56014,78230,39451,72593,131781,144160.0,150018,
state,MS,Hidratado Saidas Distrib,flow,Mar (2),65538,74518,116033,67795,88583,138744,158595.0,188264,
state,MS,Hidratado Saidas M.Ext,flow,Apr (1),0,0,0,0,0,0,0.0,68,0.0
state,MS,Hidratado Saidas M.Ext,flow,Apr (2),0,0,0,0,0,0,0.0,0,0.0
state,MS,Hidratado Saidas M.Ext,flow,May (1),0,0,0,0,0,0,22.0,22,0.0
state,MS,Hidratado Saidas M.Ext,flow,May (2),0,0,0,0,0,0,0.0,0,0.0
state,MS,Hidratado Saidas M.Ext,flow,Jun (1),0,0,0,7,0,0,0.0,0,0.0
state,MS,Hidratado Saidas M.Ext,flow,Jun (2),0,0,0,0,0,0,0.0,0,0.0
state,MS,Hidratado Saidas M.Ext,flow,Jul (1),0,0,0,0,0,0,0.0,0,0.0
state,MS,Hidratado Saidas M.Ext,flow,Jul (2),0,0,0,0,0,0,0.0,0,0.0
state,MS,Hidratado Saidas M.Ext,flow,Aug (1),0,0,0,2509,0,0,0.0,0,
state,MS,Hidratado Saidas M.Ext,flow,Aug (2),0,10,0,0,0,0,0.0,0,
state,MS,Hidratado Saidas M.Ext,flow,Sep (1),0,0,0,0,0,0,0.0,333,
state,MS,Hidratado Saidas M.Ext,flow,Sep (2),0,0,0,0,0,166,0.0,632,
state,MS,Hidratado Saidas M.Ext,flow,Oct (1),0,0,0,18,0,0,0.0,5106,
state,MS,Hidratado Saidas M.Ext,flow,Oct (2),0,14,0,0,0,0,0.0,0,
state,MS,Hidratado Saidas M.Ext,flow,Nov (1),0,0,0,0,0,0,0.0,0,
state,MS,Hidratado Saidas M.Ext,flow,Nov (2),0,0,0,0,6128,0,0.0,0,
state,MS,Hidratado Saidas M.Ext,flow,Dec (1),4,0,0,0,0,0,674.0,0,
state,MS,Hidratado Saidas M.Ext,flow,Dec (2),0,10,0,40,0,0,0.0,0,
state,MS,Hidratado Saidas M.Ext,flow,Jan (1),13,0,18,0,0,0,100.0,53,
state,MS,Hidratado Saidas M.Ext,flow,Jan (2),0,0,0,0,0,67,0.0,128,
state,MS,Hidratado Saidas M.Ext,flow,Feb (1),0,0,0,0,0,0,0.0,-106,
state,MS,Hidratado Saidas M.Ext,flow,Feb (2),0,24,0,0,0,0,0.0,0,
state,MS,Hidratado Saidas M.Ext,flow,Mar (1),0,0,0,0,18,0,0.0,0,
state,MS,Hidratado Saidas M.Ext,flow,Mar (2),0,0,0,50,0,7,0.0,0,
state,MS,Hidratado Saidas Outras,flow,Apr (1),545,6845,5999,2557,4820,6423,2679.0,11225,11503.0
state,MS,Hidratado Saidas Outras,flow,Apr (2),1311,12934,4004,1462,7710,17761,4939.0,10068,11896.0
state,MS,Hidratado Saidas Outras,flow,May (1),8620,6905,3835,3582,9275,11623,347.0,5685,8778.0
state,MS,Hidratado Saidas Outras,flow,May (2),7587,7557,12253,4310,6364,13993,11078.0,13789,13883.0
state,MS,Hidratado Saidas Outras,flow,Jun (1),4803,10147,11922,2512,5228,13240,2935.0,4011,15377.0
state,MS,Hidratado Saidas Outras,flow,Jun (2),2783,17997,9168,6906,4745,15942,3843.0,10942,12539.0
state,MS,Hidratado Saidas Outras,flow,Jul (1),1765,11930,7645,8430,5365,6294,7162.0,2476,11257.0
state,MS,Hidratado Saidas Outras,flow,Jul (2),2780,6861,6415,9258,7721,12731,9416.0,11364,15331.0
state,MS,Hidratado Saidas Outras,flow,Aug (1),4198,7357,8199,6129,2701,2278,4854.0,15886,
state,MS,Hidratado Saidas Outras,flow,Aug (2),5540,17369,8537,21106,6277,1942,5556.0,11860,
state,MS,Hidratado Saidas Outras,flow,Sep (1),7689,9881,3279,18458,3372,4830,5178.0,6541,
state,MS,Hidratado Saidas Outras,flow,Sep (2),9900,14131,11000,19975,6448,14611,11385.0,12623,
state,MS,Hidratado Saidas Outras,flow,Oct (1),3710,13845,19617,14787,5716,8722,3643.0,15124,
state,MS,Hidratado Saidas Outras,flow,Oct (2),6259,11828,29403,19574,3750,5916,5204.0,10537,
state,MS,Hidratado Saidas Outras,flow,Nov (1),15912,4595,26162,23968,12963,8280,7336.0,10185,
state,MS,Hidratado Saidas Outras,flow,Nov (2),29073,40064,24611,17690,10630,6722,5929.0,17780,
state,MS,Hidratado Saidas Outras,flow,Dec (1),15690,2977,22406,7833,7649,7275,10825.0,13775,
state,MS,Hidratado Saidas Outras,flow,Dec (2),14546,6501,10310,7205,3681,1459,6904.0,5656,
state,MS,Hidratado Saidas Outras,flow,Jan (1),14247,6260,16292,9474,1580,3797,5492.0,1909,
state,MS,Hidratado Saidas Outras,flow,Jan (2),6130,17492,19711,8769,919,5212,15970.0,4710,
state,MS,Hidratado Saidas Outras,flow,Feb (1),1951,12476,12923,7681,891,4768,8482.0,3183,
state,MS,Hidratado Saidas Outras,flow,Feb (2),9211,31515,4814,3811,2117,5798,4911.0,9609,
state,MS,Hidratado Saidas Outras,flow,Mar (1),8603,10580,6191,3459,2655,2091,5724.0,12560,
state,MS,Hidratado Saidas Outras,flow,Mar (2),34896,16223,8416,3866,8114,9601,8171.0,17162,
state,MT,Acucar,flow,Apr (1),1785,1396,6907,0,0,730,2717.0,9105,17429.0
state,MT,Acucar,flow,Apr (2),5752,4328,16916,5113,4328,13166,13347.0,15970,24972.0
state,MT,Acucar,flow,May (1),19280,13932,23507,19578,12806,27973,23905.0,33897,36272.0
state,MT,Acucar,flow,May (2),30796,24558,34677,29984,22939,18296,37170.0,37550,40884.0
state,MT,Acucar,flow,Jun (1),29730,29503,40079,35334,33980,62368,37047.0,39861,40910.0
state,MT,Acucar,flow,Jun (2),27790,30259,40263,35397,37892,41407,46970.0,37243,36848.0
state,MT,Acucar,flow,Jul (1),29903,32524,43199,41056,39536,43433,44870.0,42687,44071.0
state,MT,Acucar,flow,Jul (2),38421,35055,46065,43072,46362,47645,50688.0,51829,47400.0
state,MT,Acucar,flow,Aug (1),30590,34613,44092,34294,42976,45813,45926.0,49226,
state,MT,Acucar,flow,Aug (2),36828,44322,38883,42512,52498,49788,50337.0,50739,
state,MT,Acucar,flow,Sep (1),39394,20543,39393,31036,42695,44415,52042.0,46667,
state,MT,Acucar,flow,Sep (2),28004,20982,36981,39124,43625,41770,51318.0,46302,
state,MT,Acucar,flow,Oct (1),26357,71797,32748,38758,42858,37951,40510.0,44382,
state,MT,Acucar,flow,Oct (2),12605,21388,26566,29723,35575,34090,35805.0,53030,
state,MT,Acucar,flow,Nov (1),6381,14165,11607,18867,18644,18706,23820.0,20193,
state,MT,Acucar,flow,Nov (2),2477,5412,2522,6213,18271,10153,14648.0,14639,
state,MT,Acucar,flow,Dec (1),3408,85,0,1560,6656,0,8417.0,1688,
state,MT,Acucar,flow,Dec (2),979,0,0,1,1,0,0.0,5161,
state,MT,Acucar,flow,Jan (1),3,0,0,0,0,0,0.0,630,
state,MT,Acucar,flow,Jan (2),0,0,0,0,0,49,0.0,0,
state,MT,Acucar,flow,Feb (1),0,0,0,0,0,0,0.0,0,
state,MT,Acucar,flow,Feb (2),0,0,0,0,0,0,0.0,0,
state,MT,Acucar,flow,Mar (1),0,0,0,0,0,0,54.0,0,
state,MT,Acucar,flow,Mar (2),0,0,2,0,2,0,0.0,0,
state,MT,Anidro Entradas,flow,Apr (1),27298,66114,59560,69600,92782,87102,118968.0,104060,105653.0
state,MT,Anidro Entradas,flow,Apr (2),0,0,0,0,0,0,129.0,558,96.0
state,MT,Anidro Entradas,flow,May (1),0,0,0,0,0,0,0.0,60,0.0
state,MT,Anidro Entradas,flow,May (2),0,0,0,0,0,0,120.0,133,1.0
state,MT,Anidro Entradas,flow,Jun (1),0,0,0,0,19,520,61.0,0,367.0
state,MT,Anidro Entradas,flow,Jun (2),4826,0,75,44,0,1030,80.0,148,184.0
state,MT,Anidro Entradas,flow,Jul (1),0,0,0,0,181,1002,42.0,159,0.0
state,MT,Anidro Entradas,flow,Jul (2),0,0,0,0,1492,714,60.0,4,469.0
state,MT,Anidro Entradas,flow,Aug (1),0,0,0,0,0,670,180.0,85,
state,MT,Anidro Entradas,flow,Aug (2),0,0,0,0,180,1013,70.0,60,
state,MT,Anidro Entradas,flow,Sep (1),0,0,0,0,809,1196,0.0,120,
state,MT,Anidro Entradas,flow,Sep (2),0,0,0,0,2,667,54.0,7,
state,MT,Anidro Entradas,flow,Oct (1),0,0,59,0,3,296,0.0,82,
state,MT,Anidro Entradas,flow,Oct (2),0,415,0,0,1267,22583,35.0,360,
state,MT,Anidro Entradas,flow,Nov (1),0,149,0,0,0,358,0.0,0,
state,MT,Anidro Entradas,flow,Nov (2),0,0,0,0,1307,0,60.0,68,
state,MT,Anidro Entradas,flow,Dec (1),0,0,0,2146,0,105,2880.0,483,
state,MT,Anidro Entradas,flow,Dec (2),0,0,0,0,0,0,165.0,4681,
state,MT,Anidro Entradas,flow,Jan (1),0,0,0,0,0,297,59.0,20,
state,MT,Anidro Entradas,flow,Jan (2),2855,0,0,60,0,0,111.0,311,
state,MT,Anidro Entradas,flow,Feb (1),0,0,0,0,0,571,363.0,0,
state,MT,Anidro Entradas,flow,Feb (2),28,46,0,0,0,452,272.0,265,
state,MT,Anidro Entradas,flow,Mar (1),0,0,0,0,0,984,240.0,60,
state,MT,Anidro Entradas,flow,Mar (2),0,57,0,0,0,163,118.0,3211,
state,MT,Anidro Estoque E.Disp,stock,Apr (1),10544,32548,57429,45083,69219,75868,70932.0,73108,77423.0
state,MT,Anidro Estoque E.Disp,stock,Apr (2),10261,24131,44850,42255,38431,55893,58987.0,54748,63526.0
state,MT,Anidro Estoque E.Disp,stock,May (1),25123,26152,46783,26358,50339,74841,67812.0,67384,76979.0
state,MT,Anidro Estoque E.Disp,stock,May (2),48595,39371,43278,36617,50886,68090,104621.0,63061,100690.0
state,MT,Anidro Estoque E.Disp,stock,Jun (1),51782,58092,49927,54615,83170,88019,128868.0,117278,114719.0
state,MT,Anidro Estoque E.Disp,stock,Jun (2),70527,87889,61472,63595,115647,92028,118262.0,94717,138129.0
state,MT,Anidro Estoque E.Disp,stock,Jul (1),92667,109793,74085,82628,136225,155879,135586.0,112847,164171.0
state,MT,Anidro Estoque E.Disp,stock,Jul (2),118991,127010,81911,105577,176589,162038,152727.0,117617,183350.0
state,MT,Anidro Estoque E.Disp,stock,Aug (1),139235,130395,95814,160236,169627,228401,167881.0,123935,
state,MT,Anidro Estoque E.Disp,stock,Aug (2),152501,128002,115526,169426,169688,195007,187084.0,148993,
state,MT,Anidro Estoque E.Disp,stock,Sep (1),165803,139876,146965,195101,185429,265274,207236.0,170750,
state,MT,Anidro Estoque E.Disp,stock,Sep (2),168145,144291,169181,208781,179697,269176,209511.0,163805,
state,MT,Anidro Estoque E.Disp,stock,Oct (1),166651,158333,188334,215896,191698,303965,226211.0,182826,
state,MT,Anidro Estoque E.Disp,stock,Oct (2),171298,162086,182235,216133,207908,276801,213661.0,193635,
state,MT,Anidro Estoque E.Disp,stock,Nov (1),172319,156671,175632,204516,211962,287225,224981.0,186198,
state,MT,Anidro Estoque E.Disp,stock,Nov (2),158780,146162,173308,178411,195855,217728,212157.0,184481,
state,MT,Anidro Estoque E.Disp,stock,Dec (1),141800,138017,157748,158378,205943,191083,191701.0,172579,
state,MT,Anidro Estoque E.Disp,stock,Dec (2),131815,119720,144019,153189,173714,183935,200444.0,154409,
state,MT,Anidro Estoque E.Disp,stock,Jan (1),125674,110040,128635,141823,155265,198650,184274.0,141000,
state,MT,Anidro Estoque E.Disp,stock,Jan (2),115538,96783,117743,139059,127909,196111,167918.0,116322,
state,MT,Anidro Estoque E.Disp,stock,Feb (1),95515,90819,102548,131202,137221,181958,154307.0,114272,
state,MT,Anidro Estoque E.Disp,stock,Feb (2),87361,73979,86921,109806,101021,134157,123666.0,121006,
state,MT,Anidro Estoque E.Disp,stock,Mar (1),73869,58909,75277,98224,110879,126550,111469.0,104435,
state,MT,Anidro Estoque E.Disp,stock,Mar (2),55312,49325,61795,82915,80161,107477,100627.0,102077,
state,MT,Anidro Estoque E.Fisico,stock,Apr (1),14117,40500,64579,51808,79864,90484,83205.0,76487,80498.0
state,MT,Anidro Estoque E.Fisico,stock,Apr (2),12339,29133,47624,48615,46154,69049,64647.0,58223,67377.0
state,MT,Anidro Estoque E.Fisico,stock,May (1),31171,29061,49842,31457,56654,84932,71236.0,70007,80674.0
state,MT,Anidro Estoque E.Fisico,stock,May (2),58080,39962,47366,43899,60324,79669,110996.0,64888,105374.0
state,MT,Anidro Estoque E.Fisico,stock,Jun (1),63885,62594,55614,63459,93761,98240,138843.0,120042,120314.0
state,MT,Anidro Estoque E.Fisico,stock,Jun (2),94774,94586,67887,74849,131460,103446,131163.0,97057,142940.0
state,MT,Anidro Estoque E.Fisico,stock,Jul (1),121776,118537,83614,96201,155024,169395,143089.0,114490,172173.0
state,MT,Anidro Estoque E.Fisico,stock,Jul (2),146234,139127,93766,123131,198871,176861,158280.0,120618,194563.0
state,MT,Anidro Estoque E.Fisico,stock,Aug (1),166290,144006,109919,178835,190275,244618,173088.0,127198,
state,MT,Anidro Estoque E.Fisico,stock,Aug (2),180554,143604,130587,192930,191529,216168,194547.0,155566,
state,MT,Anidro Estoque E.Fisico,stock,Sep (1),196041,156883,165407,216565,214529,290344,216218.0,178884,
state,MT,Anidro Estoque E.Fisico,stock,Sep (2),199581,161593,186447,232955,211909,298217,220192.0,177972,
state,MT,Anidro Estoque E.Fisico,stock,Oct (1),205827,175279,206412,247337,223649,332806,238083.0,198433,
state,MT,Anidro Estoque E.Fisico,stock,Oct (2),205112,178385,203468,248387,240628,301324,225326.0,209735,
state,MT,Anidro Estoque E.Fisico,stock,Nov (1),204896,173515,196313,235700,241728,312707,235674.0,201773,
state,MT,Anidro Estoque E.Fisico,stock,Nov (2),188923,161974,193758,208026,226251,241654,222401.0,198445,
state,MT,Anidro Estoque E.Fisico,stock,Dec (1),170624,153137,176816,184633,237223,212979,202723.0,185305,
state,MT,Anidro Estoque E.Fisico,stock,Dec (2),158067,134102,159296,177548,202187,205225,210870.0,165648,
state,MT,Anidro Estoque E.Fisico,stock,Jan (1),149659,124161,139227,162077,182606,219892,193837.0,153022,
state,MT,Anidro Estoque E.Fisico,stock,Jan (2),141838,111287,128597,155490,150961,214075,177672.0,127828,
state,MT,Anidro Estoque E.Fisico,stock,Feb (1),119952,105514,113976,146529,155967,198180,162713.0,123311,
state,MT,Anidro Estoque E.Fisico,stock,Feb (2),110289,86333,99406,123864,117180,148450,131100.0,128477,
state,MT,Anidro Estoque E.Fisico,stock,Mar (1),96655,70829,84395,109690,123796,139909,119718.0,110670,
state,MT,Anidro Estoque E.Fisico,stock,Mar (2),66114,59560,69600,92782,87102,118968,103953.0,105653,
state,MT,Anidro Producao,flow,Apr (1),10262,7723,26339,16790,37575,55434,45635.0,65103,110475.0
state,MT,Anidro Producao,flow,Apr (2),18641,17023,53281,28397,7186,31703,61444.0,79817,109304.0
state,MT,Anidro Producao,flow,May (1),47785,27171,32294,26180,58425,100310,82816.0,89866,130344.0
state,MT,Anidro Producao,flow,May (2),42324,46466,27779,64407,69723,66801,113541.0,123120,151910.0
state,MT,Anidro Producao,flow,Jun (1),43256,56347,36505,65278,87547,134709,102802.0,104637,167178.0
state,MT,Anidro Producao,flow,Jun (2),49000,60058,57715,71734,99553,92946,98558.0,115006,166239.0
state,MT,Anidro Producao,flow,Jul (1),58069,52422,53977,83337,92281,183163,107449.0,106188,164073.0
state,MT,Anidro Producao,flow,Jul (2),57498,51529,46389,70073,110809,112705,115226.0,144347,179816.0
state,MT,Anidro Producao,flow,Aug (1),48527,37764,56278,118485,75059,144717,114782.0,138431,
state,MT,Anidro Producao,flow,Aug (2),41990,27348,61557,74355,82993,82949,125154.0,144633,
state,MT,Anidro Producao,flow,Sep (1),45118,34511,78249,73449,99112,141112,109152.0,146908,
state,MT,Anidro Producao,flow,Sep (2),29720,27796,64476,72817,88155,91233,115470.0,141419,
state,MT,Anidro Producao,flow,Oct (1),30218,46389,59153,96868,80682,119597,110702.0,149829,
state,MT,Anidro Producao,flow,Oct (2),31325,36915,42366,46582,93952,45966,107743.0,150396,
state,MT,Anidro Producao,flow,Nov (1),24843,34685,34717,53060,66240,82810,96432.0,118055,
state,MT,Anidro Producao,flow,Nov (2),15373,23136,47996,53292,59115,41121,87424.0,100979,
state,MT,Anidro Producao,flow,Dec (1),7201,23872,23075,33506,80515,31917,74676.0,130047,
state,MT,Anidro Producao,flow,Dec (2),8112,21093,24070,33579,56990,43077,90779.0,117353,
state,MT,Anidro Producao,flow,Jan (1),14787,25661,20567,47128,64920,77087,89111.0,119992,
state,MT,Anidro Producao,flow,Jan (2),18359,20999,33116,34367,59138,75732,111205.0,133649,
state,MT,Anidro Producao,flow,Feb (1),3276,18548,27992,45638,70359,64551,93691.0,117501,
state,MT,Anidro Producao,flow,Feb (2),8302,8828,5929,23834,38613,53195,63262.0,94301,
state,MT,Anidro Producao,flow,Mar (1),12188,11494,22362,42535,70715,54571,63564.0,110520,
state,MT,Anidro Producao,flow,Mar (2),7665,9107,27635,35616,46080,40751,69889.0,124036,
state,MT,Anidro Saidas Distrib,flow,Apr (1),18308,23621,18912,28831,50333,49021,58358.0,86568,132324.0
state,MT,Anidro Saidas Distrib,flow,Apr (2),20365,23366,63997,31384,39799,53060,79970.0,92583,122134.0
state,MT,Anidro Saidas Distrib,flow,May (1),28717,26903,30018,43301,45045,84112,76201.0,67698,116957.0
state,MT,Anidro Saidas Distrib,flow,May (2),15199,35413,30078,51812,65875,71935,73430.0,121367,126745.0
state,MT,Anidro Saidas Distrib,flow,Jun (1),37436,33601,28223,45702,54099,116569,74571.0,48678,152181.0
state,MT,Anidro Saidas Distrib,flow,Jun (2),22410,27903,45334,60309,61644,88552,105218.0,137342,143165.0
state,MT,Anidro Saidas Distrib,flow,Jul (1),31045,28439,38185,61854,68875,114629,85159.0,86813,134239.0
state,MT,Anidro Saidas Distrib,flow,Jul (2),32695,30691,36037,43051,68007,101597,96908.0,135138,156799.0
state,MT,Anidro Saidas Distrib,flow,Aug (1),28426,32824,40060,62690,83591,77584,93665.0,119480,
state,MT,Anidro Saidas Distrib,flow,Aug (2),27460,27537,40710,60078,81659,107177,100471.0,110879,
state,MT,Anidro Saidas Distrib,flow,Sep (1),29579,21176,43385,49774,76831,66901,75332.0,121964,
state,MT,Anidro Saidas Distrib,flow,Sep (2),25979,22948,43136,56249,90180,79313,110103.0,128727,
state,MT,Anidro Saidas Distrib,flow,Oct (1),23917,32296,39105,82249,68871,84588,91538.0,126822,
state,MT,Anidro Saidas Distrib,flow,Oct (2),31896,33606,45074,45430,77932,99685,118494.0,136200,
state,MT,Anidro Saidas Distrib,flow,Nov (1),24994,38511,41861,65510,65055,60612,74707.0,123707,
state,MT,Anidro Saidas Distrib,flow,Nov (2),31156,33677,50375,80772,75460,111813,99023.0,102918,
state,MT,Anidro Saidas Distrib,flow,Dec (1),25477,32506,39963,58895,69313,60603,96008.0,143316,
state,MT,Anidro Saidas Distrib,flow,Dec (2),20280,39715,41384,40638,91697,49897,81787.0,141367,
state,MT,Anidro Saidas Distrib,flow,Jan (1),23176,34820,40462,62412,84446,62668,104919.0,132169,
state,MT,Anidro Saidas Distrib,flow,Jan (2),24755,32967,43697,40386,90688,81364,123532.0,158865,
state,MT,Anidro Saidas Distrib,flow,Feb (1),24118,24048,42251,54548,65318,80927,101229.0,115460,
state,MT,Anidro Saidas Distrib,flow,Feb (2),17915,25049,20475,46395,77246,94303,88208.0,85898,
state,MT,Anidro Saidas Distrib,flow,Mar (1),22075,21962,33124,51640,64048,64018,69877.0,126245,
state,MT,Anidro Saidas Distrib,flow,Mar (2),22751,20218,36077,48172,80536,58411,70802.0,131838,
state,MT,Anidro Saidas M.Ext,flow,Apr (1),0,0,0,0,0,0,656.0,0,0.0
state,MT,Anidro Saidas M.Ext,flow,Apr (2),0,0,0,0,0,0,0.0,0,0.0
state,MT,Anidro Saidas M.Ext,flow,May (1),0,0,0,0,0,0,0.0,0,0.0
state,MT,Anidro Saidas M.Ext,flow,May (2),0,0,0,0,0,0,0.0,0,0.0
state,MT,Anidro Saidas M.Ext,flow,Jun (1),0,0,0,0,0,0,0.0,0,0.0
state,MT,Anidro Saidas M.Ext,flow,Jun (2),0,0,0,0,0,0,0.0,0,0.0
state,MT,Anidro Saidas M.Ext,flow,Jul (1),0,0,0,0,0,0,0.0,0,0.0
state,MT,Anidro Saidas M.Ext,flow,Jul (2),0,0,0,0,0,4025,0.0,0,0.0
state,MT,Anidro Saidas M.Ext,flow,Aug (1),0,0,0,0,0,0,0.0,0,
state,MT,Anidro Saidas M.Ext,flow,Aug (2),0,0,0,0,0,0,0.0,439,
state,MT,Anidro Saidas M.Ext,flow,Sep (1),0,0,0,0,0,0,0.0,0,
state,MT,Anidro Saidas M.Ext,flow,Sep (2),0,0,0,0,0,0,0.0,0,
state,MT,Anidro Saidas M.Ext,flow,Oct (1),0,0,0,0,0,0,0.0,0,
state,MT,Anidro Saidas M.Ext,flow,Oct (2),0,0,0,0,0,0,0.0,0,
state,MT,Anidro Saidas M.Ext,flow,Nov (1),0,0,0,0,0,0,0.0,49,
state,MT,Anidro Saidas M.Ext,flow,Nov (2),0,0,0,0,65,0,0.0,0,
state,MT,Anidro Saidas M.Ext,flow,Dec (1),0,0,0,0,0,0,0.0,0,
state,MT,Anidro Saidas M.Ext,flow,Dec (2),0,0,0,0,0,0,0.0,0,
state,MT,Anidro Saidas M.Ext,flow,Jan (1),0,0,0,0,0,0,0.0,0,
state,MT,Anidro Saidas M.Ext,flow,Jan (2),0,0,0,0,0,0,0.0,0,
state,MT,Anidro Saidas M.Ext,flow,Feb (1),0,0,0,0,0,0,0.0,0,
state,MT,Anidro Saidas M.Ext,flow,Feb (2),0,0,0,0,0,0,0.0,0,
state,MT,Anidro Saidas M.Ext,flow,Mar (1),0,0,0,0,0,0,0.0,0,
state,MT,Anidro Saidas M.Ext,flow,Mar (2),0,0,0,0,3,0,0.0,0,
state,MT,Anidro Saidas Outras,flow,Apr (1),5135,9716,2408,5751,160,3031,22384.0,6108,3306.0
state,MT,Anidro Saidas Outras,flow,Apr (2),54,5024,6239,206,1097,78,161.0,6056,387.0
state,MT,Anidro Saidas Outras,flow,May (1),236,340,58,37,2880,315,26.0,10444,90.0
state,MT,Anidro Saidas Outras,flow,May (2),216,152,177,153,178,129,471.0,7005,466.0
state,MT,Anidro Saidas Outras,flow,Jun (1),15,114,34,16,30,89,445.0,805,424.0
state,MT,Anidro Saidas Outras,flow,Jun (2),527,163,183,79,210,218,1100.0,797,632.0
state,MT,Anidro Saidas Outras,flow,Jul (1),22,32,65,131,23,3587,10406.0,2101,601.0
state,MT,Anidro Saidas Outras,flow,Jul (2),345,248,200,92,447,331,3187.0,3085,1096.0
state,MT,Anidro Saidas Outras,flow,Aug (1),45,61,65,91,64,46,6489.0,12456,
state,MT,Anidro Saidas Outras,flow,Aug (2),266,213,179,182,260,5235,3294.0,5007,
state,MT,Anidro Saidas Outras,flow,Sep (1),52,56,44,40,90,1231,12149.0,1746,
state,MT,Anidro Saidas Outras,flow,Sep (2),201,138,300,178,597,4714,1447.0,13611,
state,MT,Anidro Saidas Outras,flow,Oct (1),55,407,142,237,74,716,1273.0,2628,
state,MT,Anidro Saidas Outras,flow,Oct (2),144,618,236,102,308,346,2041.0,3254,
state,MT,Anidro Saidas Outras,flow,Nov (1),65,1193,11,237,85,11173,11377.0,2261,
state,MT,Anidro Saidas Outras,flow,Nov (2),190,1000,176,194,374,361,1734.0,1457,
state,MT,Anidro Saidas Outras,flow,Dec (1),23,203,54,150,230,94,1226.0,354,
state,MT,Anidro Saidas Outras,flow,Dec (2),389,413,206,26,329,934,1010.0,324,
state,MT,Anidro Saidas Outras,flow,Jan (1),19,782,174,187,55,49,1284.0,469,
state,MT,Anidro Saidas Outras,flow,Jan (2),4280,906,49,628,95,185,3949.0,289,
state,MT,Anidro Saidas Outras,flow,Feb (1),1044,273,362,51,35,90,7784.0,6558,
state,MT,Anidro Saidas Outras,flow,Feb (2),78,3006,24,104,154,9074,6939.0,3502,
state,MT,Anidro Saidas Outras,flow,Mar (1),3747,5036,4249,5069,51,78,5309.0,2142,
state,MT,Anidro Saidas Outras,flow,Mar (2),15455,215,6353,4352,2235,3444,14970.0,426,
state,MT,Cana,flow,Apr (1),202807,309422,381204,167319,66280,276057,157725.0,519979,616614.0
state,MT,Cana,flow,Apr (2),634315,717090,596425,418363,312763,709465,578640.0,714262,1049508.0
state,MT,Cana,flow,May (1),1096337,847773,852973,943121,779144,1177255,1131985.0,1272559,1154410.0
state,MT,Cana,flow,May (2),1098059,1274828,1268697,1283453,1186100,860409,1316317.0,1145464,1303217.0
state,MT,Cana,flow,Jun (1),1271046,1334980,1387688,1233690,1146655,1675550,1300930.0,1501362,1771132.0
state,MT,Cana,flow,Jun (2),1320333,1447569,1358252,1261847,1354015,1310283,1384146.0,1327480,1234375.0
state,MT,Cana,flow,Jul (1),1435511,1317884,1427047,1310194,1377290,1571499,1391238.0,1375931,1478759.0
state,MT,Cana,flow,Jul (2),1455608,1547885,1515571,1348362,1434126,1573166,1457349.0,1484028,1610687.0
state,MT,Cana,flow,Aug (1),1226997,1336670,1418194,1197289,1168849,1391464,1232786.0,1403146,
state,MT,Cana,flow,Aug (2),1329835,1468362,1427181,1273004,1354273,1440091,1527650.0,1438343,
state,MT,Cana,flow,Sep (1),1208939,1024927,1316862,1106772,1355886,1230871,1320108.0,1365860,
state,MT,Cana,flow,Sep (2),1102003,910057,1188364,1072344,1185726,1241930,1263373.0,1200604,
state,MT,Cana,flow,Oct (1),1074241,1846018,1033222,1021753,1034424,1294431,1151975.0,1223059,
state,MT,Cana,flow,Oct (2),1045132,1010191,845738,866064,889242,1132822,989174.0,1095618,
state,MT,Cana,flow,Nov (1),669407,783105,340995,565490,515502,557771,661408.0,758165,
state,MT,Cana,flow,Nov (2),472617,330945,304450,207700,388868,209065,353736.0,525316,
state,MT,Cana,flow,Dec (1),475315,31088,110331,15000,281086,0,264628.0,132566,
state,MT,Cana,flow,Dec (2),68476,0,0,0,46382,0,0.0,4191,
state,MT,Cana,flow,Jan (1),0,0,0,0,0,0,0.0,0,
state,MT,Cana,flow,Jan (2),0,0,0,0,0,0,0.0,0,
state,MT,Cana,flow,Feb (1),0,0,0,0,0,0,0.0,0,
state,MT,Cana,flow,Feb (2),0,0,0,0,0,0,0.0,0,
state,MT,Cana,flow,Mar (1),0,11181,0,0,0,11150,0.0,0,
state,MT,Cana,flow,Mar (2),161968,107690,0,0,0,14085,0.0,119487,
state,MT,Etanol Total,flow,Apr (1),38325,53408,98681,109738,139624,113133,185541.0,265826,281234.0
state,MT,Etanol Total,flow,Apr (2),69371,82454,138751,137293,93432,91508,231761.0,276467,319021.0
state,MT,Etanol Total,flow,May (1),100883,89949,134360,156858,239478,260957,268592.0,292932,301597.0
state,MT,Etanol Total,flow,May (2),92194,120805,133181,191612,210008,214315,301198.0,302196,340978.0
state,MT,Etanol Total,flow,Jun (1),99275,119276,154479,165897,208915,425159,296510.0,320942,376070.0
state,MT,Etanol Total,flow,Jun (2),110100,128687,159951,180400,224776,242448,305083.0,326781,330902.0
state,MT,Etanol Total,flow,Jul (1),112988,127775,170260,257616,230760,376344,312978.0,303922,351305.0
state,MT,Etanol Total,flow,Jul (2),118740,139548,191139,187556,247853,278929,349171.0,377868,376379.0
state,MT,Etanol Total,flow,Aug (1),111262,129059,175422,293689,202877,309002,319760.0,338029,
state,MT,Etanol Total,flow,Aug (2),118744,121108,197156,235418,220952,259155,366021.0,358530,
state,MT,Etanol Total,flow,Sep (1),112305,115868,198515,163168,266095,297707,341956.0,344392,
state,MT,Etanol Total,flow,Sep (2),103183,105251,197885,230301,201810,258457,332194.0,313297,
state,MT,Etanol Total,flow,Oct (1),94439,153361,179287,234177,187020,295667,320661.0,327714,
state,MT,Etanol Total,flow,Oct (2),93281,140012,172508,132161,213097,236655,326597.0,340304,
state,MT,Etanol Total,flow,Nov (1),70454,189785,111598,234825,159882,234783,267791.0,302711,
state,MT,Etanol Total,flow,Nov (2),53416,83559,119610,146109,158293,190684,269006.0,260067,
state,MT,Etanol Total,flow,Dec (1),52074,62328,106974,130580,161161,207751,259703.0,290259,
state,MT,Etanol Total,flow,Dec (2),38396,65064,103023,72903,144834,191903,262070.0,284936,
state,MT,Etanol Total,flow,Jan (1),31523,62380,98815,197460,127191,203566,234684.0,253951,
state,MT,Etanol Total,flow,Jan (2),35546,89475,102745,141020,138401,207334,253981.0,277093,
state,MT,Etanol Total,flow,Feb (1),26116,61300,102666,137070,154786,193296,240329.0,262994,
state,MT,Etanol Total,flow,Feb (2),29419,58642,30799,105316,100414,191609,209842.0,222652,
state,MT,Etanol Total,flow,Mar (1),42403,63687,145777,135628,178932,192269,224139.0,263889,
state,MT,Etanol Total,flow,Mar (2),49194,69189,124642,125679,132992,215478,267801.0,284993,
state,MT,Hidratado Entradas,flow,Apr (1),13419,45522,56568,110232,91788,91671,147735.0,133810,122590.0
state,MT,Hidratado Entradas,flow,Apr (2),2,5010,6394,77,1176,0,6485.0,11477,14556.0
state,MT,Hidratado Entradas,flow,May (1),108,340,0,0,10398,336,6822.0,59,12530.0
state,MT,Hidratado Entradas,flow,May (2),-64,0,0,100,20,44,7149.0,592,13234.0
state,MT,Hidratado Entradas,flow,Jun (1),311,0,0,0,0,280,6691.0,418,6855.0
state,MT,Hidratado Entradas,flow,Jun (2),0,0,0,59,130,1559,6539.0,2872,7731.0
state,MT,Hidratado Entradas,flow,Jul (1),0,2,0,0,104,59,7747.0,6713,10574.0
state,MT,Hidratado Entradas,flow,Jul (2),0,50,154,25,164,61,7440.0,8053,19917.0
state,MT,Hidratado Entradas,flow,Aug (1),0,0,0,0,57,196,7075.0,8506,
state,MT,Hidratado Entradas,flow,Aug (2),0,0,0,0,226,60,9268.0,8141,
state,MT,Hidratado Entradas,flow,Sep (1),6,0,0,123,34,35,6444.0,7895,
state,MT,Hidratado Entradas,flow,Sep (2),0,0,0,0,1100,264,6872.0,6875,
state,MT,Hidratado Entradas,flow,Oct (1),0,277,0,0,563,121,6745.0,8864,
state,MT,Hidratado Entradas,flow,Oct (2),61,484,0,13,67,3138,7078.0,8171,
state,MT,Hidratado Entradas,flow,Nov (1),0,2027,0,0,146,248,7284.0,9900,
state,MT,Hidratado Entradas,flow,Nov (2),120,1026,0,659,264,319,6229.0,10359,
state,MT,Hidratado Entradas,flow,Dec (1),0,143,0,3357,250,535,5687.0,75567,
state,MT,Hidratado Entradas,flow,Dec (2),278,661,2,0,48,3000,1134.0,9563,
state,MT,Hidratado Entradas,flow,Jan (1),0,789,0,3434,25,210,989.0,4044,
state,MT,Hidratado Entradas,flow,Jan (2),4134,1142,144,1664,61,0,391.0,9371,
state,MT,Hidratado Entradas,flow,Feb (1),1050,0,63,295,17,116,6664.0,-45517,
state,MT,Hidratado Entradas,flow,Feb (2),0,0,1,0,0,30389,5517.0,14335,
state,MT,Hidratado Entradas,flow,Mar (1),3726,5013,4485,5282,0,7465,4669.0,9532,
state,MT,Hidratado Entradas,flow,Mar (2),6076,130,6521,7065,2305,10766,15250.0,6238,
state,MT,Hidratado Estoque E.Disp,stock,Apr (1),11960,23316,62337,83003,75206,69790,101284.0,105389,88323.0
state,MT,Hidratado Estoque E.Disp,stock,Apr (2),29090,16708,85041,76020,55178,70577,77864.0,84199,138361.0
state,MT,Hidratado Estoque E.Disp,stock,May (1),38808,23934,99715,97401,112085,145663,103227.0,116849,177683.0
state,MT,Hidratado Estoque E.Disp,stock,May (2),53403,35715,95672,116581,127542,139004,99944.0,79044,188341.0
state,MT,Hidratado Estoque E.Disp,stock,Jun (1),53820,39530,118200,135660,146979,140432,120598.0,142311,197380.0
state,MT,Hidratado Estoque E.Disp,stock,Jun (2),69935,57232,117213,143954,167262,128608,140609.0,114495,198874.0
state,MT,Hidratado Estoque E.Disp,stock,Jul (1),81925,84374,135406,164762,183287,191972,171078.0,133261,223572.0
state,MT,Hidratado Estoque E.Disp,stock,Jul (2),97098,100313,171936,172783,204618,222350,184983.0,154406,242138.0
state,MT,Hidratado Estoque E.Disp,stock,Aug (1),112439,127694,199125,178625,233548,240779,215154.0,170604,
state,MT,Hidratado Estoque E.Disp,stock,Aug (2),135330,151130,232927,219770,250249,245674,251053.0,180121,
state,MT,Hidratado Estoque E.Disp,stock,Sep (1),148642,177746,248344,250067,305890,263073,309954.0,193318,
state,MT,Hidratado Estoque E.Disp,stock,Sep (2),169033,191662,267559,283094,288991,260505,311523.0,187616,
state,MT,Hidratado Estoque E.Disp,stock,Oct (1),180324,215699,292450,257697,275437,289740,312566.0,193634,
state,MT,Hidratado Estoque E.Disp,stock,Oct (2),184514,219328,299305,269386,279197,320058,319079.0,185020,
state,MT,Hidratado Estoque E.Disp,stock,Nov (1),191131,222606,277630,302275,282305,324847,299503.0,210289,
state,MT,Hidratado Estoque E.Disp,stock,Nov (2),182217,208024,265226,298177,279321,300493,279349.0,216121,
state,MT,Hidratado Estoque E.Disp,stock,Dec (1),188508,173402,240311,282930,272686,315321,298419.0,206887,
state,MT,Hidratado Estoque E.Disp,stock,Dec (2),184231,140431,207293,261037,247082,264773,231927.0,204413,
state,MT,Hidratado Estoque E.Disp,stock,Jan (1),161662,112755,196106,215652,236280,233669,223957.0,180127,
state,MT,Hidratado Estoque E.Disp,stock,Jan (2),140289,91852,159555,226738,214518,174777,171008.0,132152,
state,MT,Hidratado Estoque E.Disp,stock,Feb (1),113385,62548,125487,206126,178387,156315,158517.0,136923,
state,MT,Hidratado Estoque E.Disp,stock,Feb (2),78325,38255,94553,177243,124353,131151,116885.0,127503,
state,MT,Hidratado Estoque E.Disp,stock,Mar (1),51027,36529,83945,130860,125636,118999,115440.0,129738,
state,MT,Hidratado Estoque E.Disp,stock,Mar (2),29761,49674,85728,64931,76694,105312,111501.0,104831,
state,MT,Hidratado Estoque E.Fisico,stock,Apr (1),12964,27009,68580,90348,99139,107467,113438.0,120788,93032.0
state,MT,Hidratado Estoque E.Fisico,stock,Apr (2),34361,22176,89202,78271,74488,114586,90880.0,102494,140589.0
state,MT,Hidratado Estoque E.Fisico,stock,May (1),50619,31483,106870,99450,132898,168422,114949.0,132103,179874.0
state,MT,Hidratado Estoque E.Fisico,stock,May (2),69862,44322,113788,127409,155740,165790,112524.0,93254,190826.0
state,MT,Hidratado Estoque E.Fisico,stock,Jun (1),71923,51037,145099,150255,184977,171310,133456.0,158583,204221.0
state,MT,Hidratado Estoque E.Fisico,stock,Jun (2),96983,66535,150757,166886,212963,162601,155125.0,133736,203551.0
state,MT,Hidratado Estoque E.Fisico,stock,Jul (1),115739,92613,178733,191642,228543,233622,191778.0,150013,228410.0
state,MT,Hidratado Estoque E.Fisico,stock,Jul (2),132521,119596,221529,204899,252795,265838,214992.0,177516,244498.0
state,MT,Hidratado Estoque E.Fisico,stock,Aug (1),149970,155969,253218,219904,280798,286871,250105.0,193126,
state,MT,Hidratado Estoque E.Fisico,stock,Aug (2),173173,185931,296781,270978,303539,289811,283873.0,206876,
state,MT,Hidratado Estoque E.Fisico,stock,Sep (1),191385,221756,320850,307033,362650,313153,349073.0,222633,
state,MT,Hidratado Estoque E.Fisico,stock,Sep (2),225972,239616,343575,341103,347474,317865,358237.0,218220,
state,MT,Hidratado Estoque E.Fisico,stock,Oct (1),236462,269904,370504,321987,337154,345356,364595.0,228243,
state,MT,Hidratado Estoque E.Fisico,stock,Oct (2),243669,267876,380086,335194,343800,374660,370417.0,225400,
state,MT,Hidratado Estoque E.Fisico,stock,Nov (1),246320,268391,367980,365515,347654,380602,349358.0,256424,
state,MT,Hidratado Estoque E.Fisico,stock,Nov (2),237193,245620,337984,362375,342575,353546,326317.0,264027,
state,MT,Hidratado Estoque E.Fisico,stock,Dec (1),238299,206358,307688,342747,333424,361592,344030.0,302621,
state,MT,Hidratado Estoque E.Fisico,stock,Dec (2),219318,164655,270531,315049,296682,306086,261313.0,288544,
state,MT,Hidratado Estoque E.Fisico,stock,Jan (1),189530,135694,248407,265496,281907,274883,247770.0,261640,
state,MT,Hidratado Estoque E.Fisico,stock,Jan (2),169659,110648,205450,272361,253630,207197,187215.0,210591,
state,MT,Hidratado Estoque E.Fisico,stock,Feb (1),141028,77583,163327,243734,212329,185401,185119.0,152682,
state,MT,Hidratado Estoque E.Fisico,stock,Feb (2),100761,46924,130255,208418,146786,155435,136501.0,137036,
state,MT,Hidratado Estoque E.Fisico,stock,Mar (1),68388,44129,107287,164148,145005,135452,135979.0,134486,
state,MT,Hidratado Estoque E.Fisico,stock,Mar (2),35497,54065,103852,91665,91261,118107,128422.0,107379,
state,MT,Hidratado Producao,flow,Apr (1),28063,45685,72342,92948,102049,57699,139906.0,200723,170759.0
state,MT,Hidratado Producao,flow,Apr (2),50730,65431,85470,108896,86246,59805,170317.0,196650,209717.0
state,MT,Hidratado Producao,flow,May (1),53098,62778,102066,130678,181053,160647,185776.0,203066,171253.0
state,MT,Hidratado Producao,flow,May (2),49870,74339,105402,127205,140285,147514,187657.0,179076,189068.0
state,MT,Hidratado Producao,flow,Jun (1),56019,62929,117974,100619,121368,290450,193708.0,216305,208892.0
state,MT,Hidratado Producao,flow,Jun (2),61100,68629,102236,108666,125223,149502,206525.0,211775,164663.0
state,MT,Hidratado Producao,flow,Jul (1),54919,75353,116283,174279,138479,193181,205529.0,197734,187232.0
state,MT,Hidratado Producao,flow,Jul (2),61242,88019,144750,117483,137044,166224,233945.0,233521,196563.0
state,MT,Hidratado Producao,flow,Aug (1),62735,91295,119144,175204,127818,164285,204978.0,199598,
state,MT,Hidratado Producao,flow,Aug (2),76754,93760,135599,161063,137959,176206,240867.0,213897,
state,MT,Hidratado Producao,flow,Sep (1),67187,81357,120266,89719,166983,156595,232804.0,197484,
state,MT,Hidratado Producao,flow,Sep (2),73463,77455,133409,157484,113655,167224,216724.0,171878,
state,MT,Hidratado Producao,flow,Oct (1),64221,106972,120134,137309,106338,176070,209959.0,177885,
state,MT,Hidratado Producao,flow,Oct (2),61956,103097,130142,85579,119145,190689,218854.0,189908,
state,MT,Hidratado Producao,flow,Nov (1),45611,155100,76881,181765,93642,151973,171359.0,184656,
state,MT,Hidratado Producao,flow,Nov (2),38043,60423,71614,92817,99178,149563,181582.0,159088,
state,MT,Hidratado Producao,flow,Dec (1),44873,38456,83899,97074,80646,175834,185027.0,160212,
state,MT,Hidratado Producao,flow,Dec (2),30284,43971,78953,39324,87844,148826,171291.0,167583,
state,MT,Hidratado Producao,flow,Jan (1),16736,36719,78248,150332,62271,126479,145573.0,133959,
state,MT,Hidratado Producao,flow,Jan (2),17187,68476,69629,106653,79263,131602,142776.0,143444,
state,MT,Hidratado Producao,flow,Feb (1),22840,42752,74674,91432,84427,128745,146638.0,145493,
state,MT,Hidratado Producao,flow,Feb (2),21117,49814,24870,81482,61801,138414,146580.0,128351,
state,MT,Hidratado Producao,flow,Mar (1),30215,52193,123415,93093,108217,137698,160575.0,153369,
state,MT,Hidratado Producao,flow,Mar (2),41529,60082,97007,90063,86912,174727,197912.0,160957,
state,MT,Hidratado Saidas Distrib,flow,Apr (1),28320,64068,60152,112597,94482,41775,157507.0,204020,183022.0
state,MT,Hidratado Saidas Distrib,flow,Apr (2),29043,74446,70971,120508,111493,52447,180263.0,213760,165601.0
state,MT,Hidratado Saidas Distrib,flow,May (1),36671,53653,84143,109272,132345,96695,146617.0,171231,130882.0
state,MT,Hidratado Saidas Distrib,flow,May (2),30206,61172,98242,98958,116468,144694,177812.0,210086,178813.0
state,MT,Hidratado Saidas Distrib,flow,Jun (1),54070,55984,86371,77477,90486,261640,162617.0,145405,190508.0
state,MT,Hidratado Saidas Distrib,flow,Jun (2),35774,52843,96005,91631,96824,154836,177629.0,221280,161762.0
state,MT,Hidratado Saidas Distrib,flow,Jul (1),35956,49054,88070,148943,122107,109760,163792.0,152144,154032.0
state,MT,Hidratado Saidas Distrib,flow,Jul (2),44165,60769,101823,103732,112039,122931,205503.0,190491,177373.0
state,MT,Hidratado Saidas Distrib,flow,Aug (1),45145,54758,87221,159697,99019,126440,159831.0,175486,
state,MT,Hidratado Saidas Distrib,flow,Aug (2),53272,63346,91561,109089,114195,155656,202069.0,185832,
state,MT,Hidratado Saidas Distrib,flow,Sep (1),48762,45371,95950,53495,107520,125556,151265.0,167435,
state,MT,Hidratado Saidas Distrib,flow,Sep (2),38592,59353,110169,122980,129199,155637,206060.0,168022,
state,MT,Hidratado Saidas Distrib,flow,Oct (1),53511,76636,92946,155793,116922,142197,195200.0,161679,
state,MT,Hidratado Saidas Distrib,flow,Oct (2),54487,104847,120200,72038,109110,158157,202888.0,178598,
state,MT,Hidratado Saidas Distrib,flow,Nov (1),42751,155153,88807,150770,89414,139590,189348.0,147548,
state,MT,Hidratado Saidas Distrib,flow,Nov (2),46986,83313,101184,95802,103195,169569,197910.0,148303,
state,MT,Hidratado Saidas Distrib,flow,Dec (1),43531,77259,113995,117986,87137,160895,167305.0,180598,
state,MT,Hidratado Saidas Distrib,flow,Dec (2),41369,84483,115697,66801,118988,195591,246250.0,174114,
state,MT,Hidratado Saidas Distrib,flow,Jan (1),46385,66311,100209,202252,72099,143974,155269.0,158202,
state,MT,Hidratado Saidas Distrib,flow,Jan (2),45749,94345,112550,100803,100486,191008,201239.0,192293,
state,MT,Hidratado Saidas Distrib,flow,Feb (1),52344,75540,116572,120071,123236,144248,148463.0,151271,
state,MT,Hidratado Saidas Distrib,flow,Feb (2),61165,80147,57738,115926,120281,164067,195049.0,145873,
state,MT,Hidratado Saidas Distrib,flow,Mar (1),66133,59810,150480,142404,102997,150997,159278.0,157520,
state,MT,Hidratado Saidas Distrib,flow,Mar (2),70811,49914,106437,161288,135723,184309,214614.0,183898,
state,MT,Hidratado Saidas M.Ext,flow,Apr (1),0,0,0,0,0,0,280.0,0,0.0
state,MT,Hidratado Saidas M.Ext,flow,Apr (2),0,0,0,0,0,0,0.0,0,0.0
state,MT,Hidratado Saidas M.Ext,flow,May (1),0,0,0,0,0,4008,0.0,1677,0.0
state,MT,Hidratado Saidas M.Ext,flow,May (2),0,0,49,76,0,0,0.0,6782,0.0
state,MT,Hidratado Saidas M.Ext,flow,Jun (1),0,0,25,0,0,1684,0.0,5489,3986.0
state,MT,Hidratado Saidas M.Ext,flow,Jun (2),0,0,0,0,0,0,67.0,6600,2969.0
state,MT,Hidratado Saidas M.Ext,flow,Jul (1),0,0,0,0,0,0,0.0,3079,8314.0
state,MT,Hidratado Saidas M.Ext,flow,Jul (2),0,0,0,0,0,0,0.0,6607,5646.0
state,MT,Hidratado Saidas M.Ext,flow,Aug (1),0,0,0,0,0,0,0.0,0,
state,MT,Hidratado Saidas M.Ext,flow,Aug (2),0,0,0,0,0,0,20.0,8030,
state,MT,Hidratado Saidas M.Ext,flow,Sep (1),0,0,0,0,0,0,0.0,7266,
state,MT,Hidratado Saidas M.Ext,flow,Sep (2),0,0,0,0,0,0,0.0,4258,
state,MT,Hidratado Saidas M.Ext,flow,Oct (1),0,0,0,0,0,-1684,4812.0,6978,
state,MT,Hidratado Saidas M.Ext,flow,Oct (2),0,57,0,0,122,0,7794.0,8671,
state,MT,Hidratado Saidas M.Ext,flow,Nov (1),0,-57,0,0,0,0,2329.0,6119,
state,MT,Hidratado Saidas M.Ext,flow,Nov (2),0,0,0,0,0,0,4916.0,0,
state,MT,Hidratado Saidas M.Ext,flow,Dec (1),0,0,0,0,0,0,0.0,508,
state,MT,Hidratado Saidas M.Ext,flow,Dec (2),0,0,33,0,0,0,0.0,4263,
state,MT,Hidratado Saidas M.Ext,flow,Jan (1),0,0,0,0,3125,0,0.0,1345,
state,MT,Hidratado Saidas M.Ext,flow,Jan (2),0,0,-33,0,0,0,785.0,2540,
state,MT,Hidratado Saidas M.Ext,flow,Feb (1),0,0,0,0,0,0,4429.0,0,
state,MT,Hidratado Saidas M.Ext,flow,Feb (2),0,0,0,0,3972,0,416.0,0,
state,MT,Hidratado Saidas M.Ext,flow,Mar (1),0,0,0,0,0,0,0.0,0,
state,MT,Hidratado Saidas M.Ext,flow,Mar (2),0,0,0,0,0,0,0.0,0,
state,MT,Hidratado Saidas Outras,flow,Apr (1),198,130,178,235,216,128,16416.0,9725,17295.0
state,MT,Hidratado Saidas Outras,flow,Apr (2),292,828,271,542,580,239,19097.0,12661,11115.0
state,MT,Hidratado Saidas Outras,flow,May (1),277,158,255,227,696,6444,21912.0,608,13616.0
state,MT,Hidratado Saidas Outras,flow,May (2),357,328,193,312,995,5496,19419.0,1649,12537.0
state,MT,Hidratado Saidas Outras,flow,Jun (1),199,230,267,296,1645,21886,16850.0,500,7858.0
state,MT,Hidratado Saidas Outras,flow,Jun (2),266,288,573,463,543,4934,13699.0,11614,8333.0
state,MT,Hidratado Saidas Outras,flow,Jul (1),207,223,237,580,896,12459,12831.0,32947,10601.0
state,MT,Hidratado Saidas Outras,flow,Jul (2),295,317,285,519,917,11138,12668.0,16973,17373.0
state,MT,Hidratado Saidas Outras,flow,Aug (1),141,164,234,502,853,17008,17109.0,17008,
state,MT,Hidratado Saidas Outras,flow,Aug (2),279,452,475,900,1249,17670,14278.0,14426,
state,MT,Hidratado Saidas Outras,flow,Sep (1),219,161,247,292,386,7732,22783.0,14921,
state,MT,Hidratado Saidas Outras,flow,Sep (2),284,242,515,434,732,7139,8372.0,10886,
state,MT,Hidratado Saidas Outras,flow,Oct (1),220,325,259,632,299,8187,10334.0,8069,
state,MT,Hidratado Saidas Outras,flow,Oct (2),323,705,360,347,3334,6366,9428.0,13653,
state,MT,Hidratado Saidas Outras,flow,Nov (1),209,1516,180,674,520,6689,8025.0,9865,
state,MT,Hidratado Saidas Outras,flow,Nov (2),304,907,426,814,1326,7369,8026.0,13541,
state,MT,Hidratado Saidas Outras,flow,Dec (1),236,602,200,2073,2910,7428,5696.0,16079,
state,MT,Hidratado Saidas Outras,flow,Dec (2),8174,1852,382,221,5646,11741,8892.0,12846,
state,MT,Hidratado Saidas Outras,flow,Jan (1),139,158,163,1067,1847,13918,4836.0,5360,
state,MT,Hidratado Saidas Outras,flow,Jan (2),-4557,319,213,649,7115,8280,1698.0,9031,
state,MT,Hidratado Saidas Outras,flow,Feb (1),177,277,288,283,2509,6409,2506.0,6614,
state,MT,Hidratado Saidas Outras,flow,Feb (2),219,326,205,872,3091,34702,5250.0,12459,
state,MT,Hidratado Saidas Outras,flow,Mar (1),181,191,388,241,7001,14149,6488.0,7931,
state,MT,Hidratado Saidas Outras,flow,Mar (2),9685,362,526,8323,7238,18529,6105.0,10404,
state,PA,Acucar,flow,Apr (1),0,0,0,0,0,0,0.0,0,0.0
state,PA,Acucar,flow,Apr (2),0,0,0,0,0,0,0.0,0,0.0
state,PA,Acucar,flow,May (1),0,0,0,0,0,0,0.0,0,0.0
state,PA,Acucar,flow,May (2),0,0,0,0,1253,223,0.0,0,0.0
state,PA,Acucar,flow,Jun (1),417,2624,2030,1573,2143,5439,4697.0,3317,6771.0
state,PA,Acucar,flow,Jun (2),4023,2796,3845,5249,5023,6938,7448.0,5094,6572.0
state,PA,Acucar,flow,Jul (1),3362,3902,3034,4400,4347,6436,5182.0,6294,6655.0
state,PA,Acucar,flow,Jul (2),3044,4334,4391,6118,5709,7198,7086.0,7450,8161.0
state,PA,Acucar,flow,Aug (1),3387,3793,5232,3852,4138,4168,7910.0,7011,
state,PA,Acucar,flow,Aug (2),3096,5469,5483,5260,5555,6714,6760.0,9905,
state,PA,Acucar,flow,Sep (1),4294,3016,5169,4880,7696,6728,7052.0,7643,
state,PA,Acucar,flow,Sep (2),3462,5012,4663,3589,5428,7174,6277.0,7217,
state,PA,Acucar,flow,Oct (1),4515,4934,5043,5376,5740,7200,5657.0,6445,
state,PA,Acucar,flow,Oct (2),5032,5506,6226,4063,7244,6519,5955.0,8860,
state,PA,Acucar,flow,Nov (1),3962,4773,3191,2111,4228,5689,5052.0,7173,
state,PA,Acucar,flow,Nov (2),3850,4569,1731,2775,1750,3454,5529.0,6740,
state,PA,Acucar,flow,Dec (1),964,4492,870,974,0,0,3310.0,5445,
state,PA,Acucar,flow,Dec (2),2065,389,0,1124,0,0,1202.0,708,
state,PA,Acucar,flow,Jan (1),1536,0,0,228,0,0,0.0,0,
state,PA,Acucar,flow,Jan (2),25,0,0,0,0,0,0.0,0,
state,PA,Acucar,flow,Feb (1),0,0,0,0,0,0,0.0,0,
state,PA,Acucar,flow,Feb (2),0,0,0,0,0,0,0.0,0,
state,PA,Acucar,flow,Mar (1),0,0,0,0,0,0,0.0,0,
state,PA,Acucar,flow,Mar (2),0,0,0,0,0,0,0.0,0,
state,PA,Anidro Entradas,flow,Apr (1),8265,5373,5941,5887,6442,4239,3294.0,6838,5478.0
state,PA,Anidro Entradas,flow,Apr (2),0,0,0,0,0,0,0.0,0,0.0
state,PA,Anidro Entradas,flow,May (1),0,0,0,0,0,0,0.0,0,0.0
state,PA,Anidro Entradas,flow,May (2),0,0,0,0,0,0,0.0,0,0.0
state,PA,Anidro Entradas,flow,Jun (1),0,0,0,0,0,0,0.0,0,0.0
state,PA,Anidro Entradas,flow,Jun (2),0,0,0,0,0,0,0.0,0,0.0
state,PA,Anidro Entradas,flow,Jul (1),0,0,0,0,0,0,0.0,0,0.0
state,PA,Anidro Entradas,flow,Jul (2),0,0,0,0,0,0,0.0,0,0.0
state,PA,Anidro Entradas,flow,Aug (1),0,0,0,0,0,0,0.0,0,
state,PA,Anidro Entradas,flow,Aug (2),0,0,0,0,0,0,0.0,0,
state,PA,Anidro Entradas,flow,Sep (1),0,0,0,0,0,0,0.0,0,
state,PA,Anidro Entradas,flow,Sep (2),0,0,0,0,0,0,0.0,0,
state,PA,Anidro Entradas,flow,Oct (1),0,0,0,0,0,0,0.0,0,
state,PA,Anidro Entradas,flow,Oct (2),0,0,0,0,0,0,0.0,0,
state,PA,Anidro Entradas,flow,Nov (1),0,0,0,0,0,0,0.0,0,
state,PA,Anidro Entradas,flow,Nov (2),0,0,0,0,0,0,0.0,0,
state,PA,Anidro Entradas,flow,Dec (1),0,0,0,0,0,0,0.0,0,
state,PA,Anidro Entradas,flow,Dec (2),0,0,0,0,0,0,0.0,0,
state,PA,Anidro Entradas,flow,Jan (1),0,0,0,153,0,0,0.0,0,
state,PA,Anidro Entradas,flow,Jan (2),0,0,0,0,0,0,0.0,0,
state,PA,Anidro Entradas,flow,Feb (1),0,0,0,0,0,0,0.0,0,
state,PA,Anidro Entradas,flow,Feb (2),0,0,0,0,0,0,0.0,0,
state,PA,Anidro Entradas,flow,Mar (1),0,0,0,0,0,0,0.0,0,
state,PA,Anidro Entradas,flow,Mar (2),0,0,0,0,0,0,0.0,0,
state,PA,Anidro Estoque E.Disp,stock,Apr (1),4719,1741,2804,3106,3155,2018,242.0,2864,2940.0
state,PA,Anidro Estoque E.Disp,stock,Apr (2),1971,1206,1077,1526,2146,887,10.0,1465,2945.0
state,PA,Anidro Estoque E.Disp,stock,May (1),1760,319,506,738,1066,127,10.0,604,2035.0
state,PA,Anidro Estoque E.Disp,stock,May (2),746,319,0,439,1498,753,10.0,262,933.0
state,PA,Anidro Estoque E.Disp,stock,Jun (1),688,59,0,0,1731,1753,10.0,568,100.0
state,PA,Anidro Estoque E.Disp,stock,Jun (2),1347,682,0,2225,3049,3700,1369.0,1958,1074.0
state,PA,Anidro Estoque E.Disp,stock,Jul (1),2022,3071,545,3794,3864,6085,2118.0,2241,1876.0
state,PA,Anidro Estoque E.Disp,stock,Jul (2),2290,4108,2775,5446,5653,8230,3207.0,4051,3263.0
state,PA,Anidro Estoque E.Disp,stock,Aug (1),2050,6474,4684,6943,6789,10033,5082.0,5170,
state,PA,Anidro Estoque E.Disp,stock,Aug (2),4650,8822,6879,8322,9632,13087,7038.0,5448,
state,PA,Anidro Estoque E.Disp,stock,Sep (1),5080,9595,7920,7826,11458,15288,9545.0,5541,
state,PA,Anidro Estoque E.Disp,stock,Sep (2),5520,11662,10269,9991,13706,15257,11291.0,7376,
state,PA,Anidro Estoque E.Disp,stock,Oct (1),6606,11485,12005,11802,15253,14173,12839.0,7497,
state,PA,Anidro Estoque E.Disp,stock,Oct (2),9198,12750,13555,13586,17411,14834,15668.0,9695,
state,PA,Anidro Estoque E.Disp,stock,Nov (1),10955,13970,14968,13883,18464,14834,16161.0,11379,
state,PA,Anidro Estoque E.Disp,stock,Nov (2),12177,15428,15771,14588,18693,14284,16999.0,12527,
state,PA,Anidro Estoque E.Disp,stock,Dec (1),11240,16375,15392,13569,16979,12750,16319.0,12618,
state,PA,Anidro Estoque E.Disp,stock,Dec (2),12720,15876,13807,15584,15130,14870,16387.0,11729,
state,PA,Anidro Estoque E.Disp,stock,Jan (1),11670,13201,12246,14895,13484,16092,15027.0,10195,
state,PA,Anidro Estoque E.Disp,stock,Jan (2),10972,11464,10510,12989,11226,12972,13049.0,8814,
state,PA,Anidro Estoque E.Disp,stock,Feb (1),9983,9450,8477,10964,8751,10545,11034.0,7314,
state,PA,Anidro Estoque E.Disp,stock,Feb (2),7418,7691,7623,9525,7200,6998,8749.0,6605,
state,PA,Anidro Estoque E.Disp,stock,Mar (1),5953,5841,5826,6954,5097,4655,7304.0,4622,
state,PA,Anidro Estoque E.Disp,stock,Mar (2),4236,4193,4432,5225,3339,2627,5988.0,4610,
state,PA,Anidro Estoque E.Fisico,stock,Apr (1),7155,4160,4404,4570,4229,2509,1456.0,3806,4413.0
state,PA,Anidro Estoque E.Fisico,stock,Apr (2),5251,2362,2561,2667,2253,1378,528.0,1660,3730.0
state,PA,Anidro Estoque E.Fisico,stock,May (1),2451,1266,687,1115,1499,530,319.0,736,2415.0
state,PA,Anidro Estoque E.Fisico,stock,May (2),1430,725,0,483,1813,753,334.0,284,1173.0
state,PA,Anidro Estoque E.Fisico,stock,Jun (1),853,1379,668,581,2651,2412,1854.0,1847,1734.0
state,PA,Anidro Estoque E.Fisico,stock,Jun (2),1928,2792,116,3029,3894,4454,2536.0,3320,2073.0
state,PA,Anidro Estoque E.Fisico,stock,Jul (1),2446,4997,1220,4939,5116,6762,3683.0,3067,2794.0
state,PA,Anidro Estoque E.Fisico,stock,Jul (2),3917,5521,2846,6777,6821,9507,3469.0,4804,4263.0
state,PA,Anidro Estoque E.Fisico,stock,Aug (1),4022,7743,5064,8316,7971,11373,5725.0,6605,
state,PA,Anidro Estoque E.Fisico,stock,Aug (2),5285,9552,7052,10110,10132,13981,7449.0,7070,
state,PA,Anidro Estoque E.Fisico,stock,Sep (1),7157,10608,9193,9878,12618,16597,10272.0,6742,
state,PA,Anidro Estoque E.Fisico,stock,Sep (2),8006,12921,11273,12335,14858,16776,11937.0,8457,
state,PA,Anidro Estoque E.Fisico,stock,Oct (1),8842,13090,12948,13299,16787,15848,13788.0,9272,
state,PA,Anidro Estoque E.Fisico,stock,Oct (2),10306,13332,14498,15197,19468,16706,16525.0,10692,
state,PA,Anidro Estoque E.Fisico,stock,Nov (1),12207,15232,15603,15782,21432,17469,17142.0,11879,
state,PA,Anidro Estoque E.Fisico,stock,Nov (2),13693,16204,16508,16420,21130,16923,18163.0,12854,
state,PA,Anidro Estoque E.Fisico,stock,Dec (1),12874,17498,16679,15593,19678,16704,17362.0,14288,
state,PA,Anidro Estoque E.Fisico,stock,Dec (2),14342,17399,15103,17140,17081,18157,17305.0,12708,
state,PA,Anidro Estoque E.Fisico,stock,Jan (1),13188,15376,13628,16193,15795,17726,16030.0,10671,
state,PA,Anidro Estoque E.Fisico,stock,Jan (2),12199,13462,11702,14897,13263,14582,14121.0,9254,
state,PA,Anidro Estoque E.Fisico,stock,Feb (1),10762,11349,10096,13428,11585,11922,12086.0,8206,
state,PA,Anidro Estoque E.Fisico,stock,Feb (2),9169,10065,9422,10739,9039,7921,10207.0,6755,
state,PA,Anidro Estoque E.Fisico,stock,Mar (1),7286,7619,7041,8903,6711,5408,8468.0,5173,
state,PA,Anidro Estoque E.Fisico,stock,Mar (2),5373,5941,5887,6442,4239,3294,6838.0,5478,
state,PA,Anidro Producao,flow,Apr (1),0,0,0,0,0,0,0.0,0,0.0
state,PA,Anidro Producao,flow,Apr (2),0,0,0,0,0,0,0.0,0,789.0
state,PA,Anidro Producao,flow,May (1),0,0,0,0,0,0,0.0,0,521.0
state,PA,Anidro Producao,flow,May (2),0,0,0,0,710,625,59.0,0,0.0
state,PA,Anidro Producao,flow,Jun (1),131,1590,1018,761,1780,2334,2211.0,1907,2160.0
state,PA,Anidro Producao,flow,Jun (2),2341,2765,2136,4131,3527,3379,3063.0,2773,1850.0
state,PA,Anidro Producao,flow,Jul (1),2507,3690,3053,3415,2711,3707,3074.0,1844,2328.0
state,PA,Anidro Producao,flow,Jul (2),2512,3163,3635,3583,3356,3799,2394.0,2925,2849.0
state,PA,Anidro Producao,flow,Aug (1),1859,3774,3802,3104,3079,2983,3541.0,3179,
state,PA,Anidro Producao,flow,Aug (2),3670,3779,3923,3583,4051,4133,3455.0,2808,
state,PA,Anidro Producao,flow,Sep (1),3308,2566,3557,1702,3931,3442,3962.0,2064,
state,PA,Anidro Producao,flow,Sep (2),2342,3911,3673,3772,3883,1061,3456.0,3562,
state,PA,Anidro Producao,flow,Oct (1),2415,2595,3514,3913,3331,119,3406.0,2895,
state,PA,Anidro Producao,flow,Oct (2),4192,2622,3473,3540,4289,2817,4081.0,3767,
state,PA,Anidro Producao,flow,Nov (1),3242,3342,2858,2308,3550,2518,2116.0,2932,
state,PA,Anidro Producao,flow,Nov (2),2717,3805,2640,2556,2102,1540,2642.0,2322,
state,PA,Anidro Producao,flow,Dec (1),788,3795,1394,1084,0,2367,967.0,3385,
state,PA,Anidro Producao,flow,Dec (2),2833,1237,0,3742,0,4438,1771.0,882,
state,PA,Anidro Producao,flow,Jan (1),979,0,0,437,0,3308,435.0,0,
state,PA,Anidro Producao,flow,Jan (2),257,0,0,0,0,0,0.0,727,
state,PA,Anidro Producao,flow,Feb (1),0,0,0,0,0,0,0.0,178,
state,PA,Anidro Producao,flow,Feb (2),0,0,0,0,0,0,0.0,0,
state,PA,Anidro Producao,flow,Mar (1),0,0,0,0,0,0,0.0,194,
state,PA,Anidro Producao,flow,Mar (2),0,0,0,0,0,0,0.0,1056,
state,PA,Anidro Saidas Distrib,flow,Apr (1),1110,813,1537,1317,1841,1672,1838.0,1565,1065.0
state,PA,Anidro Saidas Distrib,flow,Apr (2),1904,1798,1843,1903,1603,1131,928.0,2146,1472.0
state,PA,Anidro Saidas Distrib,flow,May (1),2800,495,1874,1552,694,848,209.0,924,1836.0
state,PA,Anidro Saidas Distrib,flow,May (2),1021,541,165,632,276,402,44.0,452,1097.0
state,PA,Anidro Saidas Distrib,flow,Jun (1),615,936,350,663,942,675,599.0,60,1599.0
state,PA,Anidro Saidas Distrib,flow,Jun (2),892,1352,2688,1683,1943,1337,2381.0,1300,1511.0
state,PA,Anidro Saidas Distrib,flow,Jul (1),1989,1485,1949,1505,1489,1399,1927.0,2097,1607.0
state,PA,Anidro Saidas Distrib,flow,Jul (2),1041,2639,2009,1745,1651,1054,2608.0,1188,1380.0
state,PA,Anidro Saidas Distrib,flow,Aug (1),1754,1552,1584,1565,1929,1117,1285.0,1378,
state,PA,Anidro Saidas Distrib,flow,Aug (2),2407,1970,1935,1789,1890,1525,1731.0,2343,
state,PA,Anidro Saidas Distrib,flow,Sep (1),1436,1510,1416,1934,1445,826,1139.0,2392,
state,PA,Anidro Saidas Distrib,flow,Sep (2),1493,1598,1593,1315,1643,882,1791.0,1847,
state,PA,Anidro Saidas Distrib,flow,Oct (1),1579,2079,1839,2949,1402,1047,1555.0,2080,
state,PA,Anidro Saidas Distrib,flow,Oct (2),2728,2380,1923,1642,1608,1959,1344.0,2347,
state,PA,Anidro Saidas Distrib,flow,Nov (1),1341,1442,1753,1723,1586,1755,1499.0,1745,
state,PA,Anidro Saidas Distrib,flow,Nov (2),1231,2833,1735,1918,2404,2086,1621.0,1347,
state,PA,Anidro Saidas Distrib,flow,Dec (1),1607,2501,1223,1911,1452,2586,1768.0,1951,
state,PA,Anidro Saidas Distrib,flow,Dec (2),1365,1336,1576,2195,2597,2985,1828.0,2462,
state,PA,Anidro Saidas Distrib,flow,Jan (1),2133,2023,1475,1537,1286,3589,1710.0,1907,
state,PA,Anidro Saidas Distrib,flow,Jan (2),1246,1914,1926,1296,2504,2009,1704.0,2144,
state,PA,Anidro Saidas Distrib,flow,Feb (1),1437,2113,1606,1469,1212,2100,2035.0,1171,
state,PA,Anidro Saidas Distrib,flow,Feb (2),1593,1284,674,2689,2080,2789,1879.0,1077,
state,PA,Anidro Saidas Distrib,flow,Mar (1),1283,2446,2381,1836,1856,2210,1600.0,1776,
state,PA,Anidro Saidas Distrib,flow,Mar (2),1313,1678,1154,2461,2337,1914,1630.0,751,
state,PA,Anidro Saidas M.Ext,flow,Apr (1),0,0,0,0,0,0,0.0,0,0.0
state,PA,Anidro Saidas M.Ext,flow,Apr (2),0,0,0,0,0,0,0.0,0,0.0
state,PA,Anidro Saidas M.Ext,flow,May (1),0,0,0,0,0,0,0.0,0,0.0
state,PA,Anidro Saidas M.Ext,flow,May (2),0,0,0,0,0,0,0.0,0,0.0
state,PA,Anidro Saidas M.Ext,flow,Jun (1),0,0,0,0,0,0,0.0,0,0.0
state,PA,Anidro Saidas M.Ext,flow,Jun (2),0,0,0,0,0,0,0.0,0,0.0
state,PA,Anidro Saidas M.Ext,flow,Jul (1),0,0,0,0,0,0,0.0,0,0.0
state,PA,Anidro Saidas M.Ext,flow,Jul (2),0,0,0,0,0,0,0.0,0,0.0
state,PA,Anidro Saidas M.Ext,flow,Aug (1),0,0,0,0,0,0,0.0,0,
state,PA,Anidro Saidas M.Ext,flow,Aug (2),0,0,0,0,0,0,0.0,0,
state,PA,Anidro Saidas M.Ext,flow,Sep (1),0,0,0,0,0,0,0.0,0,
state,PA,Anidro Saidas M.Ext,flow,Sep (2),0,0,0,0,0,0,0.0,0,
state,PA,Anidro Saidas M.Ext,flow,Oct (1),0,0,0,0,0,0,0.0,0,
state,PA,Anidro Saidas M.Ext,flow,Oct (2),0,0,0,0,0,0,0.0,0,
state,PA,Anidro Saidas M.Ext,flow,Nov (1),0,0,0,0,0,0,0.0,0,
state,PA,Anidro Saidas M.Ext,flow,Nov (2),0,0,0,0,0,0,0.0,0,
state,PA,Anidro Saidas M.Ext,flow,Dec (1),0,0,0,0,0,0,0.0,0,
state,PA,Anidro Saidas M.Ext,flow,Dec (2),0,0,0,0,0,0,0.0,0,
state,PA,Anidro Saidas M.Ext,flow,Jan (1),0,0,0,0,0,0,0.0,0,
state,PA,Anidro Saidas M.Ext,flow,Jan (2),0,0,0,0,0,0,0.0,0,
state,PA,Anidro Saidas M.Ext,flow,Feb (1),0,0,0,0,0,0,0.0,0,
state,PA,Anidro Saidas M.Ext,flow,Feb (2),0,0,0,0,0,0,0.0,0,
state,PA,Anidro Saidas M.Ext,flow,Mar (1),0,0,0,0,0,0,0.0,0,
state,PA,Anidro Saidas M.Ext,flow,Mar (2),0,0,0,0,0,0,0.0,0,
state,PA,Anidro Saidas Outras,flow,Apr (1),0,400,0,0,372,58,0.0,1467,0.0
state,PA,Anidro Saidas Outras,flow,Apr (2),0,0,0,0,373,0,0.0,0,0.0
state,PA,Anidro Saidas Outras,flow,May (1),0,601,0,0,60,0,0.0,0,0.0
state,PA,Anidro Saidas Outras,flow,May (2),0,0,522,0,120,0,0.0,0,145.0
state,PA,Anidro Saidas Outras,flow,Jun (1),93,0,0,0,0,0,92.0,284,0.0
state,PA,Anidro Saidas Outras,flow,Jun (2),374,0,0,0,341,0,0.0,0,0.0
state,PA,Anidro Saidas Outras,flow,Jul (1),0,0,0,0,0,0,0.0,0,0.0
state,PA,Anidro Saidas Outras,flow,Jul (2),0,0,0,0,0,0,0.0,0,0.0
state,PA,Anidro Saidas Outras,flow,Aug (1),0,0,0,0,0,0,0.0,0,
state,PA,Anidro Saidas Outras,flow,Aug (2),0,0,0,0,0,0,0.0,0,
state,PA,Anidro Saidas Outras,flow,Sep (1),0,0,0,0,0,0,0.0,0,
state,PA,Anidro Saidas Outras,flow,Sep (2),0,0,0,0,0,0,0.0,0,
state,PA,Anidro Saidas Outras,flow,Oct (1),0,347,0,0,0,0,0.0,0,
state,PA,Anidro Saidas Outras,flow,Oct (2),0,0,0,0,0,0,0.0,0,
state,PA,Anidro Saidas Outras,flow,Nov (1),0,0,0,0,0,0,0.0,0,
state,PA,Anidro Saidas Outras,flow,Nov (2),0,0,0,0,0,0,0.0,0,
state,PA,Anidro Saidas Outras,flow,Dec (1),0,0,0,0,0,0,0.0,0,
state,PA,Anidro Saidas Outras,flow,Dec (2),0,0,0,0,0,0,0.0,0,
state,PA,Anidro Saidas Outras,flow,Jan (1),0,0,0,0,0,150,0.0,130,
state,PA,Anidro Saidas Outras,flow,Jan (2),0,0,0,0,28,1135,205.0,0,
state,PA,Anidro Saidas Outras,flow,Feb (1),0,0,0,0,466,560,0.0,55,
state,PA,Anidro Saidas Outras,flow,Feb (2),0,0,0,0,466,1212,0.0,374,
state,PA,Anidro Saidas Outras,flow,Mar (1),600,0,0,0,472,303,139.0,0,
state,PA,Anidro Saidas Outras,flow,Mar (2),600,0,0,0,135,200,0.0,0,
state,PA,Cana,flow,Apr (1),0,0,0,0,0,0,0.0,0,0.0
state,PA,Cana,flow,Apr (2),0,0,0,0,0,0,0.0,0,0.0
state,PA,Cana,flow,May (1),0,0,0,0,0,0,0.0,0,0.0
state,PA,Cana,flow,May (2),0,5765,0,0,55601,24075,31148.0,14691,0.0
state,PA,Cana,flow,Jun (1),22171,68830,63590,53704,62738,0,81307.0,70417,143823.0
state,PA,Cana,flow,Jun (2),69191,89741,0,0,102864,116864,112053.0,63219,118637.0
state,PA,Cana,flow,Jul (1),94353,99985,74444,206063,102864,112331,91549.0,143273,121310.0
state,PA,Cana,flow,Jul (2),68965,105403,166564,112251,117586,117556,113748.0,126103,125050.0
state,PA,Cana,flow,Aug (1),70450,83398,99279,78675,87631,85333,112486.0,129145,
state,PA,Cana,flow,Aug (2),79458,93964,108330,99364,114909,120077,107871.0,111176,
state,PA,Cana,flow,Sep (1),79158,64539,84031,99364,117053,107162,109385.0,113440,
state,PA,Cana,flow,Sep (2),71545,96643,90656,93280,110103,108508,94935.0,118016,
state,PA,Cana,flow,Oct (1),75404,84455,99372,95650,95441,111555,91848.0,106620,
state,PA,Cana,flow,Oct (2),85353,95574,103796,94430,124253,108132,107197.0,127917,
state,PA,Cana,flow,Nov (1),70428,72991,62847,60886,77788,200191,94455.0,111088,
state,PA,Cana,flow,Nov (2),63625,116036,0,81772,0,64250,94844.0,99246,
state,PA,Cana,flow,Dec (1),28710,94825,83458,22360,0,1,78185.0,94458,
state,PA,Cana,flow,Dec (2),64947,22803,0,0,0,1,22836.0,22247,
state,PA,Cana,flow,Jan (1),51156,0,0,82181,0,0,0.0,0,
state,PA,Cana,flow,Jan (2),4120,0,0,0,0,0,0.0,0,
state,PA,Cana,flow,Feb (1),0,0,0,0,0,0,0.0,0,
state,PA,Cana,flow,Feb (2),0,0,0,0,0,0,0.0,0,
state,PA,Cana,flow,Mar (1),0,0,0,0,0,0,0.0,0,
state,PA,Cana,flow,Mar (2),0,0,0,0,0,0,0.0,0,
state,PA,Etanol Total,flow,Apr (1),0,0,0,0,0,0,0.0,0,2193.0
state,PA,Etanol Total,flow,Apr (2),0,0,0,0,0,0,0.0,0,1285.0
state,PA,Etanol Total,flow,May (1),0,0,0,0,0,0,0.0,0,626.0
state,PA,Etanol Total,flow,May (2),0,0,0,0,2078,1309,1102.0,206,0.0
state,PA,Etanol Total,flow,Jun (1),226,2263,1960,1949,2604,3824,2418.0,2825,4640.0
state,PA,Etanol Total,flow,Jun (2),2686,3921,3019,4750,4307,4391,3873.0,3144,4450.0
state,PA,Etanol Total,flow,Jul (1),2916,4341,3526,4656,3294,4637,3781.0,4019,4487.0
state,PA,Etanol Total,flow,Jul (2),3068,5037,4301,5177,4899,4749,4474.0,4779,4772.0
state,PA,Etanol Total,flow,Aug (1),3343,4442,4382,3683,4124,3770,4390.0,4346,
state,PA,Etanol Total,flow,Aug (2),4141,4624,5118,4562,5060,5662,4506.0,4865,
state,PA,Etanol Total,flow,Sep (1),4190,3159,4181,4248,4848,4769,4947.0,4112,
state,PA,Etanol Total,flow,Sep (2),3741,5013,4767,4558,4872,2420,4308.0,4952,
state,PA,Etanol Total,flow,Oct (1),3939,4607,5153,4462,4310,1344,4740.0,4297,
state,PA,Etanol Total,flow,Oct (2),4496,5100,5395,4348,5299,4147,4872.0,5136,
state,PA,Etanol Total,flow,Nov (1),3538,4740,3330,3295,4144,3608,4891.0,4418,
state,PA,Etanol Total,flow,Nov (2),2820,4895,2684,3713,3133,2820,4054.0,4463,
state,PA,Etanol Total,flow,Dec (1),1171,4720,2584,1513,0,3072,2692.0,4451,
state,PA,Etanol Total,flow,Dec (2),3168,1439,0,3801,0,4438,2751.0,1788,
state,PA,Etanol Total,flow,Jan (1),2290,0,0,437,0,3308,435.0,0,
state,PA,Etanol Total,flow,Jan (2),393,0,0,0,0,0,0.0,2520,
state,PA,Etanol Total,flow,Feb (1),0,0,0,0,0,0,0.0,1398,
state,PA,Etanol Total,flow,Feb (2),0,0,0,0,0,0,0.0,1754,
state,PA,Etanol Total,flow,Mar (1),0,0,0,0,0,0,0.0,2042,
state,PA,Etanol Total,flow,Mar (2),0,0,0,0,0,0,0.0,1732,
state,PA,Hidratado Entradas,flow,Apr (1),810,412,271,155,455,102,82.0,1841,1840.0
state,PA,Hidratado Entradas,flow,Apr (2),0,0,0,0,373,0,0.0,0,0.0
state,PA,Hidratado Entradas,flow,May (1),0,100,0,0,60,0,0.0,0,0.0
state,PA,Hidratado Entradas,flow,May (2),0,0,89,0,120,0,0.0,0,0.0
state,PA,Hidratado Entradas,flow,Jun (1),93,0,0,0,0,0,0.0,0,0.0
state,PA,Hidratado Entradas,flow,Jun (2),0,0,0,0,0,0,0.0,0,0.0
state,PA,Hidratado Entradas,flow,Jul (1),0,0,0,0,0,0,0.0,0,0.0
state,PA,Hidratado Entradas,flow,Jul (2),0,0,0,0,0,0,0.0,0,0.0
state,PA,Hidratado Entradas,flow,Aug (1),0,0,0,0,0,0,0.0,0,
state,PA,Hidratado Entradas,flow,Aug (2),0,0,0,0,0,0,0.0,0,
state,PA,Hidratado Entradas,flow,Sep (1),0,0,0,0,0,0,0.0,0,
state,PA,Hidratado Entradas,flow,Sep (2),0,0,0,0,0,0,0.0,0,
state,PA,Hidratado Entradas,flow,Oct (1),0,347,0,0,0,0,0.0,0,
state,PA,Hidratado Entradas,flow,Oct (2),0,0,0,0,0,0,0.0,0,
state,PA,Hidratado Entradas,flow,Nov (1),0,0,0,0,0,0,0.0,0,
state,PA,Hidratado Entradas,flow,Nov (2),0,0,0,0,0,0,0.0,0,
state,PA,Hidratado Entradas,flow,Dec (1),0,0,0,0,0,0,0.0,0,
state,PA,Hidratado Entradas,flow,Dec (2),0,0,0,0,0,0,0.0,0,
state,PA,Hidratado Entradas,flow,Jan (1),0,0,0,0,0,160,0.0,140,
state,PA,Hidratado Entradas,flow,Jan (2),0,0,0,0,0,1070,0.0,0,
state,PA,Hidratado Entradas,flow,Feb (1),0,0,0,0,500,599,0.0,57,
state,PA,Hidratado Entradas,flow,Feb (2),0,0,0,0,500,1251,0.0,0,
state,PA,Hidratado Entradas,flow,Mar (1),600,0,0,0,472,294,0.0,0,
state,PA,Hidratado Entradas,flow,Mar (2),600,0,0,0,135,149,0.0,0,
state,PA,Hidratado Estoque E.Disp,stock,Apr (1),240,45,64,110,0,40,60.0,559,2503.0
state,PA,Hidratado Estoque E.Disp,stock,Apr (2),217,45,64,110,0,40,60.0,491,1917.0
state,PA,Hidratado Estoque E.Disp,stock,May (1),124,15,3,110,0,40,60.0,209,1680.0
state,PA,Hidratado Estoque E.Disp,stock,May (2),44,15,0,0,1137,689,1103.0,325,778.0
state,PA,Hidratado Estoque E.Disp,stock,Jun (1),95,440,627,594,1259,1319,688.0,734,1854.0
state,PA,Hidratado Estoque E.Disp,stock,Jun (2),5,561,919,321,1110,1595,39.0,315,2258.0
state,PA,Hidratado Estoque E.Disp,stock,Jul (1),0,124,822,875,1144,1715,10.0,178,2625.0
state,PA,Hidratado Estoque E.Disp,stock,Jul (2),0,906,954,1660,1766,1983,727.0,773,2759.0
state,PA,Hidratado Estoque E.Disp,stock,Aug (1),0,962,793,1534,1674,1975,647.0,244,
state,PA,Hidratado Estoque E.Disp,stock,Aug (2),187,1197,1561,1465,2167,2880,1054.0,321,
state,PA,Hidratado Estoque E.Disp,stock,Sep (1),0,1059,1017,3403,1834,2975,1136.0,1077,
state,PA,Hidratado Estoque E.Disp,stock,Sep (2),0,849,1395,3456,1843,2790,1095.0,1484,
state,PA,Hidratado Estoque E.Disp,stock,Oct (1),1358,2210,2183,3372,2001,2936,1826.0,87,
state,PA,Hidratado Estoque E.Disp,stock,Oct (2),1486,3752,3306,3314,2065,3012,1751.0,110,
state,PA,Hidratado Estoque E.Disp,stock,Nov (1),1433,4490,3090,3682,2672,2520,3630.0,300,
state,PA,Hidratado Estoque E.Disp,stock,Nov (2),1186,4732,2607,4138,3037,2849,3992.0,1546,
state,PA,Hidratado Estoque E.Disp,stock,Dec (1),1083,3855,3276,3850,2053,2133,4491.0,85,
state,PA,Hidratado Estoque E.Disp,stock,Dec (2),1008,3351,2389,3245,1043,556,4225.0,107,
state,PA,Hidratado Estoque E.Disp,stock,Jan (1),1158,2729,1878,2157,185,145,2912.0,60,
state,PA,Hidratado Estoque E.Disp,stock,Jan (2),725,1958,1292,1876,185,94,1699.0,895,
state,PA,Hidratado Estoque E.Disp,stock,Feb (1),49,809,748,1138,285,273,1032.0,824,
state,PA,Hidratado Estoque E.Disp,stock,Feb (2),35,263,187,522,285,0,149.0,1491,
state,PA,Hidratado Estoque E.Disp,stock,Mar (1),48,139,157,244,285,0,15.0,2466,
state,PA,Hidratado Estoque E.Disp,stock,Mar (2),10,138,156,0,40,77,15.0,1472,
state,PA,Hidratado Estoque E.Fisico,stock,Apr (1),688,229,226,110,100,42,65.0,1246,2633.0
state,PA,Hidratado Estoque E.Fisico,stock,Apr (2),566,229,122,110,0,42,65.0,890,2013.0
state,PA,Hidratado Estoque E.Fisico,stock,May (1),204,116,18,110,0,42,65.0,451,1727.0
state,PA,Hidratado Estoque E.Fisico,stock,May (2),85,59,0,0,1250,689,1108.0,342,975.0
state,PA,Hidratado Estoque E.Fisico,stock,Jun (1),95,732,883,1128,1791,1721,1135.0,1064,2862.0
state,PA,Hidratado Estoque E.Fisico,stock,Jun (2),264,1367,1277,1212,1794,2081,1067.0,514,3413.0
state,PA,Hidratado Estoque E.Fisico,stock,Jul (1),478,1460,1289,1754,1427,2414,439.0,1099,3976.0
state,PA,Hidratado Estoque E.Fisico,stock,Jul (2),124,1990,1581,2891,2484,2678,1069.0,1341,4276.0
state,PA,Hidratado Estoque E.Fisico,stock,Aug (1),310,1852,1249,2846,2731,2783,1560.0,1052,
state,PA,Hidratado Estoque E.Fisico,stock,Aug (2),214,1529,1805,2959,3089,3437,1602.0,1305,
state,PA,Hidratado Estoque E.Fisico,stock,Sep (1),231,1418,1397,4984,3196,3625,2080.0,1370,
state,PA,Hidratado Estoque E.Fisico,stock,Sep (2),514,1358,1958,4960,3378,3664,2488.0,2005,
state,PA,Hidratado Estoque E.Fisico,stock,Oct (1),1588,2613,3032,4975,3491,3751,3118.0,1470,
state,PA,Hidratado Estoque E.Fisico,stock,Oct (2),1832,4179,4155,4791,3588,3901,2866.0,1300,
state,PA,Hidratado Estoque E.Fisico,stock,Nov (1),2127,4746,3591,5005,3440,3621,4993.0,1284,
state,PA,Hidratado Estoque E.Fisico,stock,Nov (2),1785,4840,3294,5227,3780,3371,5390.0,2468,
state,PA,Hidratado Estoque E.Fisico,stock,Dec (1),1721,4695,3727,4419,3103,2771,6145.0,1824,
state,PA,Hidratado Estoque E.Fisico,stock,Dec (2),1848,4322,2911,3341,2223,1624,5870.0,1102,
state,PA,Hidratado Estoque E.Fisico,stock,Jan (1),2609,3473,2480,2730,1738,499,4720.0,215,
state,PA,Hidratado Estoque E.Fisico,stock,Jan (2),1819,2429,1706,2249,914,647,3016.0,1108,
state,PA,Hidratado Estoque E.Fisico,stock,Feb (1),976,1282,989,1841,469,589,2364.0,1184,
state,PA,Hidratado Estoque E.Fisico,stock,Feb (2),88,825,633,1498,321,70,1430.0,1895,
state,PA,Hidratado Estoque E.Fisico,stock,Mar (1),151,374,157,874,326,81,1216.0,2848,
state,PA,Hidratado Estoque E.Fisico,stock,Mar (2),12,271,155,83,44,82,374.0,1840,
state,PA,Hidratado Producao,flow,Apr (1),0,0,0,0,0,0,0.0,0,2193.0
state,PA,Hidratado Producao,flow,Apr (2),0,0,0,0,0,0,0.0,0,496.0
state,PA,Hidratado Producao,flow,May (1),0,0,0,0,0,0,0.0,0,105.0
state,PA,Hidratado Producao,flow,May (2),0,0,0,0,1368,684,1043.0,206,0.0
state,PA,Hidratado Producao,flow,Jun (1),95,673,942,1188,824,1490,207.0,918,2480.0
state,PA,Hidratado Producao,flow,Jun (2),345,1156,883,619,780,1012,810.0,371,2600.0
state,PA,Hidratado Producao,flow,Jul (1),409,651,473,1241,583,930,707.0,2175,2159.0
state,PA,Hidratado Producao,flow,Jul (2),556,1874,666,1594,1543,950,2080.0,1854,1923.0
state,PA,Hidratado Producao,flow,Aug (1),1484,668,580,579,1045,787,849.0,1167,
state,PA,Hidratado Producao,flow,Aug (2),471,845,1195,979,1009,1529,1051.0,2057,
state,PA,Hidratado Producao,flow,Sep (1),882,593,624,2546,917,1327,985.0,2048,
state,PA,Hidratado Producao,flow,Sep (2),1399,1102,1094,786,989,1359,852.0,1390,
state,PA,Hidratado Producao,flow,Oct (1),1524,2012,1639,549,979,1225,1334.0,1402,
state,PA,Hidratado Producao,flow,Oct (2),304,2478,1922,808,1010,1330,791.0,1369,
state,PA,Hidratado Producao,flow,Nov (1),296,1398,472,987,594,1090,2775.0,1486,
state,PA,Hidratado Producao,flow,Nov (2),103,1090,44,1157,1031,1280,1412.0,2141,
state,PA,Hidratado Producao,flow,Dec (1),383,925,1190,429,0,705,1725.0,1066,
state,PA,Hidratado Producao,flow,Dec (2),335,202,0,59,0,0,980.0,906,
state,PA,Hidratado Producao,flow,Jan (1),1311,0,0,0,0,0,0.0,0,
state,PA,Hidratado Producao,flow,Jan (2),136,0,0,0,0,0,0.0,1793,
state,PA,Hidratado Producao,flow,Feb (1),0,0,0,0,0,0,0.0,1220,
state,PA,Hidratado Producao,flow,Feb (2),0,0,0,0,0,0,0.0,1754,
state,PA,Hidratado Producao,flow,Mar (1),0,0,0,0,0,0,0.0,1848,
state,PA,Hidratado Producao,flow,Mar (2),0,0,0,0,0,0,0.0,676,
state,PA,Hidratado Saidas Distrib,flow,Apr (1),122,183,45,45,355,60,0.0,595,1386.0
state,PA,Hidratado Saidas Distrib,flow,Apr (2),122,0,104,0,473,0,0.0,331,1089.0
state,PA,Hidratado Saidas Distrib,flow,May (1),362,213,104,0,60,0,0.0,419,371.0
state,PA,Hidratado Saidas Distrib,flow,May (2),119,57,104,0,238,0,0.0,298,585.0
state,PA,Hidratado Saidas Distrib,flow,Jun (1),178,0,59,60,283,458,180.0,60,593.0
state,PA,Hidratado Saidas Distrib,flow,Jun (2),176,461,489,535,736,652,878.0,894,2012.0
state,PA,Hidratado Saidas Distrib,flow,Jul (1),195,558,461,699,950,597,1335.0,1574,1575.0
state,PA,Hidratado Saidas Distrib,flow,Jul (2),910,1344,374,457,486,686,1434.0,1582,1600.0
state,PA,Hidratado Saidas Distrib,flow,Aug (1),1298,806,912,624,798,682,358.0,1436,
state,PA,Hidratado Saidas Distrib,flow,Aug (2),567,1168,639,866,651,875,960.0,1778,
state,PA,Hidratado Saidas Distrib,flow,Sep (1),865,704,1032,521,810,1139,507.0,1963,
state,PA,Hidratado Saidas Distrib,flow,Sep (2),1116,1162,533,810,807,1320,444.0,729,
state,PA,Hidratado Saidas Distrib,flow,Oct (1),450,1104,565,534,866,1138,704.0,1914,
state,PA,Hidratado Saidas Distrib,flow,Oct (2),60,912,799,992,913,1180,1004.0,1515,
state,PA,Hidratado Saidas Distrib,flow,Nov (1),1,831,1036,773,742,1370,625.0,1483,
state,PA,Hidratado Saidas Distrib,flow,Nov (2),445,996,341,935,691,1530,1001.0,932,
state,PA,Hidratado Saidas Distrib,flow,Dec (1),447,1070,757,1237,677,1305,961.0,1685,
state,PA,Hidratado Saidas Distrib,flow,Dec (2),208,575,816,1137,880,1147,1255.0,1628,
state,PA,Hidratado Saidas Distrib,flow,Jan (1),550,849,431,358,485,1285,1150.0,1017,
state,PA,Hidratado Saidas Distrib,flow,Jan (2),926,1044,774,481,824,922,1534.0,900,
state,PA,Hidratado Saidas Distrib,flow,Feb (1),843,1147,717,408,945,657,625.0,1191,
state,PA,Hidratado Saidas Distrib,flow,Feb (2),888,457,356,343,648,655,925.0,845,
state,PA,Hidratado Saidas Distrib,flow,Mar (1),537,451,476,624,467,283,149.0,877,
state,PA,Hidratado Saidas Distrib,flow,Mar (2),739,103,1,596,417,119,804.0,1668,
state,PA,Hidratado Saidas M.Ext,flow,Apr (1),0,0,0,0,0,0,0.0,0,0.0
state,PA,Hidratado Saidas M.Ext,flow,Apr (2),0,0,0,0,0,0,0.0,0,0.0
state,PA,Hidratado Saidas M.Ext,flow,May (1),0,0,0,0,0,0,0.0,0,20.0
state,PA,Hidratado Saidas M.Ext,flow,May (2),0,0,0,0,0,0,0.0,0,0.0
state,PA,Hidratado Saidas M.Ext,flow,Jun (1),0,0,0,0,0,0,0.0,0,0.0
state,PA,Hidratado Saidas M.Ext,flow,Jun (2),0,0,0,0,0,0,0.0,0,0.0
state,PA,Hidratado Saidas M.Ext,flow,Jul (1),0,0,0,0,0,0,0.0,0,0.0
state,PA,Hidratado Saidas M.Ext,flow,Jul (2),0,0,0,0,0,0,0.0,0,0.0
state,PA,Hidratado Saidas M.Ext,flow,Aug (1),0,0,0,0,0,0,0.0,0,
state,PA,Hidratado Saidas M.Ext,flow,Aug (2),0,0,0,0,0,0,0.0,0,
state,PA,Hidratado Saidas M.Ext,flow,Sep (1),0,0,0,0,0,0,0.0,0,
state,PA,Hidratado Saidas M.Ext,flow,Sep (2),0,0,0,0,0,0,0.0,0,
state,PA,Hidratado Saidas M.Ext,flow,Oct (1),0,0,0,0,0,0,0.0,0,
state,PA,Hidratado Saidas M.Ext,flow,Oct (2),0,0,0,0,0,0,0.0,0,
state,PA,Hidratado Saidas M.Ext,flow,Nov (1),0,0,0,0,0,0,0.0,0,
state,PA,Hidratado Saidas M.Ext,flow,Nov (2),0,0,0,0,0,0,0.0,0,
state,PA,Hidratado Saidas M.Ext,flow,Dec (1),0,0,0,0,0,0,0.0,0,
state,PA,Hidratado Saidas M.Ext,flow,Dec (2),0,0,0,0,0,0,0.0,0,
state,PA,Hidratado Saidas M.Ext,flow,Jan (1),0,0,0,0,0,0,0.0,0,
state,PA,Hidratado Saidas M.Ext,flow,Jan (2),0,0,0,0,0,0,0.0,0,
state,PA,Hidratado Saidas M.Ext,flow,Feb (1),0,0,0,0,0,0,0.0,0,
state,PA,Hidratado Saidas M.Ext,flow,Feb (2),0,0,0,0,0,0,0.0,0,
state,PA,Hidratado Saidas M.Ext,flow,Mar (1),0,0,0,0,0,0,0.0,0,
state,PA,Hidratado Saidas M.Ext,flow,Mar (2),0,0,0,0,0,0,0.0,0,
state,PA,Hidratado Saidas Outras,flow,Apr (1),0,0,0,0,0,0,17.0,0,14.0
state,PA,Hidratado Saidas Outras,flow,Apr (2),0,0,0,0,0,0,0.0,25,27.0
state,PA,Hidratado Saidas Outras,flow,May (1),0,0,0,0,0,0,0.0,20,0.0
state,PA,Hidratado Saidas Outras,flow,May (2),0,0,3,110,0,37,0.0,17,167.0
state,PA,Hidratado Saidas Outras,flow,Jun (1),0,0,0,0,0,0,0.0,136,0.0
state,PA,Hidratado Saidas Outras,flow,Jun (2),0,60,0,0,41,0,0.0,27,37.0
state,PA,Hidratado Saidas Outras,flow,Jul (1),0,0,0,0,0,0,0.0,16,21.0
state,PA,Hidratado Saidas Outras,flow,Jul (2),0,0,0,0,0,0,16.0,30,23.0
state,PA,Hidratado Saidas Outras,flow,Aug (1),0,0,0,0,0,0,0.0,20,
state,PA,Hidratado Saidas Outras,flow,Aug (2),0,0,0,0,0,0,49.0,26,
state,PA,Hidratado Saidas Outras,flow,Sep (1),0,0,0,0,0,0,0.0,20,
state,PA,Hidratado Saidas Outras,flow,Sep (2),0,0,0,0,0,0,0.0,26,
state,PA,Hidratado Saidas Outras,flow,Oct (1),0,0,0,0,0,0,0.0,23,
state,PA,Hidratado Saidas Outras,flow,Oct (2),0,0,0,0,0,0,39.0,24,
state,PA,Hidratado Saidas Outras,flow,Nov (1),0,0,0,0,0,0,23.0,19,
state,PA,Hidratado Saidas Outras,flow,Nov (2),0,0,0,0,0,0,14.0,25,
state,PA,Hidratado Saidas Outras,flow,Dec (1),0,0,0,0,0,0,9.0,25,
state,PA,Hidratado Saidas Outras,flow,Dec (2),0,0,0,0,0,0,0.0,0,
state,PA,Hidratado Saidas Outras,flow,Jan (1),0,0,0,253,0,0,0.0,10,
state,PA,Hidratado Saidas Outras,flow,Jan (2),0,0,0,0,0,0,170.0,0,
state,PA,Hidratado Saidas Outras,flow,Feb (1),0,0,0,0,0,0,27.0,10,
state,PA,Hidratado Saidas Outras,flow,Feb (2),0,0,0,0,0,1115,9.0,198,
state,PA,Hidratado Saidas Outras,flow,Mar (1),0,0,0,0,0,0,65.0,18,
state,PA,Hidratado Saidas Outras,flow,Mar (2),0,0,1,195,0,29,38.0,16,
state,PB,Acucar,flow,Apr (1),0,0,0,0,0,0,0.0,0,0.0
state,PB,Acucar,flow,Apr (2),0,0,0,0,0,0,0.0,0,0.0
state,PB,Acucar,flow,May (1),0,0,0,0,0,0,0.0,0,0.0
state,PB,Acucar,flow,May (2),0,0,0,0,0,0,0.0,0,0.0
state,PB,Acucar,flow,Jun (1),0,0,0,0,0,0,0.0,0,0.0
state,PB,Acucar,flow,Jun (2),0,0,0,0,0,0,0.0,0,0.0
state,PB,Acucar,flow,Jul (1),0,0,0,0,0,0,0.0,0,0.0
state,PB,Acucar,flow,Jul (2),0,0,0,0,0,3095,0.0,0,0.0
state,PB,Acucar,flow,Aug (1),1747,2067,1884,0,3336,3884,2304.0,8632,
state,PB,Acucar,flow,Aug (2),11995,5380,10498,7534,12638,9925,19094.0,19818,
state,PB,Acucar,flow,Sep (1),9424,9372,11242,10773,11518,13480,17628.0,16695,
state,PB,Acucar,flow,Sep (2),10125,11903,11156,11391,11874,16149,18575.0,21207,
state,PB,Acucar,flow,Oct (1),9769,9973,14449,11980,12552,18985,28417.0,19339,
state,PB,Acucar,flow,Oct (2),12025,11616,14515,12228,13330,19805,31824.0,22742,
state,PB,Acucar,flow,Nov (1),10027,11596,12521,11362,13306,20181,27800.0,19425,
state,PB,Acucar,flow,Nov (2),10777,11390,13074,11150,12216,19495,25836.0,22043,
state,PB,Acucar,flow,Dec (1),11932,12105,13460,10417,12339,18923,26757.0,20624,
state,PB,Acucar,flow,Dec (2),11376,11163,11383,10781,12520,16864,24815.0,13874,
state,PB,Acucar,flow,Jan (1),9730,12824,10652,9676,10969,14033,23178.0,12265,
state,PB,Acucar,flow,Jan (2),3423,12669,10865,9108,9340,14624,17648.0,7030,
state,PB,Acucar,flow,Feb (1),5188,9854,7060,4456,10147,13317,9186.0,4719,
state,PB,Acucar,flow,Feb (2),0,4287,1003,0,8037,7619,11552.0,3870,
state,PB,Acucar,flow,Mar (1),0,2129,0,0,9283,7707,6518.0,3885,
state,PB,Acucar,flow,Mar (2),0,0,40,0,7489,11973,2305.0,618,
state,PB,Anidro Entradas,flow,Apr (1),0,0,1629,0,0,0,2975.0,0,0.0
state,PB,Anidro Entradas,flow,Apr (2),0,0,0,0,0,0,0.0,0,0.0
state,PB,Anidro Entradas,flow,May (1),0,0,0,0,0,0,0.0,0,0.0
state,PB,Anidro Entradas,flow,May (2),0,2094,0,0,0,0,0.0,0,0.0
state,PB,Anidro Entradas,flow,Jun (1),0,-2094,0,0,0,0,0.0,0,0.0
state,PB,Anidro Entradas,flow,Jun (2),0,0,0,0,216,0,0.0,0,0.0
state,PB,Anidro Entradas,flow,Jul (1),0,2094,0,0,0,0,0.0,33,584.0
state,PB,Anidro Entradas,flow,Jul (2),5017,0,68,0,800,1376,0.0,0,0.0
state,PB,Anidro Entradas,flow,Aug (1),0,99,101,0,309,684,0.0,728,
state,PB,Anidro Entradas,flow,Aug (2),45,336,0,89,116,357,1.0,211,
state,PB,Anidro Entradas,flow,Sep (1),0,133,0,2245,0,1542,0.0,22,
state,PB,Anidro Entradas,flow,Sep (2),547,197,0,188,13,309,0.0,509,
state,PB,Anidro Entradas,flow,Oct (1),129,184,0,469,0,1877,0.0,595,
state,PB,Anidro Entradas,flow,Oct (2),286,46,0,569,159,220,1268.0,604,
state,PB,Anidro Entradas,flow,Nov (1),331,587,56,164,0,325,4318.0,2203,
state,PB,Anidro Entradas,flow,Nov (2),310,1437,44,337,61,2745,951.0,999,
state,PB,Anidro Entradas,flow,Dec (1),236,219,0,107,0,1835,0.0,3620,
state,PB,Anidro Entradas,flow,Dec (2),166,92,95,2459,141,347,0.0,3841,
state,PB,Anidro Entradas,flow,Jan (1),46,135,1112,0,964,1859,323.0,1422,
state,PB,Anidro Entradas,flow,Jan (2),0,202,0,0,947,868,1241.0,670,
state,PB,Anidro Entradas,flow,Feb (1),0,44,0,0,689,0,2706.0,1718,
state,PB,Anidro Entradas,flow,Feb (2),7542,0,0,0,0,0,0.0,0,
state,PB,Anidro Entradas,flow,Mar (1),0,0,0,0,0,0,0.0,0,
state,PB,Anidro Entradas,flow,Mar (2),0,24342,672,4,990,0,0.0,4000,
state,PB,Anidro Estoque E.Disp,stock,Apr (1),0,0,0,0,0,0,0.0,0,0.0
state,PB,Anidro Estoque E.Disp,stock,Apr (2),0,0,0,0,0,0,0.0,0,0.0
state,PB,Anidro Estoque E.Disp,stock,May (1),0,0,0,0,0,0,0.0,0,0.0
state,PB,Anidro Estoque E.Disp,stock,May (2),0,0,0,0,0,0,0.0,0,0.0
state,PB,Anidro Estoque E.Disp,stock,Jun (1),0,0,0,0,0,0,0.0,0,0.0
state,PB,Anidro Estoque E.Disp,stock,Jun (2),0,0,0,0,0,0,0.0,0,0.0
state,PB,Anidro Estoque E.Disp,stock,Jul (1),0,0,0,0,0,0,0.0,0,0.0
state,PB,Anidro Estoque E.Disp,stock,Jul (2),0,0,1313,0,0,1294,597.0,33,471.0
state,PB,Anidro Estoque E.Disp,stock,Aug (1),5152,2383,3670,1899,3213,6904,1551.0,2280,
state,PB,Anidro Estoque E.Disp,stock,Aug (2),8036,5025,5949,8877,15737,10792,4034.0,3060,
state,PB,Anidro Estoque E.Disp,stock,Sep (1),9331,6626,9630,13892,22504,16976,8508.0,3705,
state,PB,Anidro Estoque E.Disp,stock,Sep (2),7918,9399,10241,21438,21706,20770,9890.0,7422,
state,PB,Anidro Estoque E.Disp,stock,Oct (1),6876,11239,13352,23734,27686,28512,9915.0,7476,
state,PB,Anidro Estoque E.Disp,stock,Oct (2),9527,17211,14828,30632,31673,34206,17644.0,8055,
state,PB,Anidro Estoque E.Disp,stock,Nov (1),10602,15689,16892,39527,37802,40362,17815.0,16541,
state,PB,Anidro Estoque E.Disp,stock,Nov (2),11737,11486,19427,50537,36649,46377,21695.0,20279,
state,PB,Anidro Estoque E.Disp,stock,Dec (1),15158,10971,23824,57674,36586,47770,26713.0,31240,
state,PB,Anidro Estoque E.Disp,stock,Dec (2),20411,14866,27407,63165,42870,43421,30923.0,46610,
state,PB,Anidro Estoque E.Disp,stock,Jan (1),20897,15152,30204,65957,42615,41459,54445.0,52916,
state,PB,Anidro Estoque E.Disp,stock,Jan (2),14722,23888,27145,66156,48657,41669,57755.0,65499,
state,PB,Anidro Estoque E.Disp,stock,Feb (1),13462,19887,22571,58568,56822,41617,65042.0,66196,
state,PB,Anidro Estoque E.Disp,stock,Feb (2),7564,18463,20102,54455,58306,39636,61387.0,64079,
state,PB,Anidro Estoque E.Disp,stock,Mar (1),5311,16538,19134,50645,53810,35824,56146.0,59358,
state,PB,Anidro Estoque E.Disp,stock,Mar (2),0,679,0,283,1317,1994,761.0,691,
state,PB,Anidro Estoque E.Fisico,stock,Apr (1),0,0,1629,0,0,0,2975.0,0,0.0
state,PB,Anidro Estoque E.Fisico,stock,Apr (2),0,0,1629,0,0,0,2975.0,0,0.0
state,PB,Anidro Estoque E.Fisico,stock,May (1),0,0,1629,0,0,0,2975.0,0,0.0
state,PB,Anidro Estoque E.Fisico,stock,May (2),0,2094,1629,0,0,0,2975.0,0,0.0
state,PB,Anidro Estoque E.Fisico,stock,Jun (1),0,0,1629,0,0,0,2975.0,0,0.0
state,PB,Anidro Estoque E.Fisico,stock,Jun (2),0,0,1629,0,216,0,2975.0,0,0.0
state,PB,Anidro Estoque E.Fisico,stock,Jul (1),0,1318,1629,0,216,0,2975.0,33,584.0
state,PB,Anidro Estoque E.Fisico,stock,Jul (2),5522,1049,2318,0,3450,1321,2532.0,33,471.0
state,PB,Anidro Estoque E.Fisico,stock,Aug (1),6504,2751,4939,1899,6663,6931,6083.0,2280,
state,PB,Anidro Estoque E.Fisico,stock,Aug (2),10450,5630,10052,10695,25461,13241,12367.0,3667,
state,PB,Anidro Estoque E.Fisico,stock,Sep (1),13923,9187,14101,18723,34848,18793,16022.0,5014,
state,PB,Anidro Estoque E.Fisico,stock,Sep (2),10877,11274,16393,27315,34172,21716,19237.0,8636,
state,PB,Anidro Estoque E.Fisico,stock,Oct (1),11563,16341,21171,34045,40633,31993,17982.0,13341,
state,PB,Anidro Estoque E.Fisico,stock,Oct (2),14045,21851,25098,45545,42968,40605,25491.0,12997,
state,PB,Anidro Estoque E.Fisico,stock,Nov (1),15812,22060,24344,56339,45669,49980,34925.0,22141,
state,PB,Anidro Estoque E.Fisico,stock,Nov (2),19115,19916,29144,66042,42059,59759,37498.0,25233,
state,PB,Anidro Estoque E.Fisico,stock,Dec (1),22647,21556,34489,75026,40956,65395,45354.0,33118,
state,PB,Anidro Estoque E.Fisico,stock,Dec (2),24868,26071,40876,81713,53119,62583,51687.0,47347,
state,PB,Anidro Estoque E.Fisico,stock,Jan (1),24432,23226,42269,86509,56192,59199,55822.0,54650,
state,PB,Anidro Estoque E.Fisico,stock,Jan (2),19416,29659,38819,85757,59586,61253,59477.0,66754,
state,PB,Anidro Estoque E.Fisico,stock,Feb (1),21353,27516,38580,80157,71863,62710,66935.0,69970,
state,PB,Anidro Estoque E.Fisico,stock,Feb (2),18349,27802,36538,75872,73941,62274,63243.0,66888,
state,PB,Anidro Estoque E.Fisico,stock,Mar (1),18207,27235,37018,72637,72478,55625,56690.0,61314,
state,PB,Anidro Estoque E.Fisico,stock,Mar (2),2094,1629,2604,1083,2797,2976,761.0,698,
state,PB,Anidro Producao,flow,Apr (1),0,0,0,0,0,0,0.0,0,0.0
state,PB,Anidro Producao,flow,Apr (2),0,0,0,0,0,0,0.0,0,0.0
state,PB,Anidro Producao,flow,May (1),0,0,0,0,0,0,0.0,0,0.0
state,PB,Anidro Producao,flow,May (2),0,0,0,0,0,0,0.0,0,0.0
state,PB,Anidro Producao,flow,Jun (1),0,0,0,0,0,0,0.0,0,0.0
state,PB,Anidro Producao,flow,Jun (2),0,0,0,0,0,0,0.0,0,0.0
state,PB,Anidro Producao,flow,Jul (1),0,0,0,0,0,0,0.0,0,0.0
state,PB,Anidro Producao,flow,Jul (2),1127,2092,1037,0,3256,627,0.0,0,0.0
state,PB,Anidro Producao,flow,Aug (1),4491,6740,8535,1899,4589,6968,4244.0,2516,
state,PB,Anidro Producao,flow,Aug (2),10920,11376,13604,12732,26585,14343,10959.0,6595,
state,PB,Anidro Producao,flow,Sep (1),11280,11406,13085,19269,20710,12871,8614.0,10029,
state,PB,Anidro Producao,flow,Sep (2),11243,11045,12100,21693,19939,13204,10789.0,12537,
state,PB,Anidro Producao,flow,Oct (1),14945,14935,15189,22830,20735,28788,7628.0,12526,
state,PB,Anidro Producao,flow,Oct (2),16773,19066,17025,23543,19989,19776,13504.0,10523,
state,PB,Anidro Producao,flow,Nov (1),9969,18301,12791,22337,17885,18376,13829.0,17006,
state,PB,Anidro Producao,flow,Nov (2),15332,19324,17781,21597,19048,15562,16634.0,12615,
state,PB,Anidro Producao,flow,Dec (1),11396,19355,18042,20344,16978,11684,16902.0,18487,
state,PB,Anidro Producao,flow,Dec (2),13675,19622,16896,17417,30431,15956,16350.0,18246,
state,PB,Anidro Producao,flow,Jan (1),7550,12342,7514,12332,16750,10190,14484.0,18010,
state,PB,Anidro Producao,flow,Jan (2),5569,18312,10067,11888,21809,19201,7791.0,21300,
state,PB,Anidro Producao,flow,Feb (1),4599,4430,4915,5370,22367,6556,8787.0,7052,
state,PB,Anidro Producao,flow,Feb (2),3740,3294,3787,0,7779,6126,4626.0,4985,
state,PB,Anidro Producao,flow,Mar (1),4890,3294,5068,1586,13182,4128,33.0,5911,
state,PB,Anidro Producao,flow,Mar (2),5163,10060,15665,0,28896,7182,6412.0,1846,
state,PB,Anidro Saidas Distrib,flow,Apr (1),0,0,0,0,0,0,0.0,0,0.0
state,PB,Anidro Saidas Distrib,flow,Apr (2),0,0,0,0,0,0,0.0,0,0.0
state,PB,Anidro Saidas Distrib,flow,May (1),0,0,0,0,0,0,0.0,0,0.0
state,PB,Anidro Saidas Distrib,flow,May (2),0,0,0,0,0,0,0.0,0,0.0
state,PB,Anidro Saidas Distrib,flow,Jun (1),0,0,0,0,0,0,0.0,0,0.0
state,PB,Anidro Saidas Distrib,flow,Jun (2),0,0,0,0,0,0,0.0,0,0.0
state,PB,Anidro Saidas Distrib,flow,Jul (1),0,776,0,0,0,0,0.0,0,0.0
state,PB,Anidro Saidas Distrib,flow,Jul (2),607,1341,416,0,805,682,401.0,0,91.0
state,PB,Anidro Saidas Distrib,flow,Aug (1),3417,4431,5874,0,1683,2035,543.0,850,
state,PB,Anidro Saidas Distrib,flow,Aug (2),6796,8530,8480,3993,7821,8359,4491.0,5272,
state,PB,Anidro Saidas Distrib,flow,Sep (1),7750,7767,9019,13360,11245,7270,4937.0,8654,
state,PB,Anidro Saidas Distrib,flow,Sep (2),14781,8845,9678,13060,20465,8905,7376.0,9200,
state,PB,Anidro Saidas Distrib,flow,Oct (1),14358,9666,10325,16412,14116,20108,8746.0,8311,
state,PB,Anidro Saidas Distrib,flow,Oct (2),14455,13233,12999,12465,17700,11202,7104.0,11229,
state,PB,Anidro Saidas Distrib,flow,Nov (1),8450,18260,13429,11601,15124,9242,8514.0,9936,
state,PB,Anidro Saidas Distrib,flow,Nov (2),12239,22689,12898,12108,22531,8330,14648.0,10205,
state,PB,Anidro Saidas Distrib,flow,Dec (1),8013,17701,12585,11249,17991,7802,8964.0,14070,
state,PB,Anidro Saidas Distrib,flow,Dec (2),11527,14808,10493,12921,17281,17650,9667.0,7581,
state,PB,Anidro Saidas Distrib,flow,Jan (1),8000,14875,7161,7310,14530,15300,10539.0,11937,
state,PB,Anidro Saidas Distrib,flow,Jan (2),9263,11664,13372,12487,19197,17783,5224.0,9592,
state,PB,Anidro Saidas Distrib,flow,Feb (1),2558,2617,4406,7952,10520,4966,3902.0,4892,
state,PB,Anidro Saidas Distrib,flow,Feb (2),10015,2332,5742,1505,5611,5198,5908.0,5980,
state,PB,Anidro Saidas Distrib,flow,Mar (1),3028,3003,4532,4480,14408,9159,3621.0,7477,
state,PB,Anidro Saidas Distrib,flow,Mar (2),9131,63330,54564,39732,143973,71949,55777.0,44255,
state,PB,Anidro Saidas M.Ext,flow,Apr (1),0,0,0,0,0,0,0.0,0,0.0
state,PB,Anidro Saidas M.Ext,flow,Apr (2),0,0,0,0,0,0,0.0,0,0.0
state,PB,Anidro Saidas M.Ext,flow,May (1),0,0,0,0,0,0,0.0,0,0.0
state,PB,Anidro Saidas M.Ext,flow,May (2),0,0,0,0,0,0,0.0,0,0.0
state,PB,Anidro Saidas M.Ext,flow,Jun (1),0,0,0,0,0,0,0.0,0,0.0
state,PB,Anidro Saidas M.Ext,flow,Jun (2),0,0,0,0,0,0,0.0,0,0.0
state,PB,Anidro Saidas M.Ext,flow,Jul (1),0,0,0,0,0,0,0.0,0,0.0
state,PB,Anidro Saidas M.Ext,flow,Jul (2),0,0,0,0,0,0,0.0,0,0.0
state,PB,Anidro Saidas M.Ext,flow,Aug (1),0,0,0,0,0,0,0.0,0,
state,PB,Anidro Saidas M.Ext,flow,Aug (2),0,0,0,0,0,0,0.0,0,
state,PB,Anidro Saidas M.Ext,flow,Sep (1),0,0,0,0,0,0,0.0,0,
state,PB,Anidro Saidas M.Ext,flow,Sep (2),0,0,0,0,0,0,0.0,0,
state,PB,Anidro Saidas M.Ext,flow,Oct (1),0,0,0,0,0,0,0.0,0,
state,PB,Anidro Saidas M.Ext,flow,Oct (2),0,0,0,0,0,0,0.0,0,
state,PB,Anidro Saidas M.Ext,flow,Nov (1),0,0,0,0,0,0,0.0,0,
state,PB,Anidro Saidas M.Ext,flow,Nov (2),0,0,0,0,0,0,0.0,0,
state,PB,Anidro Saidas M.Ext,flow,Dec (1),0,0,0,0,0,0,0.0,0,
state,PB,Anidro Saidas M.Ext,flow,Dec (2),0,0,0,0,0,0,0.0,0,
state,PB,Anidro Saidas M.Ext,flow,Jan (1),0,0,0,0,0,0,0.0,0,
state,PB,Anidro Saidas M.Ext,flow,Jan (2),0,0,0,0,0,0,0.0,0,
state,PB,Anidro Saidas M.Ext,flow,Feb (1),0,0,0,0,0,0,0.0,0,
state,PB,Anidro Saidas M.Ext,flow,Feb (2),0,0,0,0,20,0,0.0,0,
state,PB,Anidro Saidas M.Ext,flow,Mar (1),0,0,0,0,-20,0,0.0,0,
state,PB,Anidro Saidas M.Ext,flow,Mar (2),0,0,0,9,127,39,0.0,0,
state,PB,Anidro Saidas Outras,flow,Apr (1),0,0,0,0,0,0,0.0,0,0.0
state,PB,Anidro Saidas Outras,flow,Apr (2),0,0,0,0,0,0,0.0,0,0.0
state,PB,Anidro Saidas Outras,flow,May (1),0,0,0,0,0,0,0.0,0,0.0
state,PB,Anidro Saidas Outras,flow,May (2),0,0,0,0,0,0,0.0,0,0.0
state,PB,Anidro Saidas Outras,flow,Jun (1),0,0,0,0,0,0,0.0,0,0.0
state,PB,Anidro Saidas Outras,flow,Jun (2),0,0,0,0,0,0,0.0,0,0.0
state,PB,Anidro Saidas Outras,flow,Jul (1),0,0,0,0,0,0,0.0,0,0.0
state,PB,Anidro Saidas Outras,flow,Jul (2),15,1020,0,0,17,0,42.0,0,22.0
state,PB,Anidro Saidas Outras,flow,Aug (1),92,706,141,0,2,7,150.0,147,
state,PB,Anidro Saidas Outras,flow,Aug (2),223,303,11,32,82,31,185.0,147,
state,PB,Anidro Saidas Outras,flow,Sep (1),57,215,17,126,78,1591,22.0,50,
state,PB,Anidro Saidas Outras,flow,Sep (2),55,310,130,229,163,1685,198.0,224,
state,PB,Anidro Saidas Outras,flow,Oct (1),30,386,86,157,158,280,137.0,105,
state,PB,Anidro Saidas Outras,flow,Oct (2),122,369,99,147,113,182,159.0,242,
state,PB,Anidro Saidas Outras,flow,Nov (1),83,419,172,106,60,84,199.0,129,
state,PB,Anidro Saidas Outras,flow,Nov (2),100,216,127,123,188,198,364.0,317,
state,PB,Anidro Saidas Outras,flow,Dec (1),87,233,112,218,90,81,82.0,152,
state,PB,Anidro Saidas Outras,flow,Dec (2),93,391,111,268,1128,1465,350.0,277,
state,PB,Anidro Saidas Outras,flow,Jan (1),32,447,72,226,111,133,133.0,192,
state,PB,Anidro Saidas Outras,flow,Jan (2),1322,417,145,153,165,232,153.0,274,
state,PB,Anidro Saidas Outras,flow,Feb (1),104,4000,748,3018,259,133,133.0,662,
state,PB,Anidro Saidas Outras,flow,Feb (2),4271,676,87,2780,70,1364,2410.0,2087,
state,PB,Anidro Saidas Outras,flow,Mar (1),2004,858,56,341,257,1618,2965.0,4008,
state,PB,Anidro Saidas Outras,flow,Mar (2),12145,23456,22170,31817,8988,29869,53018.0,22207,
state,PB,Cana,flow,Apr (1),0,0,0,0,0,0,0.0,0,0.0
state,PB,Cana,flow,Apr (2),0,0,0,0,0,0,0.0,0,0.0
state,PB,Cana,flow,May (1),0,0,0,0,0,0,0.0,0,0.0
state,PB,Cana,flow,May (2),0,0,0,0,0,0,0.0,0,0.0
state,PB,Cana,flow,Jun (1),0,0,0,0,0,0,0.0,0,0.0
state,PB,Cana,flow,Jun (2),0,0,0,0,0,0,0.0,0,0.0
state,PB,Cana,flow,Jul (1),0,24560,0,0,0,0,0.0,0,0.0
state,PB,Cana,flow,Jul (2),65469,80919,74920,0,73224,125646,48032.0,34972,45327.0
state,PB,Cana,flow,Aug (1),244109,298533,301246,137878,248134,245095,249976.0,291212,
state,PB,Cana,flow,Aug (2),536316,462149,532111,459590,635539,436766,713155.0,532378,
state,PB,Cana,flow,Sep (1),477596,499252,496788,523891,524817,454748,553957.0,525103,
state,PB,Cana,flow,Sep (2),497861,531540,515704,528352,542952,448657,480301.0,570429,
state,PB,Cana,flow,Oct (1),451291,513232,528843,534981,522656,703766,460199.0,567008,
state,PB,Cana,flow,Oct (2),581438,550917,565644,575055,559193,585180,770184.0,580296,
state,PB,Cana,flow,Nov (1),491933,503535,528705,502447,506097,527505,530192.0,539851,
state,PB,Cana,flow,Nov (2),488393,490400,514157,529209,519565,501382,521395.0,542772,
state,PB,Cana,flow,Dec (1),474214,489072,506205,477929,448837,464512,519412.0,523354,
state,PB,Cana,flow,Dec (2),463482,480159,471439,420293,577037,559641,495456.0,457121,
state,PB,Cana,flow,Jan (1),347921,509404,342599,330663,414912,418655,475291.0,461744,
state,PB,Cana,flow,Jan (2),131039,437838,398295,333794,475204,483531,442612.0,480545,
state,PB,Cana,flow,Feb (1),128238,324856,196863,136616,442332,300670,352685.0,248554,
state,PB,Cana,flow,Feb (2),63124,136337,68757,0,265171,227958,277394.0,157030,
state,PB,Cana,flow,Mar (1),72276,102021,70030,118597,350894,233384,183134.0,159393,
state,PB,Cana,flow,Mar (2),82509,177862,440911,141714,884459,872793,426449.0,260447,
state,PB,Etanol Total,flow,Apr (1),0,0,0,0,0,0,0.0,0,0.0
state,PB,Etanol Total,flow,Apr (2),0,0,0,0,0,0,0.0,0,0.0
state,PB,Etanol Total,flow,May (1),0,0,0,0,0,0,0.0,0,0.0
state,PB,Etanol Total,flow,May (2),0,0,0,0,0,0,0.0,0,0.0
state,PB,Etanol Total,flow,Jun (1),0,0,0,0,0,0,0.0,0,0.0
state,PB,Etanol Total,flow,Jun (2),0,0,0,0,0,0,0.0,0,0.0
state,PB,Etanol Total,flow,Jul (1),0,1401,0,0,0,0,0.0,0,0.0
state,PB,Etanol Total,flow,Jul (2),4386,5162,4317,0,4143,4920,2993.0,2276,2756.0
state,PB,Etanol Total,flow,Aug (1),17115,16645,18085,8072,13619,12678,20473.0,13096,
state,PB,Etanol Total,flow,Aug (2),32535,30062,30604,24290,35426,21488,31146.0,22805,
state,PB,Etanol Total,flow,Sep (1),32727,32324,30739,28780,31057,21665,32000.0,24494,
state,PB,Etanol Total,flow,Sep (2),35589,31649,34391,32183,34575,22390,32622.0,28436,
state,PB,Etanol Total,flow,Oct (1),31788,35091,34867,33980,33682,43229,27994.0,28650,
state,PB,Etanol Total,flow,Oct (2),41857,37213,37815,38235,37608,30682,29240.0,30912,
state,PB,Etanol Total,flow,Nov (1),37237,35765,35601,36279,35119,31690,27800.0,30149,
state,PB,Etanol Total,flow,Nov (2),35492,35441,34104,36591,35206,30381,27448.0,29692,
state,PB,Etanol Total,flow,Dec (1),33507,36913,33768,33704,27944,25889,25577.0,30606,
state,PB,Etanol Total,flow,Dec (2),30698,36699,33215,24924,41250,31980,24780.0,31500,
state,PB,Etanol Total,flow,Jan (1),21803,34836,21119,18234,24693,21514,22791.0,31745,
state,PB,Etanol Total,flow,Jan (2),7218,29309,25607,17494,30761,26410,22872.0,34762,
state,PB,Etanol Total,flow,Feb (1),5102,19058,11023,6905,27349,11690,19325.0,17583,
state,PB,Etanol Total,flow,Feb (2),4615,6825,4750,0,12516,9483,11632.0,8739,
state,PB,Etanol Total,flow,Mar (1),5126,5648,5365,9459,19322,9566,9075.0,7644,
state,PB,Etanol Total,flow,Mar (2),5775,12692,33172,9503,57953,35996,43898.0,17686,
state,PB,Hidratado Entradas,flow,Apr (1),0,0,10757,0,0,0,3958.0,0,0.0
state,PB,Hidratado Entradas,flow,Apr (2),0,0,0,0,0,0,0.0,0,0.0
state,PB,Hidratado Entradas,flow,May (1),0,0,0,0,0,0,0.0,0,0.0
state,PB,Hidratado Entradas,flow,May (2),0,1142,0,0,0,0,0.0,0,0.0
state,PB,Hidratado Entradas,flow,Jun (1),0,-1142,0,0,0,0,0.0,0,0.0
state,PB,Hidratado Entradas,flow,Jun (2),0,0,0,0,6,0,0.0,0,0.0
state,PB,Hidratado Entradas,flow,Jul (1),0,1039,0,0,0,0,0.0,0,491.0
state,PB,Hidratado Entradas,flow,Jul (2),3056,949,909,20,885,3108,155.0,0,0.0
state,PB,Hidratado Entradas,flow,Aug (1),0,600,691,1311,3822,198,710.0,2778,
state,PB,Hidratado Entradas,flow,Aug (2),0,42,0,658,843,236,662.0,811,
state,PB,Hidratado Entradas,flow,Sep (1),0,22,570,5267,558,1714,516.0,630,
state,PB,Hidratado Entradas,flow,Sep (2),193,266,465,734,247,1961,394.0,1656,
state,PB,Hidratado Entradas,flow,Oct (1),0,550,755,1039,590,1191,322.0,891,
state,PB,Hidratado Entradas,flow,Oct (2),33,511,105,1107,526,844,1423.0,272,
state,PB,Hidratado Entradas,flow,Nov (1),0,470,554,559,216,266,1050.0,135,
state,PB,Hidratado Entradas,flow,Nov (2),61,89,505,403,131,308,908.0,410,
state,PB,Hidratado Entradas,flow,Dec (1),0,478,108,515,507,105,959.0,231,
state,PB,Hidratado Entradas,flow,Dec (2),0,102,289,46,1039,1359,640.0,322,
state,PB,Hidratado Entradas,flow,Jan (1),0,0,3279,0,338,322,892.0,276,
state,PB,Hidratado Entradas,flow,Jan (2),1086,0,83,0,298,123,1084.0,197,
state,PB,Hidratado Entradas,flow,Feb (1),0,3804,1050,3306,239,125,1681.0,518,
state,PB,Hidratado Entradas,flow,Feb (2),4381,510,25,2830,112,1258,3124.0,2022,
state,PB,Hidratado Entradas,flow,Mar (1),2076,1073,467,300,129,1700,3005.0,4091,
state,PB,Hidratado Entradas,flow,Mar (2),12685,22773,27819,41388,16475,30133,61636.0,25508,
state,PB,Hidratado Estoque E.Disp,stock,Apr (1),0,0,0,0,0,0,0.0,0,0.0
state,PB,Hidratado Estoque E.Disp,stock,Apr (2),0,0,0,0,0,0,0.0,0,0.0
state,PB,Hidratado Estoque E.Disp,stock,May (1),0,0,0,0,0,0,0.0,0,0.0
state,PB,Hidratado Estoque E.Disp,stock,May (2),0,0,0,0,0,0,0.0,0,0.0
state,PB,Hidratado Estoque E.Disp,stock,Jun (1),0,0,0,0,0,0,0.0,0,0.0
state,PB,Hidratado Estoque E.Disp,stock,Jun (2),0,0,0,0,0,0,0.0,0,0.0
state,PB,Hidratado Estoque E.Disp,stock,Jul (1),0,0,0,0,0,0,0.0,0,0.0
state,PB,Hidratado Estoque E.Disp,stock,Jul (2),0,0,9217,0,430,4693,4795.0,2276,3145.0
state,PB,Hidratado Estoque E.Disp,stock,Aug (1),6223,4145,11351,4837,8880,6931,13809.0,10347,
state,PB,Hidratado Estoque E.Disp,stock,Aug (2),14063,12074,15474,10148,12110,7278,19648.0,16943,
state,PB,Hidratado Estoque E.Disp,stock,Sep (1),19342,22769,16526,15532,15863,7778,29343.0,18502,
state,PB,Hidratado Estoque E.Disp,stock,Sep (2),25018,34988,22300,17332,22404,8928,40329.0,20396,
state,PB,Hidratado Estoque E.Disp,stock,Oct (1),26929,42942,27070,20747,25770,9492,42286.0,24777,
state,PB,Hidratado Estoque E.Disp,stock,Oct (2),31677,48990,35019,26184,27836,10322,46876.0,26507,
state,PB,Hidratado Estoque E.Disp,stock,Nov (1),35051,51037,40894,32150,32478,13601,43925.0,28220,
state,PB,Hidratado Estoque E.Disp,stock,Nov (2),35983,53648,41023,32221,34229,17658,41908.0,33327,
state,PB,Hidratado Estoque E.Disp,stock,Dec (1),38493,56997,45631,33899,37213,19809,42888.0,32502,
state,PB,Hidratado Estoque E.Disp,stock,Dec (2),42101,56463,43146,30808,46794,24014,42893.0,29251,
state,PB,Hidratado Estoque E.Disp,stock,Jan (1),37121,51337,42866,28257,49173,22938,43101.0,27698,
state,PB,Hidratado Estoque E.Disp,stock,Jan (2),26209,52805,46112,27168,35751,21470,44805.0,29528,
state,PB,Hidratado Estoque E.Disp,stock,Feb (1),23485,51716,38510,25403,35155,17829,43545.0,29064,
state,PB,Hidratado Estoque E.Disp,stock,Feb (2),19764,48149,32748,26349,36424,17593,41745.0,26328,
state,PB,Hidratado Estoque E.Disp,stock,Mar (1),16942,41272,26034,22196,36732,17749,42479.0,24044,
state,PB,Hidratado Estoque E.Disp,stock,Mar (2),103,9834,405,2528,2576,3261,1797.0,3154,
state,PB,Hidratado Estoque E.Fisico,stock,Apr (1),0,0,10757,0,0,0,3958.0,0,0.0
state,PB,Hidratado Estoque E.Fisico,stock,Apr (2),0,0,10757,0,0,0,3958.0,0,0.0
state,PB,Hidratado Estoque E.Fisico,stock,May (1),0,0,10757,0,0,0,3958.0,0,0.0
state,PB,Hidratado Estoque E.Fisico,stock,May (2),0,1142,10757,0,0,0,3958.0,0,0.0
state,PB,Hidratado Estoque E.Fisico,stock,Jun (1),0,0,10757,0,0,0,3958.0,0,0.0
state,PB,Hidratado Estoque E.Fisico,stock,Jun (2),0,0,10757,0,6,0,3958.0,0,0.0
state,PB,Hidratado Estoque E.Fisico,stock,Jul (1),0,1298,10757,0,6,0,3958.0,0,491.0
state,PB,Hidratado Estoque E.Fisico,stock,Jul (2),3640,1833,11188,20,1705,4693,5593.0,2276,3145.0
state,PB,Hidratado Estoque E.Fisico,stock,Aug (1),7917,6066,12812,4837,10155,7023,16357.0,10597,
state,PB,Hidratado Estoque E.Fisico,stock,Aug (2),16464,14455,19164,11880,12791,7366,23099.0,17361,
state,PB,Hidratado Estoque E.Fisico,stock,Sep (1),24324,25890,20031,16575,16514,8460,36361.0,19432,
state,PB,Hidratado Estoque E.Fisico,stock,Sep (2),32821,38051,25590,18564,23417,11948,46176.0,24136,
state,PB,Hidratado Estoque E.Fisico,stock,Oct (1),32804,47126,32985,22215,27446,11859,52297.0,26801,
state,PB,Hidratado Estoque E.Fisico,stock,Oct (2),40475,55408,40796,28186,32307,11163,54851.0,30797,
state,PB,Hidratado Estoque E.Fisico,stock,Nov (1),50326,62316,52838,34085,41036,14420,52870.0,29227,
state,PB,Hidratado Estoque E.Fisico,stock,Nov (2),53246,65848,52189,33492,50121,18584,49835.0,34128,
state,PB,Hidratado Estoque E.Fisico,stock,Dec (1),60958,70455,57693,36177,55433,21179,49279.0,33145,
state,PB,Hidratado Estoque E.Fisico,stock,Dec (2),63693,68251,53832,33403,54551,26272,46477.0,31750,
state,PB,Hidratado Estoque E.Fisico,stock,Jan (1),63542,72586,57648,32792,56871,25747,43587.0,31831,
state,PB,Hidratado Estoque E.Fisico,stock,Jan (2),49613,68493,61079,32153,42827,22526,46246.0,31961,
state,PB,Hidratado Estoque E.Fisico,stock,Feb (1),42390,73862,54367,30136,40046,19663,46828.0,32152,
state,PB,Hidratado Estoque E.Fisico,stock,Feb (2),36798,66486,46863,30019,41335,19160,43484.0,30210,
state,PB,Hidratado Estoque E.Fisico,stock,Mar (1),30947,55777,30078,29279,40845,20499,45298.0,27433,
state,PB,Hidratado Estoque E.Fisico,stock,Mar (2),1142,10757,2233,3350,2958,4039,1797.0,3176,
state,PB,Hidratado Producao,flow,Apr (1),0,0,0,0,0,0,0.0,0,0.0
state,PB,Hidratado Producao,flow,Apr (2),0,0,0,0,0,0,0.0,0,0.0
state,PB,Hidratado Producao,flow,May (1),0,0,0,0,0,0,0.0,0,0.0
state,PB,Hidratado Producao,flow,May (2),0,0,0,0,0,0,0.0,0,0.0
state,PB,Hidratado Producao,flow,Jun (1),0,0,0,0,0,0,0.0,0,0.0
state,PB,Hidratado Producao,flow,Jun (2),0,0,0,0,0,0,0.0,0,0.0
state,PB,Hidratado Producao,flow,Jul (1),0,1401,0,0,0,0,0.0,0,0.0
state,PB,Hidratado Producao,flow,Jul (2),3259,3070,3280,0,887,4293,2993.0,2276,2756.0
state,PB,Hidratado Producao,flow,Aug (1),12624,9905,9550,6173,9030,5710,16229.0,10580,
state,PB,Hidratado Producao,flow,Aug (2),21615,18686,17000,11558,8841,7145,20187.0,16210,
state,PB,Hidratado Producao,flow,Sep (1),21447,20918,17654,9511,10347,8794,23386.0,14465,
state,PB,Hidratado Producao,flow,Sep (2),24346,20604,22291,10490,14636,9186,21833.0,15899,
state,PB,Hidratado Producao,flow,Oct (1),16843,20156,19678,11150,12947,14441,20366.0,16124,
state,PB,Hidratado Producao,flow,Oct (2),25084,18147,20790,14692,17619,10906,15736.0,20389,
state,PB,Hidratado Producao,flow,Nov (1),27268,17464,22810,13942,17234,13314,13971.0,13143,
state,PB,Hidratado Producao,flow,Nov (2),20160,16117,16323,14994,16158,14819,10814.0,17077,
state,PB,Hidratado Producao,flow,Dec (1),22111,17558,15726,13360,10966,14205,8675.0,12119,
state,PB,Hidratado Producao,flow,Dec (2),17023,17077,16319,7507,10819,16024,8430.0,13254,
state,PB,Hidratado Producao,flow,Jan (1),14253,22494,13605,5902,7943,11324,8307.0,13735,
state,PB,Hidratado Producao,flow,Jan (2),1649,10997,15540,5606,8952,7209,15081.0,13462,
state,PB,Hidratado Producao,flow,Feb (1),503,14628,6108,1535,4982,5134,10538.0,10531,
state,PB,Hidratado Producao,flow,Feb (2),875,3531,963,0,4737,3357,7006.0,3754,
state,PB,Hidratado Producao,flow,Mar (1),236,2354,297,7873,6140,5438,9042.0,1733,
state,PB,Hidratado Producao,flow,Mar (2),612,2632,17507,9503,29057,28814,37486.0,15840,
state,PB,Hidratado Saidas Distrib,flow,Apr (1),0,0,0,0,0,0,0.0,0,0.0
state,PB,Hidratado Saidas Distrib,flow,Apr (2),0,0,0,0,0,0,0.0,0,0.0
state,PB,Hidratado Saidas Distrib,flow,May (1),0,0,0,0,0,0,0.0,0,0.0
state,PB,Hidratado Saidas Distrib,flow,May (2),0,0,0,0,0,0,0.0,0,0.0
state,PB,Hidratado Saidas Distrib,flow,Jun (1),0,0,0,0,0,0,0.0,0,0.0
state,PB,Hidratado Saidas Distrib,flow,Jun (2),0,0,0,0,0,0,0.0,0,0.0
state,PB,Hidratado Saidas Distrib,flow,Jul (1),0,1131,0,0,0,0,0.0,0,0.0
state,PB,Hidratado Saidas Distrib,flow,Jul (2),2636,3452,2767,0,30,1870,1338.0,0,62.0
state,PB,Hidratado Saidas Distrib,flow,Aug (1),8133,6075,7511,1688,2731,2533,5332.0,3854,
state,PB,Hidratado Saidas Distrib,flow,Aug (2),12655,9758,10198,3859,5859,6082,13172.0,8835,
state,PB,Hidratado Saidas Distrib,flow,Sep (1),13261,8849,12993,8276,6432,7141,9478.0,11977,
state,PB,Hidratado Saidas Distrib,flow,Sep (2),15148,7781,9878,5024,6913,6318,11729.0,9797,
state,PB,Hidratado Saidas Distrib,flow,Oct (1),16251,10309,9510,6124,8264,13877,13813.0,12220,
state,PB,Hidratado Saidas Distrib,flow,Oct (2),16644,9235,8392,7463,11869,11317,11234.0,15077,
state,PB,Hidratado Saidas Distrib,flow,Nov (1),16356,9325,7435,7076,7853,8963,10909.0,11714,
state,PB,Hidratado Saidas Distrib,flow,Nov (2),16271,10580,8151,6896,6145,7257,12379.0,10646,
state,PB,Hidratado Saidas Distrib,flow,Dec (1),13456,12295,9220,7392,4788,8823,8849.0,8733,
state,PB,Hidratado Saidas Distrib,flow,Dec (2),13373,18688,8213,7108,8738,11089,10497.0,10239,
state,PB,Hidratado Saidas Distrib,flow,Jan (1),13816,17673,7755,5957,4044,9268,10375.0,11929,
state,PB,Hidratado Saidas Distrib,flow,Jan (2),15818,14255,9876,5621,5659,8851,10529.0,12075,
state,PB,Hidratado Saidas Distrib,flow,Feb (1),7276,12560,8208,6106,6485,7829,6792.0,8257,
state,PB,Hidratado Saidas Distrib,flow,Feb (2),10454,11039,7645,2785,2976,4902,12079.0,7330,
state,PB,Hidratado Saidas Distrib,flow,Mar (1),7685,13256,9227,8636,6531,5652,9638.0,8062,
state,PB,Hidratado Saidas Distrib,flow,Mar (2),38699,71789,70876,66720,93263,88828,171065.0,58854,
state,PB,Hidratado Saidas M.Ext,flow,Apr (1),0,0,0,0,0,0,0.0,0,0.0
state,PB,Hidratado Saidas M.Ext,flow,Apr (2),0,0,0,0,0,0,0.0,0,0.0
state,PB,Hidratado Saidas M.Ext,flow,May (1),0,0,0,0,0,0,0.0,0,0.0
state,PB,Hidratado Saidas M.Ext,flow,May (2),0,0,0,0,0,0,0.0,0,0.0
state,PB,Hidratado Saidas M.Ext,flow,Jun (1),0,0,0,0,0,0,0.0,0,0.0
state,PB,Hidratado Saidas M.Ext,flow,Jun (2),0,0,0,0,0,0,0.0,0,0.0
state,PB,Hidratado Saidas M.Ext,flow,Jul (1),0,0,0,0,0,0,0.0,0,0.0
state,PB,Hidratado Saidas M.Ext,flow,Jul (2),0,0,0,0,0,0,0.0,0,0.0
state,PB,Hidratado Saidas M.Ext,flow,Aug (1),0,0,0,0,0,0,0.0,0,
state,PB,Hidratado Saidas M.Ext,flow,Aug (2),0,0,0,0,0,0,0.0,0,
state,PB,Hidratado Saidas M.Ext,flow,Sep (1),0,0,3015,0,0,0,0.0,0,
state,PB,Hidratado Saidas M.Ext,flow,Sep (2),0,0,5813,2526,0,0,0.0,0,
state,PB,Hidratado Saidas M.Ext,flow,Oct (1),0,0,1718,503,0,0,0.0,0,
state,PB,Hidratado Saidas M.Ext,flow,Oct (2),0,0,3524,0,0,0,0.0,0,
state,PB,Hidratado Saidas M.Ext,flow,Nov (1),0,0,2150,0,0,0,0.0,0,
state,PB,Hidratado Saidas M.Ext,flow,Nov (2),0,0,7455,6951,0,0,0.0,0,
state,PB,Hidratado Saidas M.Ext,flow,Dec (1),0,0,0,2361,0,0,0.0,0,
state,PB,Hidratado Saidas M.Ext,flow,Dec (2),0,0,6494,0,2995,0,0.0,0,
state,PB,Hidratado Saidas M.Ext,flow,Jan (1),0,0,0,0,0,0,0.0,0,
state,PB,Hidratado Saidas M.Ext,flow,Jan (2),0,0,1002,0,15100,0,0.0,0,
state,PB,Hidratado Saidas M.Ext,flow,Feb (1),0,0,4219,0,0,5,0.0,0,
state,PB,Hidratado Saidas M.Ext,flow,Feb (2),0,0,256,0,0,0,0.0,52,
state,PB,Hidratado Saidas M.Ext,flow,Mar (1),0,0,7119,0,0,0,0.0,0,
state,PB,Hidratado Saidas M.Ext,flow,Mar (2),0,10344,1046,0,7290,0,0.0,20,
state,PB,Hidratado Saidas Outras,flow,Apr (1),0,0,0,0,0,0,0.0,0,0.0
state,PB,Hidratado Saidas Outras,flow,Apr (2),0,0,0,0,0,0,0.0,0,0.0
state,PB,Hidratado Saidas Outras,flow,May (1),0,0,0,0,0,0,0.0,0,0.0
state,PB,Hidratado Saidas Outras,flow,May (2),0,0,0,0,0,0,0.0,0,0.0
state,PB,Hidratado Saidas Outras,flow,Jun (1),0,0,0,0,0,0,0.0,0,0.0
state,PB,Hidratado Saidas Outras,flow,Jun (2),0,0,0,0,0,0,0.0,0,0.0
state,PB,Hidratado Saidas Outras,flow,Jul (1),0,11,0,0,0,0,0.0,0,0.0
state,PB,Hidratado Saidas Outras,flow,Jul (2),39,32,991,0,43,838,175.0,0,40.0
state,PB,Hidratado Saidas Outras,flow,Aug (1),214,197,1106,979,1671,1045,843.0,1183,
state,PB,Hidratado Saidas Outras,flow,Aug (2),413,581,450,1314,1189,956,935.0,1422,
state,PB,Hidratado Saidas Outras,flow,Sep (1),326,656,1349,1807,750,2273,1162.0,1047,
state,PB,Hidratado Saidas Outras,flow,Sep (2),894,928,1506,1685,1067,1341,683.0,3054,
state,PB,Hidratado Saidas Outras,flow,Oct (1),609,1322,1810,1911,1244,1844,754.0,2130,
state,PB,Hidratado Saidas Outras,flow,Oct (2),802,1141,1168,2365,1415,1129,3371.0,1588,
state,PB,Hidratado Saidas Outras,flow,Nov (1),1061,1701,1737,1526,868,1360,6093.0,3134,
state,PB,Hidratado Saidas Outras,flow,Nov (2),1030,2094,1871,2143,1059,3706,2378.0,1940,
state,PB,Hidratado Saidas Outras,flow,Dec (1),943,1134,1110,1437,1373,2892,1341.0,4600,
state,PB,Hidratado Saidas Outras,flow,Dec (2),915,695,5762,3219,1007,1201,1375.0,4732,
state,PB,Hidratado Saidas Outras,flow,Jan (1),588,486,5313,556,1917,2903,1714.0,2001,
state,PB,Hidratado Saidas Outras,flow,Jan (2),846,835,1314,624,2535,1702,2977.0,1454,
state,PB,Hidratado Saidas Outras,flow,Feb (1),450,503,1443,752,1517,288,4845.0,2601,
state,PB,Hidratado Saidas Outras,flow,Feb (2),394,378,591,162,584,216,1395.0,336,
state,PB,Hidratado Saidas Outras,flow,Mar (1),478,880,1203,277,228,147,595.0,539,
state,PB,Hidratado Saidas Outras,flow,Mar (2),4403,22997,25327,10100,13600,2744,8115.0,6731,
state,PE,Acucar,flow,Apr (1),0,0,0,0,0,0,0.0,0,0.0
state,PE,Acucar,flow,Apr (2),0,0,0,0,0,0,0.0,0,0.0
state,PE,Acucar,flow,May (1),0,0,0,0,0,0,0.0,0,0.0
state,PE,Acucar,flow,May (2),0,0,0,0,0,0,0.0,0,0.0
state,PE,Acucar,flow,Jun (1),0,0,0,0,0,0,0.0,0,0.0
state,PE,Acucar,flow,Jun (2),0,0,0,0,0,0,0.0,0,0.0
state,PE,Acucar,flow,Jul (1),0,0,0,0,0,0,0.0,0,0.0
state,PE,Acucar,flow,Jul (2),0,0,0,0,0,0,0.0,0,0.0
state,PE,Acucar,flow,Aug (1),0,622,0,0,0,792,2692.0,159,
state,PE,Acucar,flow,Aug (2),26952,19807,21571,0,0,24468,59364.0,9324,
state,PE,Acucar,flow,Sep (1),65675,37897,41590,38551,69634,51026,67084.0,23117,
state,PE,Acucar,flow,Sep (2),77065,58725,73967,64345,78124,66814,100862.0,67232,
state,PE,Acucar,flow,Oct (1),74252,65303,81751,76814,88803,81301,103813.0,64497,
state,PE,Acucar,flow,Oct (2),91145,90455,99686,82168,98295,86795,110064.0,94620,
state,PE,Acucar,flow,Nov (1),71476,83560,80483,86021,69045,106170,126456.0,95788,
state,PE,Acucar,flow,Nov (2),83961,83116,88248,84332,93811,97763,106095.0,88664,
state,PE,Acucar,flow,Dec (1),60471,76778,85999,76577,69345,102718,102574.0,92798,
state,PE,Acucar,flow,Dec (2),67019,70710,85508,70692,76630,56643,115990.0,78398,
state,PE,Acucar,flow,Jan (1),41846,87493,64172,54041,74380,70633,77322.0,67896,
state,PE,Acucar,flow,Jan (2),42966,82257,61484,53201,62060,82377,57002.0,76441,
state,PE,Acucar,flow,Feb (1),21310,56478,47834,53960,52571,77580,35487.0,45265,
state,PE,Acucar,flow,Feb (2),8652,35268,16482,36193,38762,34907,34198.0,37378,
state,PE,Acucar,flow,Mar (1),0,9150,487,21933,64440,34897,19969.0,23173,
state,PE,Acucar,flow,Mar (2),11,2854,23115,4303,68602,48571,11614.0,8895,
state,PE,Anidro Entradas,flow,Apr (1),0,0,121,0,0,0,0.0,0,0.0
state,PE,Anidro Entradas,flow,Apr (2),0,0,0,0,0,0,0.0,0,0.0
state,PE,Anidro Entradas,flow,May (1),0,0,0,0,0,0,0.0,0,0.0
state,PE,Anidro Entradas,flow,May (2),0,0,0,0,0,0,0.0,0,0.0
state,PE,Anidro Entradas,flow,Jun (1),0,0,0,0,0,0,0.0,0,0.0
state,PE,Anidro Entradas,flow,Jun (2),0,0,0,0,0,0,0.0,0,0.0
state,PE,Anidro Entradas,flow,Jul (1),0,0,0,0,0,0,0.0,0,0.0
state,PE,Anidro Entradas,flow,Jul (2),9,0,0,0,0,0,0.0,0,0.0
state,PE,Anidro Entradas,flow,Aug (1),0,0,0,0,0,0,0.0,0,
state,PE,Anidro Entradas,flow,Aug (2),0,0,0,0,0,481,0.0,473,
state,PE,Anidro Entradas,flow,Sep (1),0,0,0,31,79,295,0.0,0,
state,PE,Anidro Entradas,flow,Sep (2),0,0,0,0,0,0,0.0,0,
state,PE,Anidro Entradas,flow,Oct (1),0,0,0,0,71,0,1.0,0,
state,PE,Anidro Entradas,flow,Oct (2),1000,22,0,0,49,1,0.0,61,
state,PE,Anidro Entradas,flow,Nov (1),0,0,0,0,106,0,0.0,0,
state,PE,Anidro Entradas,flow,Nov (2),0,0,545,134,105,0,0.0,0,
state,PE,Anidro Entradas,flow,Dec (1),0,0,7449,0,0,0,0.0,0,
state,PE,Anidro Entradas,flow,Dec (2),2,106,7447,140,2343,0,0.0,122,
state,PE,Anidro Entradas,flow,Jan (1),0,2000,0,0,562,0,0.0,0,
state,PE,Anidro Entradas,flow,Jan (2),0,509,0,0,329,0,0.0,61,
state,PE,Anidro Entradas,flow,Feb (1),3750,0,0,0,0,0,46.0,61,
state,PE,Anidro Entradas,flow,Feb (2),4450,0,0,0,1688,0,0.0,0,
state,PE,Anidro Entradas,flow,Mar (1),0,713,0,0,15,0,0.0,0,
state,PE,Anidro Entradas,flow,Mar (2),12,7513,0,7674,1500,2,263.0,0,
state,PE,Anidro Estoque E.Disp,stock,Apr (1),0,0,0,0,0,0,0.0,0,0.0
state,PE,Anidro Estoque E.Disp,stock,Apr (2),0,0,0,0,0,0,0.0,0,0.0
state,PE,Anidro Estoque E.Disp,stock,May (1),0,0,0,0,0,0,0.0,0,0.0
state,PE,Anidro Estoque E.Disp,stock,May (2),0,0,0,0,0,0,0.0,0,0.0
state,PE,Anidro Estoque E.Disp,stock,Jun (1),0,0,0,0,0,0,0.0,0,0.0
state,PE,Anidro Estoque E.Disp,stock,Jun (2),0,0,0,0,0,0,0.0,0,0.0
state,PE,Anidro Estoque E.Disp,stock,Jul (1),0,0,0,0,0,0,0.0,0,0.0
state,PE,Anidro Estoque E.Disp,stock,Jul (2),0,0,0,0,0,0,0.0,0,0.0
state,PE,Anidro Estoque E.Disp,stock,Aug (1),0,0,0,0,0,0,0.0,0,
state,PE,Anidro Estoque E.Disp,stock,Aug (2),211,271,853,0,22,111,0.0,446,
state,PE,Anidro Estoque E.Disp,stock,Sep (1),1637,677,1096,2126,3774,1635,0.0,801,
state,PE,Anidro Estoque E.Disp,stock,Sep (2),4656,3285,2861,8421,10578,6213,844.0,1886,
state,PE,Anidro Estoque E.Disp,stock,Oct (1),5911,7217,6323,15360,15157,9472,3199.0,2744,
state,PE,Anidro Estoque E.Disp,stock,Oct (2),9748,13251,10837,19744,18047,14564,5351.0,3852,
state,PE,Anidro Estoque E.Disp,stock,Nov (1),12069,17490,17591,26414,18391,18053,7406.0,4172,
state,PE,Anidro Estoque E.Disp,stock,Nov (2),13912,19543,26255,32869,22670,24171,13949.0,7759,
state,PE,Anidro Estoque E.Disp,stock,Dec (1),15993,15865,37691,41938,25103,26244,21547.0,14117,
state,PE,Anidro Estoque E.Disp,stock,Dec (2),18249,18588,43733,39507,28375,28689,24084.0,19915,
state,PE,Anidro Estoque E.Disp,stock,Jan (1),18135,24895,46314,36399,33012,28002,27456.0,20927,
state,PE,Anidro Estoque E.Disp,stock,Jan (2),18535,26432,41480,33493,38158,29955,31998.0,27198,
state,PE,Anidro Estoque E.Disp,stock,Feb (1),21437,27636,40509,40862,39095,26710,32390.0,31767,
state,PE,Anidro Estoque E.Disp,stock,Feb (2),20431,29345,38464,42433,41234,24057,35754.0,29604,
state,PE,Anidro Estoque E.Disp,stock,Mar (1),13535,29717,24455,40240,48856,22989,36056.0,22469,
state,PE,Anidro Estoque E.Disp,stock,Mar (2),0,1026,0,0,1122,0,473.0,0,
state,PE,Anidro Estoque E.Fisico,stock,Apr (1),0,0,121,0,0,0,0.0,0,0.0
state,PE,Anidro Estoque E.Fisico,stock,Apr (2),0,0,121,0,0,0,0.0,0,0.0
state,PE,Anidro Estoque E.Fisico,stock,May (1),0,0,121,0,0,0,0.0,0,0.0
state,PE,Anidro Estoque E.Fisico,stock,May (2),0,0,121,0,0,0,0.0,0,0.0
state,PE,Anidro Estoque E.Fisico,stock,Jun (1),0,0,121,0,0,0,0.0,0,0.0
state,PE,Anidro Estoque E.Fisico,stock,Jun (2),0,0,121,0,0,0,0.0,0,0.0
state,PE,Anidro Estoque E.Fisico,stock,Jul (1),0,0,121,0,0,0,0.0,0,0.0
state,PE,Anidro Estoque E.Fisico,stock,Jul (2),9,0,121,0,0,0,0.0,0,0.0
state,PE,Anidro Estoque E.Fisico,stock,Aug (1),9,0,121,0,0,0,0.0,0,
state,PE,Anidro Estoque E.Fisico,stock,Aug (2),220,271,883,0,22,341,0.0,919,
state,PE,Anidro Estoque E.Fisico,stock,Sep (1),1977,677,1217,2186,3915,2051,0.0,801,
state,PE,Anidro Estoque E.Fisico,stock,Sep (2),6613,4267,4571,8464,11502,6450,880.0,1886,
state,PE,Anidro Estoque E.Fisico,stock,Oct (1),9542,9660,9431,17631,17095,10922,3236.0,2764,
state,PE,Anidro Estoque E.Fisico,stock,Oct (2),13313,13957,15520,22523,20928,15343,5387.0,5244,
state,PE,Anidro Estoque E.Fisico,stock,Nov (1),14478,19060,20761,30004,20800,20353,7442.0,7016,
state,PE,Anidro Estoque E.Fisico,stock,Nov (2),16075,21776,26845,33913,23910,25235,15451.0,9781,
state,PE,Anidro Estoque E.Fisico,stock,Dec (1),18029,22157,40347,43752,27284,28732,22467.0,14117,
state,PE,Anidro Estoque E.Fisico,stock,Dec (2),20136,22723,46606,40394,29541,30327,24468.0,19972,
state,PE,Anidro Estoque E.Fisico,stock,Jan (1),20067,27769,49533,39778,35380,29098,27485.0,20978,
state,PE,Anidro Estoque E.Fisico,stock,Jan (2),20238,27745,42842,36609,38433,30036,33509.0,28328,
state,PE,Anidro Estoque E.Fisico,stock,Feb (1),22888,29654,41760,41423,39377,28546,32779.0,33041,
state,PE,Anidro Estoque E.Fisico,stock,Feb (2),21128,30874,40312,43053,42432,24598,35966.0,31959,
state,PE,Anidro Estoque E.Fisico,stock,Mar (1),15468,30055,26444,43635,51021,23714,36281.0,24115,
state,PE,Anidro Estoque E.Fisico,stock,Mar (2),0,1119,31,31,1144,0,473.0,0,
state,PE,Anidro Producao,flow,Apr (1),0,0,0,0,0,0,0.0,0,0.0
state,PE,Anidro Producao,flow,Apr (2),0,0,0,0,0,0,0.0,0,0.0
state,PE,Anidro Producao,flow,May (1),0,0,0,0,0,0,0.0,0,0.0
state,PE,Anidro Producao,flow,May (2),0,0,0,0,0,0,0.0,0,0.0
state,PE,Anidro Producao,flow,Jun (1),0,0,0,0,0,0,0.0,0,0.0
state,PE,Anidro Producao,flow,Jun (2),0,0,0,0,0,0,0.0,0,0.0
state,PE,Anidro Producao,flow,Jul (1),0,0,0,0,0,0,0.0,0,0.0
state,PE,Anidro Producao,flow,Jul (2),0,0,0,0,0,0,0.0,0,0.0
state,PE,Anidro Producao,flow,Aug (1),0,0,0,0,0,0,0.0,0,
state,PE,Anidro Producao,flow,Aug (2),219,276,858,0,22,0,0.0,449,
state,PE,Anidro Producao,flow,Sep (1),2657,850,1354,2553,6705,2526,0.0,403,
state,PE,Anidro Producao,flow,Sep (2),7251,6421,4434,8761,12747,6834,1163.0,1925,
state,PE,Anidro Producao,flow,Oct (1),12382,9514,12298,13890,14930,11351,2762.0,2232,
state,PE,Anidro Producao,flow,Oct (2),14391,11805,14282,17661,17605,12499,4002.0,6541,
state,PE,Anidro Producao,flow,Nov (1),7825,14573,14046,17146,12614,10931,5672.0,5385,
state,PE,Anidro Producao,flow,Nov (2),7432,15408,15489,13991,16733,9828,11225.0,7737,
state,PE,Anidro Producao,flow,Dec (1),5255,14848,14810,15829,16486,12509,12426.0,11422,
state,PE,Anidro Producao,flow,Dec (2),5355,13673,7625,6580,15814,10106,10580.0,12446,
state,PE,Anidro Producao,flow,Jan (1),4436,11060,6909,7764,16018,9989,8024.0,10641,
state,PE,Anidro Producao,flow,Jan (2),5920,6842,6493,10196,15854,9246,8537.0,13110,
state,PE,Anidro Producao,flow,Feb (1),4416,4042,3098,8357,10831,5634,5622.0,7174,
state,PE,Anidro Producao,flow,Feb (2),2304,2982,1396,4535,9444,3840,4961.0,2498,
state,PE,Anidro Producao,flow,Mar (1),0,1018,0,4092,13967,2722,2165.0,2422,
state,PE,Anidro Producao,flow,Mar (2),0,0,2,2517,23508,6411,2616.0,944,
state,PE,Anidro Saidas Distrib,flow,Apr (1),0,0,0,0,0,0,0.0,0,0.0
state,PE,Anidro Saidas Distrib,flow,Apr (2),0,0,0,0,0,0,0.0,0,0.0
state,PE,Anidro Saidas Distrib,flow,May (1),0,0,0,0,0,0,0.0,0,0.0
state,PE,Anidro Saidas Distrib,flow,May (2),0,0,0,0,0,0,0.0,0,0.0
state,PE,Anidro Saidas Distrib,flow,Jun (1),0,0,0,0,0,0,0.0,0,0.0
state,PE,Anidro Saidas Distrib,flow,Jun (2),0,0,0,0,0,0,0.0,0,0.0
state,PE,Anidro Saidas Distrib,flow,Jul (1),0,0,0,0,0,0,0.0,0,0.0
state,PE,Anidro Saidas Distrib,flow,Jul (2),0,0,0,0,0,0,0.0,0,0.0
state,PE,Anidro Saidas Distrib,flow,Aug (1),0,0,0,0,0,0,0.0,0,
state,PE,Anidro Saidas Distrib,flow,Aug (2),0,0,0,0,0,70,0.0,0,
state,PE,Anidro Saidas Distrib,flow,Sep (1),453,438,670,397,2866,995,0.0,490,
state,PE,Anidro Saidas Distrib,flow,Sep (2),2129,2778,1055,2394,5128,2357,283.0,823,
state,PE,Anidro Saidas Distrib,flow,Oct (1),9356,4053,7406,4694,9326,6832,403.0,1338,
state,PE,Anidro Saidas Distrib,flow,Oct (2),11482,7455,8176,12716,13785,7980,1811.0,4106,
state,PE,Anidro Saidas Distrib,flow,Nov (1),6587,9410,8736,9608,12728,5845,3573.0,3589,
state,PE,Anidro Saidas Distrib,flow,Nov (2),5564,12597,9852,10007,13691,4809,3149.0,4960,
state,PE,Anidro Saidas Distrib,flow,Dec (1),3049,14349,6238,5874,12916,8916,5331.0,7055,
state,PE,Anidro Saidas Distrib,flow,Dec (2),2827,13177,8767,9697,15240,8434,8485.0,6688,
state,PE,Anidro Saidas Distrib,flow,Jan (1),4220,7707,3847,8325,10351,11060,4931.0,9574,
state,PE,Anidro Saidas Distrib,flow,Jan (2),5411,7162,11882,12212,13040,8095,2437.0,5117,
state,PE,Anidro Saidas Distrib,flow,Feb (1),3393,2047,3401,3467,9513,7050,4751.0,2389,
state,PE,Anidro Saidas Distrib,flow,Feb (2),7888,1418,2766,2836,7935,6495,1296.0,1954,
state,PE,Anidro Saidas Distrib,flow,Mar (1),2247,1411,1746,2627,5308,3363,1832.0,4226,
state,PE,Anidro Saidas Distrib,flow,Mar (2),2758,38332,13525,17089,109053,22044,21832.0,10063,
state,PE,Anidro Saidas M.Ext,flow,Apr (1),0,0,0,0,0,0,0.0,0,0.0
state,PE,Anidro Saidas M.Ext,flow,Apr (2),0,0,0,0,0,0,0.0,0,0.0
state,PE,Anidro Saidas M.Ext,flow,May (1),0,0,0,0,0,0,0.0,0,0.0
state,PE,Anidro Saidas M.Ext,flow,May (2),0,0,0,0,0,0,0.0,0,0.0
state,PE,Anidro Saidas M.Ext,flow,Jun (1),0,0,0,0,0,0,0.0,0,0.0
state,PE,Anidro Saidas M.Ext,flow,Jun (2),0,0,0,0,0,0,0.0,0,0.0
state,PE,Anidro Saidas M.Ext,flow,Jul (1),0,0,0,0,0,0,0.0,0,0.0
state,PE,Anidro Saidas M.Ext,flow,Jul (2),0,0,0,0,0,0,0.0,0,0.0
state,PE,Anidro Saidas M.Ext,flow,Aug (1),0,0,0,0,0,0,0.0,0,
state,PE,Anidro Saidas M.Ext,flow,Aug (2),0,0,0,0,0,0,0.0,0,
state,PE,Anidro Saidas M.Ext,flow,Sep (1),0,0,0,0,0,0,0.0,0,
state,PE,Anidro Saidas M.Ext,flow,Sep (2),0,0,0,0,0,0,0.0,0,
state,PE,Anidro Saidas M.Ext,flow,Oct (1),0,0,0,0,0,0,0.0,0,
state,PE,Anidro Saidas M.Ext,flow,Oct (2),0,0,0,0,0,0,0.0,0,
state,PE,Anidro Saidas M.Ext,flow,Nov (1),0,0,0,0,0,0,0.0,0,
state,PE,Anidro Saidas M.Ext,flow,Nov (2),0,0,0,0,0,0,0.0,0,
state,PE,Anidro Saidas M.Ext,flow,Dec (1),0,0,0,0,0,0,0.0,0,
state,PE,Anidro Saidas M.Ext,flow,Dec (2),15,0,0,0,0,0,0.0,0,
state,PE,Anidro Saidas M.Ext,flow,Jan (1),0,0,0,0,0,0,0.0,0,
state,PE,Anidro Saidas M.Ext,flow,Jan (2),0,0,0,0,0,0,0.0,0,
state,PE,Anidro Saidas M.Ext,flow,Feb (1),0,0,0,0,0,0,0.0,0,
state,PE,Anidro Saidas M.Ext,flow,Feb (2),-15,0,0,0,0,0,0.0,0,
state,PE,Anidro Saidas M.Ext,flow,Mar (1),0,0,0,0,0,0,0.0,0,
state,PE,Anidro Saidas M.Ext,flow,Mar (2),0,0,0,0,0,0,0.0,0,
state,PE,Anidro Saidas Outras,flow,Apr (1),0,0,0,0,0,0,0.0,0,0.0
state,PE,Anidro Saidas Outras,flow,Apr (2),0,0,0,0,0,0,0.0,0,0.0
state,PE,Anidro Saidas Outras,flow,May (1),0,0,0,0,0,0,0.0,0,0.0
state,PE,Anidro Saidas Outras,flow,May (2),0,0,0,0,0,0,0.0,0,0.0
state,PE,Anidro Saidas Outras,flow,Jun (1),0,0,0,0,0,0,0.0,0,0.0
state,PE,Anidro Saidas Outras,flow,Jun (2),0,0,0,0,0,0,0.0,0,0.0
state,PE,Anidro Saidas Outras,flow,Jul (1),0,0,0,0,0,0,0.0,0,0.0
state,PE,Anidro Saidas Outras,flow,Jul (2),0,0,0,0,0,0,0.0,0,0.0
state,PE,Anidro Saidas Outras,flow,Aug (1),0,0,0,0,0,0,0.0,0,
state,PE,Anidro Saidas Outras,flow,Aug (2),8,5,96,0,0,70,0.0,3,
state,PE,Anidro Saidas Outras,flow,Sep (1),447,6,350,1,25,116,0.0,31,
state,PE,Anidro Saidas Outras,flow,Sep (2),486,53,25,89,32,78,0.0,17,
state,PE,Anidro Saidas Outras,flow,Oct (1),97,68,32,29,82,47,4.0,16,
state,PE,Anidro Saidas Outras,flow,Oct (2),138,75,17,53,36,99,40.0,16,
state,PE,Anidro Saidas Outras,flow,Nov (1),73,60,69,57,120,76,44.0,24,
state,PE,Anidro Saidas Outras,flow,Nov (2),271,95,98,209,37,137,67.0,12,
state,PE,Anidro Saidas Outras,flow,Dec (1),252,118,2519,116,196,96,79.0,31,
state,PE,Anidro Saidas Outras,flow,Dec (2),408,36,46,381,660,77,94.0,25,
state,PE,Anidro Saidas Outras,flow,Jan (1),285,307,135,55,390,158,76.0,61,
state,PE,Anidro Saidas Outras,flow,Jan (2),338,213,1302,1153,90,213,76.0,704,
state,PE,Anidro Saidas Outras,flow,Feb (1),2123,86,779,76,374,74,1647.0,133,
state,PE,Anidro Saidas Outras,flow,Feb (2),641,344,78,69,142,1293,478.0,1626,
state,PE,Anidro Saidas Outras,flow,Mar (1),3413,1139,12122,883,85,243,18.0,6040,
state,PE,Anidro Saidas Outras,flow,Mar (2),12722,29605,24491,36706,11998,26147,40744.0,14996,
state,PE,Cana,flow,Apr (1),0,0,0,0,0,0,0.0,0,0.0
state,PE,Cana,flow,Apr (2),0,0,0,0,0,0,0.0,0,0.0
state,PE,Cana,flow,May (1),0,0,0,0,0,0,0.0,0,0.0
state,PE,Cana,flow,May (2),0,0,0,0,0,0,0.0,0,0.0
state,PE,Cana,flow,Jun (1),0,0,0,0,0,0,0.0,0,0.0
state,PE,Cana,flow,Jun (2),0,0,0,0,0,0,0.0,0,0.0
state,PE,Cana,flow,Jul (1),0,0,0,0,0,0,0.0,0,0.0
state,PE,Cana,flow,Jul (2),0,0,0,0,0,0,0.0,0,0.0
state,PE,Cana,flow,Aug (1),0,21193,0,0,0,29,59906.0,43927,
state,PE,Cana,flow,Aug (2),372331,271966,298495,0,29415,373223,694210.0,99624,
state,PE,Cana,flow,Sep (1),902243,569114,664169,678306,1004751,749099,887253.0,409395,
state,PE,Cana,flow,Sep (2),1133257,930776,1081343,950748,998853,961011,1160599.0,1140282,
state,PE,Cana,flow,Oct (1),1288290,1034510,1147208,1191557,1176457,1105358,1143801.0,915642,
state,PE,Cana,flow,Oct (2),1285363,1298397,1279167,1231768,1275481,1231386,1181587.0,1375610,
state,PE,Cana,flow,Nov (1),1112236,1249508,1014880,1223653,939321,1282362,1348970.0,1313370,
state,PE,Cana,flow,Nov (2),1157049,1125145,1094617,1247801,1309730,1083121,1107947.0,1139733,
state,PE,Cana,flow,Dec (1),1010129,1087389,1182878,1170099,1019234,1284356,1102899.0,1211106,
state,PE,Cana,flow,Dec (2),1086098,985975,1293710,1134662,1092358,907951,1247830.0,1140524,
state,PE,Cana,flow,Jan (1),723700,1263400,966799,955103,1106296,970495,862080.0,988171,
state,PE,Cana,flow,Jan (2),716322,1094202,899379,1017055,1039597,1100627,809231.0,1131886,
state,PE,Cana,flow,Feb (1),414673,824737,587527,866059,874178,902764,641561.0,699132,
state,PE,Cana,flow,Feb (2),165872,539659,228444,579297,707834,589268,575722.0,598691,
state,PE,Cana,flow,Mar (1),43934,176027,67716,401603,1061319,593564,393468.0,481034,
state,PE,Cana,flow,Mar (2),13891,47636,21026,218092,1302458,935196,306446.0,172012,
state,PE,Etanol Total,flow,Apr (1),0,0,0,0,0,0,0.0,0,0.0
state,PE,Etanol Total,flow,Apr (2),0,0,0,0,0,0,0.0,0,0.0
state,PE,Etanol Total,flow,May (1),0,0,0,0,0,0,0.0,0,0.0
state,PE,Etanol Total,flow,May (2),0,0,0,0,0,0,0.0,0,0.0
state,PE,Etanol Total,flow,Jun (1),0,0,0,0,0,0,0.0,0,0.0
state,PE,Etanol Total,flow,Jun (2),0,0,0,0,0,0,0.0,0,0.0
state,PE,Etanol Total,flow,Jul (1),0,0,0,0,0,0,0.0,0,0.0
state,PE,Etanol Total,flow,Jul (2),0,0,0,0,0,0,0.0,0,0.0
state,PE,Etanol Total,flow,Aug (1),0,0,0,0,0,216,646.0,0,
state,PE,Etanol Total,flow,Aug (2),7836,2783,3221,0,1369,5134,8744.0,2524,
state,PE,Etanol Total,flow,Sep (1),22023,11388,15207,10946,16257,10837,15863.0,10154,
state,PE,Etanol Total,flow,Sep (2),35712,24669,30107,27625,18950,16618,23810.0,18146,
state,PE,Etanol Total,flow,Oct (1),50097,36321,34644,28807,24873,25204,23390.0,17781,
state,PE,Etanol Total,flow,Oct (2),49413,38453,38420,40186,29625,24128,27234.0,31998,
state,PE,Etanol Total,flow,Nov (1),48041,39905,32088,37801,24171,28697,28144.0,28408,
state,PE,Etanol Total,flow,Nov (2),47984,42752,32823,38610,30108,24509,29387.0,30940,
state,PE,Etanol Total,flow,Dec (1),46268,44667,35920,38489,28874,25637,30291.0,35465,
state,PE,Etanol Total,flow,Dec (2),44610,40012,34745,32464,32171,21599,28376.0,38542,
state,PE,Etanol Total,flow,Jan (1),27740,47729,32199,24233,28517,16605,23332.0,35926,
state,PE,Etanol Total,flow,Jan (2),24266,41399,31544,31290,26422,21214,26336.0,36771,
state,PE,Etanol Total,flow,Feb (1),14362,37110,19096,27909,22023,17552,22228.0,26405,
state,PE,Etanol Total,flow,Feb (2),7984,24970,8758,16488,18653,14493,17924.0,17560,
state,PE,Etanol Total,flow,Mar (1),3783,11749,4641,12715,24821,12597,12050.0,16232,
state,PE,Etanol Total,flow,Mar (2),1842,7707,4468,8708,44919,34267,15980.0,10934,
state,PE,Hidratado Entradas,flow,Apr (1),0,0,1759,0,0,0,62.0,0,0.0
state,PE,Hidratado Entradas,flow,Apr (2),0,0,0,0,0,0,0.0,0,0.0
state,PE,Hidratado Entradas,flow,May (1),0,0,0,0,0,0,0.0,0,0.0
state,PE,Hidratado Entradas,flow,May (2),0,1852,0,0,0,0,0.0,0,0.0
state,PE,Hidratado Entradas,flow,Jun (1),0,-1852,0,0,0,0,0.0,0,0.0
state,PE,Hidratado Entradas,flow,Jun (2),0,0,0,0,0,0,0.0,0,0.0
state,PE,Hidratado Entradas,flow,Jul (1),0,0,0,0,0,0,0.0,0,0.0
state,PE,Hidratado Entradas,flow,Jul (2),340,0,0,0,0,0,0.0,0,0.0
state,PE,Hidratado Entradas,flow,Aug (1),0,59,0,0,0,29,0.0,406,
state,PE,Hidratado Entradas,flow,Aug (2),15,223,69,312,106,3502,310.0,1791,
state,PE,Hidratado Entradas,flow,Sep (1),483,1570,391,837,382,136,4539.0,63,
state,PE,Hidratado Entradas,flow,Sep (2),481,0,10,63,0,0,0.0,0,
state,PE,Hidratado Entradas,flow,Oct (1),73,0,0,0,0,0,15.0,0,
state,PE,Hidratado Entradas,flow,Oct (2),105,0,10,0,0,62,5.0,59,
state,PE,Hidratado Entradas,flow,Nov (1),103,44,0,0,96,0,0.0,0,
state,PE,Hidratado Entradas,flow,Nov (2),79,0,51,699,0,150,25.0,0,
state,PE,Hidratado Entradas,flow,Dec (1),0,32,0,516,0,0,91.0,0,
state,PE,Hidratado Entradas,flow,Dec (2),218,691,195,292,2859,0,77.0,168,
state,PE,Hidratado Entradas,flow,Jan (1),67,0,1,90,-10,62,1.0,245,
state,PE,Hidratado Entradas,flow,Jan (2),0,2020,1253,1245,23,72,5.0,0,
state,PE,Hidratado Entradas,flow,Feb (1),1916,329,838,295,258,0,1679.0,61,
state,PE,Hidratado Entradas,flow,Feb (2),402,1711,0,65,10,1304,445.0,1655,
state,PE,Hidratado Entradas,flow,Mar (1),3290,1611,12579,764,0,238,0.0,6319,
state,PE,Hidratado Entradas,flow,Mar (2),12324,29983,30316,40202,11339,31907,56143.0,15149,
state,PE,Hidratado Estoque E.Disp,stock,Apr (1),0,0,0,0,0,0,0.0,0,0.0
state,PE,Hidratado Estoque E.Disp,stock,Apr (2),0,0,0,0,0,0,0.0,0,0.0
state,PE,Hidratado Estoque E.Disp,stock,May (1),0,0,0,0,0,0,0.0,0,0.0
state,PE,Hidratado Estoque E.Disp,stock,May (2),0,0,0,0,0,0,0.0,0,0.0
state,PE,Hidratado Estoque E.Disp,stock,Jun (1),0,0,0,0,0,0,0.0,0,0.0
state,PE,Hidratado Estoque E.Disp,stock,Jun (2),0,0,0,0,0,0,0.0,0,0.0
state,PE,Hidratado Estoque E.Disp,stock,Jul (1),0,0,0,0,0,0,0.0,0,0.0
state,PE,Hidratado Estoque E.Disp,stock,Jul (2),0,0,0,0,0,0,0.0,0,0.0
state,PE,Hidratado Estoque E.Disp,stock,Aug (1),0,38,0,0,0,192,487.0,335,
state,PE,Hidratado Estoque E.Disp,stock,Aug (2),4266,1436,633,0,1005,3425,6093.0,1789,
state,PE,Hidratado Estoque E.Disp,stock,Sep (1),9963,7625,6232,4243,5939,11449,19219.0,8460,
state,PE,Hidratado Estoque E.Disp,stock,Sep (2),17755,11150,15432,12315,12315,17372,32525.0,12846,
state,PE,Hidratado Estoque E.Disp,stock,Oct (1),23762,22831,21683,14749,16513,25451,36426.0,18280,
state,PE,Hidratado Estoque E.Disp,stock,Oct (2),27300,31951,23181,22213,19676,30095,43210.0,17923,
state,PE,Hidratado Estoque E.Disp,stock,Nov (1),38350,33763,27887,21094,22580,37287,48958.0,22968,
state,PE,Hidratado Estoque E.Disp,stock,Nov (2),34357,36628,22196,23312,26529,39146,51116.0,27426,
state,PE,Hidratado Estoque E.Disp,stock,Dec (1),44219,34666,22442,22223,29380,40530,50243.0,26300,
state,PE,Hidratado Estoque E.Disp,stock,Dec (2),55711,29086,25569,30162,29741,40812,45678.0,25726,
state,PE,Hidratado Estoque E.Disp,stock,Jan (1),51392,22102,33785,28347,32331,35749,42728.0,25477,
state,PE,Hidratado Estoque E.Disp,stock,Jan (2),48900,24236,43288,31835,31367,30516,41006.0,29231,
state,PE,Hidratado Estoque E.Disp,stock,Feb (1),36075,40170,41959,37116,30820,28999,42308.0,30800,
state,PE,Hidratado Estoque E.Disp,stock,Feb (2),30077,45760,34220,37641,31073,27510,37513.0,31931,
state,PE,Hidratado Estoque E.Disp,stock,Mar (1),22158,46659,29347,34619,32765,29893,34209.0,34011,
state,PE,Hidratado Estoque E.Disp,stock,Mar (2),1748,1599,511,335,3453,5073,3221.0,2781,
state,PE,Hidratado Estoque E.Fisico,stock,Apr (1),0,0,1759,0,0,0,62.0,0,0.0
state,PE,Hidratado Estoque E.Fisico,stock,Apr (2),0,0,1759,0,0,0,62.0,0,0.0
state,PE,Hidratado Estoque E.Fisico,stock,May (1),0,0,1759,0,0,0,62.0,0,0.0
state,PE,Hidratado Estoque E.Fisico,stock,May (2),0,1852,1759,0,0,0,62.0,0,0.0
state,PE,Hidratado Estoque E.Fisico,stock,Jun (1),0,0,1759,0,0,0,62.0,0,0.0
state,PE,Hidratado Estoque E.Fisico,stock,Jun (2),0,0,1759,0,0,0,62.0,0,0.0
state,PE,Hidratado Estoque E.Fisico,stock,Jul (1),0,0,1759,0,0,0,62.0,0,0.0
state,PE,Hidratado Estoque E.Fisico,stock,Jul (2),340,0,1759,0,0,0,62.0,0,0.0
state,PE,Hidratado Estoque E.Fisico,stock,Aug (1),340,59,1759,0,0,192,487.0,335,
state,PE,Hidratado Estoque E.Fisico,stock,Aug (2),6462,1866,2254,312,1111,7283,6589.0,3580,
state,PE,Hidratado Estoque E.Fisico,stock,Sep (1),13607,10269,8296,4377,8781,11568,20221.0,8943,
state,PE,Hidratado Estoque E.Fisico,stock,Sep (2),21762,18023,19631,14922,12508,17427,33128.0,13914,
state,PE,Hidratado Estoque E.Fisico,stock,Oct (1),29288,30328,25478,22781,17840,26311,40653.0,18636,
state,PE,Hidratado Estoque E.Fisico,stock,Oct (2),32175,39420,26717,31300,20128,30263,48454.0,20292,
state,PE,Hidratado Estoque E.Fisico,stock,Nov (1),44335,44761,32318,29523,23302,37865,55051.0,24983,
state,PE,Hidratado Estoque E.Fisico,stock,Nov (2),45626,48770,23623,29032,27538,39492,54872.0,30541,
state,PE,Hidratado Estoque E.Fisico,stock,Dec (1),55618,43964,28545,30185,29993,40889,54335.0,32304,
state,PE,Hidratado Estoque E.Fisico,stock,Dec (2),70730,41182,29748,37959,30934,41186,48847.0,28996,
state,PE,Hidratado Estoque E.Fisico,stock,Jan (1),67383,31945,35842,37422,34580,36059,44701.0,30127,
state,PE,Hidratado Estoque E.Fisico,stock,Jan (2),61016,35397,45668,40546,33123,31280,41786.0,32910,
state,PE,Hidratado Estoque E.Fisico,stock,Feb (1),55703,50627,47579,43811,32598,30387,42903.0,33558,
state,PE,Hidratado Estoque E.Fisico,stock,Feb (2),43870,57540,40278,43556,33349,29224,37724.0,37396,
state,PE,Hidratado Estoque E.Fisico,stock,Mar (1),35966,54671,33566,38634,34241,30704,34271.0,37880,
state,PE,Hidratado Estoque E.Fisico,stock,Mar (2),1852,2567,855,444,3555,5070,3394.0,2790,
state,PE,Hidratado Producao,flow,Apr (1),0,0,0,0,0,0,0.0,0,0.0
state,PE,Hidratado Producao,flow,Apr (2),0,0,0,0,0,0,0.0,0,0.0
state,PE,Hidratado Producao,flow,May (1),0,0,0,0,0,0,0.0,0,0.0
state,PE,Hidratado Producao,flow,May (2),0,0,0,0,0,0,0.0,0,0.0
state,PE,Hidratado Producao,flow,Jun (1),0,0,0,0,0,0,0.0,0,0.0
state,PE,Hidratado Producao,flow,Jun (2),0,0,0,0,0,0,0.0,0,0.0
state,PE,Hidratado Producao,flow,Jul (1),0,0,0,0,0,0,0.0,0,0.0
state,PE,Hidratado Producao,flow,Jul (2),0,0,0,0,0,0,0.0,0,0.0
state,PE,Hidratado Producao,flow,Aug (1),0,0,0,0,0,216,646.0,0,
state,PE,Hidratado Producao,flow,Aug (2),7617,2507,2363,0,1347,5134,8744.0,2075,
state,PE,Hidratado Producao,flow,Sep (1),19366,10538,13853,8393,9552,8311,15863.0,9751,
state,PE,Hidratado Producao,flow,Sep (2),28461,18248,25673,18864,6203,9784,22647.0,16221,
state,PE,Hidratado Producao,flow,Oct (1),37715,26807,22346,14917,9943,13853,20628.0,15549,
state,PE,Hidratado Producao,flow,Oct (2),35022,26648,24138,22525,12020,11629,23232.0,25457,
state,PE,Hidratado Producao,flow,Nov (1),40216,25332,18042,20655,11557,17766,22472.0,23023,
state,PE,Hidratado Producao,flow,Nov (2),40552,27344,17334,24619,13375,14681,18162.0,23203,
state,PE,Hidratado Producao,flow,Dec (1),41013,29819,21110,22660,12388,13128,17865.0,24043,
state,PE,Hidratado Producao,flow,Dec (2),39255,26339,27120,25884,16357,11493,17796.0,26096,
state,PE,Hidratado Producao,flow,Jan (1),23304,36669,25290,16469,12499,6616,15308.0,25285,
state,PE,Hidratado Producao,flow,Jan (2),18346,34557,25051,21094,10568,11968,17799.0,23661,
state,PE,Hidratado Producao,flow,Feb (1),9946,33068,15998,19552,11192,11918,16606.0,19231,
state,PE,Hidratado Producao,flow,Feb (2),5680,21988,7362,11953,9209,10653,12963.0,15062,
state,PE,Hidratado Producao,flow,Mar (1),3783,10731,4641,8623,10854,9875,9885.0,13810,
state,PE,Hidratado Producao,flow,Mar (2),1842,7707,4466,6191,21411,27856,13364.0,9990,
state,PE,Hidratado Saidas Distrib,flow,Apr (1),0,0,0,0,0,0,0.0,0,0.0
state,PE,Hidratado Saidas Distrib,flow,Apr (2),0,0,0,0,0,0,0.0,0,0.0
state,PE,Hidratado Saidas Distrib,flow,May (1),0,0,0,0,0,0,0.0,0,0.0
state,PE,Hidratado Saidas Distrib,flow,May (2),0,0,0,0,0,0,0.0,0,0.0
state,PE,Hidratado Saidas Distrib,flow,Jun (1),0,0,0,0,0,0,0.0,0,0.0
state,PE,Hidratado Saidas Distrib,flow,Jun (2),0,0,0,0,0,0,0.0,0,0.0
state,PE,Hidratado Saidas Distrib,flow,Jul (1),0,0,0,0,0,0,0.0,0,0.0
state,PE,Hidratado Saidas Distrib,flow,Jul (2),0,0,0,0,0,0,0.0,0,0.0
state,PE,Hidratado Saidas Distrib,flow,Aug (1),0,0,0,0,0,0,99.0,0,
state,PE,Hidratado Saidas Distrib,flow,Aug (2),1464,793,1582,0,342,977,2576.0,478,
state,PE,Hidratado Saidas Distrib,flow,Sep (1),11622,3401,7377,3833,973,2999,5242.0,3206,
state,PE,Hidratado Saidas Distrib,flow,Sep (2),18580,10172,11672,6448,736,2945,8479.0,9400,
state,PE,Hidratado Saidas Distrib,flow,Oct (1),29477,13910,10691,4755,3649,4268,11800.0,9003,
state,PE,Hidratado Saidas Distrib,flow,Oct (2),30753,17169,15916,12486,8226,5190,13900.0,22656,
state,PE,Hidratado Saidas Distrib,flow,Nov (1),27439,19521,11297,14880,7319,9703,14576.0,17569,
state,PE,Hidratado Saidas Distrib,flow,Nov (2),29491,22981,18687,20573,7956,12425,17208.0,16757,
state,PE,Hidratado Saidas Distrib,flow,Dec (1),29190,34199,15026,20037,7827,11037,17047.0,21172,
state,PE,Hidratado Saidas Distrib,flow,Dec (2),23325,29217,21299,17108,11326,10751,21552.0,24509,
state,PE,Hidratado Saidas Distrib,flow,Jan (1),25596,45578,14849,16406,6022,11343,18535.0,23470,
state,PE,Hidratado Saidas Distrib,flow,Jan (2),23080,32681,13158,17940,6857,15689,19809.0,19864,
state,PE,Hidratado Saidas Distrib,flow,Feb (1),15227,17730,13792,13857,7175,11430,15324.0,16826,
state,PE,Hidratado Saidas Distrib,flow,Feb (2),16735,16278,9474,10110,6862,12382,17408.0,11231,
state,PE,Hidratado Saidas Distrib,flow,Mar (1),13317,14226,16168,11765,8654,7306,12511.0,18347,
state,PE,Hidratado Saidas Distrib,flow,Mar (2),43905,74740,46997,73787,74612,85993,99615.0,47738,
state,PE,Hidratado Saidas M.Ext,flow,Apr (1),0,0,0,0,0,0,0.0,0,0.0
state,PE,Hidratado Saidas M.Ext,flow,Apr (2),0,0,0,0,0,0,0.0,0,0.0
state,PE,Hidratado Saidas M.Ext,flow,May (1),0,0,0,0,0,0,0.0,0,0.0
state,PE,Hidratado Saidas M.Ext,flow,May (2),0,0,0,0,0,0,0.0,0,0.0
state,PE,Hidratado Saidas M.Ext,flow,Jun (1),0,0,0,0,0,0,0.0,0,0.0
state,PE,Hidratado Saidas M.Ext,flow,Jun (2),0,0,0,0,0,0,0.0,0,0.0
state,PE,Hidratado Saidas M.Ext,flow,Jul (1),0,0,0,0,0,0,0.0,0,0.0
state,PE,Hidratado Saidas M.Ext,flow,Jul (2),0,0,0,0,0,0,0.0,0,0.0
state,PE,Hidratado Saidas M.Ext,flow,Aug (1),0,0,0,0,0,0,0.0,0,
state,PE,Hidratado Saidas M.Ext,flow,Aug (2),0,0,0,0,0,0,0.0,0,
state,PE,Hidratado Saidas M.Ext,flow,Sep (1),0,0,0,0,0,0,0.0,0,
state,PE,Hidratado Saidas M.Ext,flow,Sep (2),0,0,1222,0,0,0,71.0,0,
state,PE,Hidratado Saidas M.Ext,flow,Oct (1),0,199,4426,0,0,0,0.0,0,
state,PE,Hidratado Saidas M.Ext,flow,Oct (2),0,0,5781,0,0,2019,0.0,0,
state,PE,Hidratado Saidas M.Ext,flow,Nov (1),0,173,0,5808,0,0,0.0,0,
state,PE,Hidratado Saidas M.Ext,flow,Nov (2),7493,0,6596,3002,0,0,0.0,0,
state,PE,Hidratado Saidas M.Ext,flow,Dec (1),0,0,0,0,948,0,0.0,0,
state,PE,Hidratado Saidas M.Ext,flow,Dec (2),0,248,4258,0,4561,0,0.0,3835,
state,PE,Hidratado Saidas M.Ext,flow,Jan (1),0,0,3664,0,1686,0,0.0,0,
state,PE,Hidratado Saidas M.Ext,flow,Jan (2),0,0,2204,0,3189,0,0.0,0,
state,PE,Hidratado Saidas M.Ext,flow,Feb (1),0,0,74,0,3227,0,0.0,0,
state,PE,Hidratado Saidas M.Ext,flow,Feb (2),0,198,4107,1001,0,0,0.0,0,
state,PE,Hidratado Saidas M.Ext,flow,Mar (1),0,173,5906,1012,0,0,0.0,0,
state,PE,Hidratado Saidas M.Ext,flow,Mar (2),0,26701,22685,1898,4738,1083,0.0,196,
state,PE,Hidratado Saidas Outras,flow,Apr (1),0,0,0,0,0,0,0.0,0,0.0
state,PE,Hidratado Saidas Outras,flow,Apr (2),0,0,0,0,0,0,0.0,0,0.0
state,PE,Hidratado Saidas Outras,flow,May (1),0,0,0,0,0,0,0.0,0,0.0
state,PE,Hidratado Saidas Outras,flow,May (2),0,0,0,0,0,0,0.0,0,0.0
state,PE,Hidratado Saidas Outras,flow,Jun (1),0,0,0,0,0,0,0.0,0,0.0
state,PE,Hidratado Saidas Outras,flow,Jun (2),0,0,0,0,0,0,0.0,0,0.0
state,PE,Hidratado Saidas Outras,flow,Jul (1),0,0,0,0,0,0,0.0,0,0.0
state,PE,Hidratado Saidas Outras,flow,Jul (2),0,0,0,0,0,0,0.0,0,0.0
state,PE,Hidratado Saidas Outras,flow,Aug (1),0,0,0,0,0,53,122.0,71,
state,PE,Hidratado Saidas Outras,flow,Aug (2),46,130,355,0,0,568,376.0,143,
state,PE,Hidratado Saidas Outras,flow,Sep (1),1082,304,825,1332,1291,1163,1528.0,1245,
state,PE,Hidratado Saidas Outras,flow,Sep (2),2207,322,1454,1934,1740,980,1190.0,1850,
state,PE,Hidratado Saidas Outras,flow,Oct (1),785,393,1382,2303,962,701,1318.0,1824,
state,PE,Hidratado Saidas Outras,flow,Oct (2),1487,387,1212,1520,1506,530,1536.0,1204,
state,PE,Hidratado Saidas Outras,flow,Nov (1),720,341,1144,1744,1160,461,1299.0,763,
state,PE,Hidratado Saidas Outras,flow,Nov (2),2356,354,797,2234,1183,779,1158.0,888,
state,PE,Hidratado Saidas Outras,flow,Dec (1),1831,458,1162,1986,1158,694,1446.0,1108,
state,PE,Hidratado Saidas Outras,flow,Dec (2),1036,347,555,1294,2388,445,1809.0,1228,
state,PE,Hidratado Saidas Outras,flow,Jan (1),1122,328,684,690,1135,462,920.0,929,
state,PE,Hidratado Saidas Outras,flow,Jan (2),1633,444,1116,1275,2002,1130,910.0,1014,
state,PE,Hidratado Saidas Outras,flow,Feb (1),1948,437,1059,2725,1573,1381,1844.0,1818,
state,PE,Hidratado Saidas Outras,flow,Feb (2),1180,310,1082,1162,1606,738,1179.0,1648,
state,PE,Hidratado Saidas Outras,flow,Mar (1),1660,812,1858,1532,1308,1327,827.0,1298,
state,PE,Hidratado Saidas Outras,flow,Mar (2),4375,32299,17577,8898,15024,19543,24270.0,12295,
state,PI,Acucar,flow,Apr (1),0,0,0,0,0,0,0.0,0,0.0
state,PI,Acucar,flow,Apr (2),0,0,0,0,0,0,0.0,0,0.0
state,PI,Acucar,flow,May (1),0,0,0,0,0,0,0.0,0,0.0
state,PI,Acucar,flow,May (2),0,0,0,0,0,0,0.0,0,0.0
state,PI,Acucar,flow,Jun (1),0,0,0,0,0,0,0.0,0,0.0
state,PI,Acucar,flow,Jun (2),3234,0,2041,6297,3603,4173,1384.0,1984,5098.0
state,PI,Acucar,flow,Jul (1),131,4641,6178,8570,8059,7533,7803.0,7270,6107.0
state,PI,Acucar,flow,Jul (2),14623,7381,7841,9277,9353,9200,8779.0,11140,9221.0
state,PI,Acucar,flow,Aug (1),7837,6955,7736,9386,8796,9255,10311.0,9872,
state,PI,Acucar,flow,Aug (2),7391,9036,8571,9603,10890,10399,10955.0,10267,
state,PI,Acucar,flow,Sep (1),8206,9145,10045,10223,10309,10398,11293.0,11201,
state,PI,Acucar,flow,Sep (2),7539,8193,8472,9455,10007,10503,10740.0,9722,
state,PI,Acucar,flow,Oct (1),5989,8525,9686,8308,9942,10062,10516.0,9418,
state,PI,Acucar,flow,Oct (2),6556,8799,10259,9731,9798,10455,10966.0,10271,
state,PI,Acucar,flow,Nov (1),6421,6910,6383,6966,7742,8973,5388.0,5213,
state,PI,Acucar,flow,Nov (2),6402,7220,4529,6310,7681,6505,0.0,0,
state,PI,Acucar,flow,Dec (1),3148,7224,0,5693,4932,0,0.0,0,
state,PI,Acucar,flow,Dec (2),929,0,0,810,0,0,0.0,0,
state,PI,Acucar,flow,Jan (1),0,0,0,0,0,0,0.0,0,
state,PI,Acucar,flow,Jan (2),0,0,0,0,0,0,0.0,0,
state,PI,Acucar,flow,Feb (1),0,0,0,0,0,0,0.0,0,
state,PI,Acucar,flow,Feb (2),0,0,0,0,0,0,0.0,0,
state,PI,Acucar,flow,Mar (1),0,0,0,0,0,0,0.0,0,
state,PI,Acucar,flow,Mar (2),0,0,0,0,0,0,0.0,0,
state,PI,Anidro Entradas,flow,Apr (1),2030,1965,4406,3065,9045,13077,13985.0,5793,6366.0
state,PI,Anidro Entradas,flow,Apr (2),0,0,0,0,0,0,0.0,0,0.0
state,PI,Anidro Entradas,flow,May (1),0,0,0,0,0,0,0.0,0,0.0
state,PI,Anidro Entradas,flow,May (2),0,0,0,0,0,0,0.0,0,0.0
state,PI,Anidro Entradas,flow,Jun (1),0,0,0,0,0,0,0.0,0,0.0
state,PI,Anidro Entradas,flow,Jun (2),0,0,0,0,0,0,0.0,0,0.0
state,PI,Anidro Entradas,flow,Jul (1),0,0,0,0,0,0,0.0,0,0.0
state,PI,Anidro Entradas,flow,Jul (2),0,0,0,0,0,0,0.0,0,0.0
state,PI,Anidro Entradas,flow,Aug (1),0,0,0,0,0,0,0.0,0,
state,PI,Anidro Entradas,flow,Aug (2),0,0,0,0,0,0,0.0,0,
state,PI,Anidro Entradas,flow,Sep (1),0,0,0,0,0,0,0.0,0,
state,PI,Anidro Entradas,flow,Sep (2),0,0,0,0,0,0,0.0,0,
state,PI,Anidro Entradas,flow,Oct (1),0,0,0,0,0,0,0.0,0,
state,PI,Anidro Entradas,flow,Oct (2),0,0,0,0,0,0,0.0,0,
state,PI,Anidro Entradas,flow,Nov (1),0,0,0,0,0,0,0.0,0,
state,PI,Anidro Entradas,flow,Nov (2),0,0,0,0,0,0,0.0,0,
state,PI,Anidro Entradas,flow,Dec (1),0,0,0,0,0,0,0.0,0,
state,PI,Anidro Entradas,flow,Dec (2),0,0,0,0,0,0,0.0,0,
state,PI,Anidro Entradas,flow,Jan (1),0,0,0,0,0,0,0.0,0,
state,PI,Anidro Entradas,flow,Jan (2),0,0,0,0,0,0,0.0,0,
state,PI,Anidro Entradas,flow,Feb (1),0,0,0,0,0,0,0.0,0,
state,PI,Anidro Entradas,flow,Feb (2),0,0,0,0,0,0,0.0,0,
state,PI,Anidro Entradas,flow,Mar (1),0,0,0,0,0,0,0.0,0,
state,PI,Anidro Entradas,flow,Mar (2),0,0,0,0,0,0,0.0,0,
state,PI,Anidro Estoque E.Disp,stock,Apr (1),702,1965,4302,1902,6182,9925,11396.0,4040,4059.0
state,PI,Anidro Estoque E.Disp,stock,Apr (2),136,0,3528,1034,4294,5912,7942.0,4040,1291.0
state,PI,Anidro Estoque E.Disp,stock,May (1),48,0,2087,504,2881,1712,6933.0,2881,995.0
state,PI,Anidro Estoque E.Disp,stock,May (2),48,0,556,0,277,596,2881.0,1435,628.0
state,PI,Anidro Estoque E.Disp,stock,Jun (1),37,0,12,0,0,91,2880.0,0,159.0
state,PI,Anidro Estoque E.Disp,stock,Jun (2),710,0,297,677,0,535,0.0,0,650.0
state,PI,Anidro Estoque E.Disp,stock,Jul (1),1883,1475,2482,1821,389,1950,0.0,1411,1718.0
state,PI,Anidro Estoque E.Disp,stock,Jul (2),2603,2818,4119,4540,1255,3778,0.0,3041,3163.0
state,PI,Anidro Estoque E.Disp,stock,Aug (1),4306,2656,4158,4649,2733,7188,0.0,4233,
state,PI,Anidro Estoque E.Disp,stock,Aug (2),5367,2538,5284,4198,4623,8445,1376.0,5289,
state,PI,Anidro Estoque E.Disp,stock,Sep (1),6530,2083,7135,5060,7707,10071,4143.0,6675,
state,PI,Anidro Estoque E.Disp,stock,Sep (2),5797,2442,8862,7651,10838,11925,5761.0,8118,
state,PI,Anidro Estoque E.Disp,stock,Oct (1),6451,3259,10998,10260,13744,13853,5760.0,10644,
state,PI,Anidro Estoque E.Disp,stock,Oct (2),7404,3808,12050,13491,16938,16949,8569.0,13390,
state,PI,Anidro Estoque E.Disp,stock,Nov (1),6610,5408,13612,15888,18540,19317,8677.0,15780,
state,PI,Anidro Estoque E.Disp,stock,Nov (2),8553,5558,14685,16129,18615,21547,8676.0,15516,
state,PI,Anidro Estoque E.Disp,stock,Dec (1),7765,5832,13594,16112,18274,21546,8676.0,15027,
state,PI,Anidro Estoque E.Disp,stock,Dec (2),6408,5537,12928,16111,17289,21305,8674.0,14487,
state,PI,Anidro Estoque E.Disp,stock,Jan (1),5369,5137,9424,15868,16406,20949,8673.0,13754,
state,PI,Anidro Estoque E.Disp,stock,Jan (2),4908,4652,7814,15806,16396,20938,8671.0,12784,
state,PI,Anidro Estoque E.Disp,stock,Feb (1),4134,4652,6677,15747,16393,19472,7217.0,11117,
state,PI,Anidro Estoque E.Disp,stock,Feb (2),2529,4410,4643,15745,16390,18007,5796.0,10444,
state,PI,Anidro Estoque E.Disp,stock,Mar (1),2276,4410,4108,14444,15412,15125,5795.0,8954,
state,PI,Anidro Estoque E.Disp,stock,Mar (2),1965,4406,3065,9045,13077,13984,5793.0,6366,
state,PI,Anidro Estoque E.Fisico,stock,Apr (1),702,1965,4302,1902,6182,9925,11396.0,4040,4059.0
state,PI,Anidro Estoque E.Fisico,stock,Apr (2),136,0,3528,1034,4294,5912,7942.0,4040,1291.0
state,PI,Anidro Estoque E.Fisico,stock,May (1),48,0,2087,504,2881,1712,6933.0,2881,995.0
state,PI,Anidro Estoque E.Fisico,stock,May (2),48,0,556,0,277,596,2881.0,1435,628.0
state,PI,Anidro Estoque E.Fisico,stock,Jun (1),37,0,12,0,0,91,2880.0,0,159.0
state,PI,Anidro Estoque E.Fisico,stock,Jun (2),705,0,297,677,0,535,0.0,0,650.0
state,PI,Anidro Estoque E.Fisico,stock,Jul (1),1878,1475,2482,1821,390,1950,0.0,1411,1718.0
state,PI,Anidro Estoque E.Fisico,stock,Jul (2),2599,2818,4119,4540,1255,3778,0.0,3041,3163.0
state,PI,Anidro Estoque E.Fisico,stock,Aug (1),4336,2656,4158,4649,2733,7188,0.0,4233,
state,PI,Anidro Estoque E.Fisico,stock,Aug (2),5367,2538,5284,4198,4623,8445,1376.0,5289,
state,PI,Anidro Estoque E.Fisico,stock,Sep (1),6530,2083,7135,5060,7707,10071,4143.0,6675,
state,PI,Anidro Estoque E.Fisico,stock,Sep (2),5797,2442,8862,7651,10838,11925,5761.0,8118,
state,PI,Anidro Estoque E.Fisico,stock,Oct (1),6451,3259,10998,10260,13744,13853,5760.0,10644,
state,PI,Anidro Estoque E.Fisico,stock,Oct (2),7404,3808,12050,13491,16938,16949,8569.0,13390,
state,PI,Anidro Estoque E.Fisico,stock,Nov (1),6610,5408,13612,15888,18540,19317,8677.0,15780,
state,PI,Anidro Estoque E.Fisico,stock,Nov (2),8553,5558,14685,16129,18615,21547,8676.0,15516,
state,PI,Anidro Estoque E.Fisico,stock,Dec (1),7765,5832,13594,16112,18274,21546,8676.0,15027,
state,PI,Anidro Estoque E.Fisico,stock,Dec (2),6408,5537,12928,16111,17289,21305,8674.0,14487,
state,PI,Anidro Estoque E.Fisico,stock,Jan (1),5369,5137,9424,15868,16406,20949,8673.0,13754,
state,PI,Anidro Estoque E.Fisico,stock,Jan (2),4908,4652,7814,15806,16396,20938,8671.0,12784,
state,PI,Anidro Estoque E.Fisico,stock,Feb (1),4134,4652,6677,15747,16393,19472,7217.0,11117,
state,PI,Anidro Estoque E.Fisico,stock,Feb (2),2529,4410,4643,15745,16390,18007,5796.0,10444,
state,PI,Anidro Estoque E.Fisico,stock,Mar (1),2276,4410,4108,14444,15412,15125,5795.0,8954,
state,PI,Anidro Estoque E.Fisico,stock,Mar (2),1965,4406,3065,9045,13077,13985,5793.0,6366,
state,PI,Anidro Producao,flow,Apr (1),0,0,0,0,0,0,0.0,0,0.0
state,PI,Anidro Producao,flow,Apr (2),0,0,0,0,0,0,0.0,0,0.0
state,PI,Anidro Producao,flow,May (1),0,0,0,0,0,0,0.0,0,0.0
state,PI,Anidro Producao,flow,May (2),0,0,0,0,0,0,0.0,0,0.0
state,PI,Anidro Producao,flow,Jun (1),0,0,0,0,0,0,0.0,0,0.0
state,PI,Anidro Producao,flow,Jun (2),876,0,344,1392,0,540,0.0,0,618.0
state,PI,Anidro Producao,flow,Jul (1),1642,1486,2771,3356,449,1915,0.0,1530,1575.0
state,PI,Anidro Producao,flow,Jul (2),1530,1878,3500,3200,3570,2688,0.0,1808,2347.0
state,PI,Anidro Producao,flow,Aug (1),2006,0,3436,1670,3646,3445,0.0,1639,
state,PI,Anidro Producao,flow,Aug (2),2129,807,3217,1269,3819,3723,1377.0,1538,
state,PI,Anidro Producao,flow,Sep (1),2204,0,3445,2378,3570,3533,2767.0,1576,
state,PI,Anidro Producao,flow,Sep (2),672,1796,2888,3364,3539,3552,1638.0,1870,
state,PI,Anidro Producao,flow,Oct (1),1936,2250,2580,3029,3509,3504,0.0,3138,
state,PI,Anidro Producao,flow,Oct (2),2203,3513,1516,3473,3477,3860,2826.0,3120,
state,PI,Anidro Producao,flow,Nov (1),187,2933,2504,2857,1839,3658,108.0,2626,
state,PI,Anidro Producao,flow,Nov (2),2635,1453,1934,664,495,2422,0.0,0,
state,PI,Anidro Producao,flow,Dec (1),0,688,0,0,0,0,0.0,0,
state,PI,Anidro Producao,flow,Dec (2),0,0,0,0,0,0,0.0,0,
state,PI,Anidro Producao,flow,Jan (1),0,0,0,0,0,0,0.0,0,
state,PI,Anidro Producao,flow,Jan (2),0,0,0,0,0,0,0.0,0,
state,PI,Anidro Producao,flow,Feb (1),0,0,0,0,0,0,0.0,0,
state,PI,Anidro Producao,flow,Feb (2),0,0,0,0,0,0,0.0,0,
state,PI,Anidro Producao,flow,Mar (1),0,0,0,0,0,0,0.0,0,
state,PI,Anidro Producao,flow,Mar (2),0,0,0,0,0,0,0.0,0,
state,PI,Anidro Saidas Distrib,flow,Apr (1),1328,0,103,209,0,3152,0.0,0,295.0
state,PI,Anidro Saidas Distrib,flow,Apr (2),566,0,297,864,0,2558,0.0,0,733.0
state,PI,Anidro Saidas Distrib,flow,May (1),88,0,226,526,0,2963,0.0,0,296.0
state,PI,Anidro Saidas Distrib,flow,May (2),0,0,1334,0,0,1115,0.0,0,358.0
state,PI,Anidro Saidas Distrib,flow,Jun (1),0,0,543,0,0,296,0.0,0,469.0
state,PI,Anidro Saidas Distrib,flow,Jun (2),191,0,59,698,0,0,0.0,0,117.0
state,PI,Anidro Saidas Distrib,flow,Jul (1),469,0,586,2182,59,492,0.0,119,503.0
state,PI,Anidro Saidas Distrib,flow,Jul (2),770,516,1798,465,2671,843,0.0,178,877.0
state,PI,Anidro Saidas Distrib,flow,Aug (1),229,160,3344,1561,2168,0,0.0,431,
state,PI,Anidro Saidas Distrib,flow,Aug (2),1079,918,2036,1692,1881,2419,0.0,477,
state,PI,Anidro Saidas Distrib,flow,Sep (1),1041,454,1578,1501,474,1890,0.0,184,
state,PI,Anidro Saidas Distrib,flow,Sep (2),1365,1409,1149,763,408,1679,0.0,417,
state,PI,Anidro Saidas Distrib,flow,Oct (1),1269,1433,444,420,579,1576,0.0,590,
state,PI,Anidro Saidas Distrib,flow,Oct (2),1235,2888,462,237,223,692,0.0,352,
state,PI,Anidro Saidas Distrib,flow,Nov (1),969,1295,942,460,237,1290,0.0,236,
state,PI,Anidro Saidas Distrib,flow,Nov (2),639,1278,844,396,46,116,0.0,233,
state,PI,Anidro Saidas Distrib,flow,Dec (1),779,414,1089,0,341,0,0.0,479,
state,PI,Anidro Saidas Distrib,flow,Dec (2),1354,281,354,0,980,237,0.0,530,
state,PI,Anidro Saidas Distrib,flow,Jan (1),1037,400,728,242,877,356,0.0,729,
state,PI,Anidro Saidas Distrib,flow,Jan (2),460,479,649,60,0,0,0.0,960,
state,PI,Anidro Saidas Distrib,flow,Feb (1),774,0,183,59,0,0,0.0,1667,
state,PI,Anidro Saidas Distrib,flow,Feb (2),1605,241,59,0,0,0,0.0,669,
state,PI,Anidro Saidas Distrib,flow,Mar (1),252,0,535,0,978,0,0.0,177,
state,PI,Anidro Saidas Distrib,flow,Mar (2),310,0,283,0,2332,0,0.0,415,
state,PI,Anidro Saidas M.Ext,flow,Apr (1),0,0,0,0,0,0,0.0,0,0.0
state,PI,Anidro Saidas M.Ext,flow,Apr (2),0,0,0,0,0,0,0.0,0,0.0
state,PI,Anidro Saidas M.Ext,flow,May (1),0,0,0,0,0,0,0.0,0,0.0
state,PI,Anidro Saidas M.Ext,flow,May (2),0,0,0,0,0,0,0.0,0,0.0
state,PI,Anidro Saidas M.Ext,flow,Jun (1),0,0,0,0,0,0,0.0,0,0.0
state,PI,Anidro Saidas M.Ext,flow,Jun (2),0,0,0,0,0,0,0.0,0,0.0
state,PI,Anidro Saidas M.Ext,flow,Jul (1),0,0,0,0,0,0,0.0,0,0.0
state,PI,Anidro Saidas M.Ext,flow,Jul (2),0,0,0,0,0,0,0.0,0,0.0
state,PI,Anidro Saidas M.Ext,flow,Aug (1),0,0,0,0,0,0,0.0,0,
state,PI,Anidro Saidas M.Ext,flow,Aug (2),0,0,0,0,0,0,0.0,0,
state,PI,Anidro Saidas M.Ext,flow,Sep (1),0,0,0,0,0,0,0.0,0,
state,PI,Anidro Saidas M.Ext,flow,Sep (2),0,0,0,0,0,0,0.0,0,
state,PI,Anidro Saidas M.Ext,flow,Oct (1),0,0,0,0,0,0,0.0,0,
state,PI,Anidro Saidas M.Ext,flow,Oct (2),0,0,0,0,0,0,0.0,0,
state,PI,Anidro Saidas M.Ext,flow,Nov (1),0,0,0,0,0,0,0.0,0,
state,PI,Anidro Saidas M.Ext,flow,Nov (2),0,0,0,0,0,0,0.0,0,
state,PI,Anidro Saidas M.Ext,flow,Dec (1),0,0,0,0,0,0,0.0,0,
state,PI,Anidro Saidas M.Ext,flow,Dec (2),0,0,0,0,0,0,0.0,0,
state,PI,Anidro Saidas M.Ext,flow,Jan (1),0,0,0,0,0,0,0.0,0,
state,PI,Anidro Saidas M.Ext,flow,Jan (2),0,0,0,0,0,0,0.0,0,
state,PI,Anidro Saidas M.Ext,flow,Feb (1),0,0,0,0,0,0,0.0,0,
state,PI,Anidro Saidas M.Ext,flow,Feb (2),0,0,0,0,0,0,0.0,0,
state,PI,Anidro Saidas M.Ext,flow,Mar (1),0,0,0,0,0,0,0.0,0,
state,PI,Anidro Saidas M.Ext,flow,Mar (2),0,0,0,0,0,0,0.0,0,
state,PI,Anidro Saidas Outras,flow,Apr (1),0,0,1,954,2863,0,2589.0,1753,2012.0
state,PI,Anidro Saidas Outras,flow,Apr (2),0,1965,477,4,1888,1455,3454.0,0,2035.0
state,PI,Anidro Saidas Outras,flow,May (1),0,0,1215,4,1413,1237,1009.0,1159,0.0
state,PI,Anidro Saidas Outras,flow,May (2),0,0,197,504,2604,1,4052.0,1446,9.0
state,PI,Anidro Saidas Outras,flow,Jun (1),11,0,1,0,277,209,1.0,1435,0.0
state,PI,Anidro Saidas Outras,flow,Jun (2),17,0,0,17,0,96,2880.0,0,10.0
state,PI,Anidro Saidas Outras,flow,Jul (1),0,11,0,30,0,8,0.0,0,4.0
state,PI,Anidro Saidas Outras,flow,Jul (2),39,19,65,16,34,17,0.0,0,25.0
state,PI,Anidro Saidas Outras,flow,Aug (1),40,2,53,0,0,35,0.0,16,
state,PI,Anidro Saidas Outras,flow,Aug (2),19,7,55,28,48,47,1.0,5,
state,PI,Anidro Saidas Outras,flow,Sep (1),0,1,16,15,12,17,0.0,6,
state,PI,Anidro Saidas Outras,flow,Sep (2),40,28,12,10,0,19,20.0,10,
state,PI,Anidro Saidas Outras,flow,Oct (1),13,0,0,0,24,0,1.0,22,
state,PI,Anidro Saidas Outras,flow,Oct (2),15,76,2,5,60,72,17.0,22,
state,PI,Anidro Saidas Outras,flow,Nov (1),12,38,0,0,0,0,0.0,0,
state,PI,Anidro Saidas Outras,flow,Nov (2),53,25,17,27,374,76,1.0,31,
state,PI,Anidro Saidas Outras,flow,Dec (1),9,0,2,17,0,1,0.0,10,
state,PI,Anidro Saidas Outras,flow,Dec (2),3,14,312,1,5,4,2.0,10,
state,PI,Anidro Saidas Outras,flow,Jan (1),2,0,2776,1,6,0,1.0,4,
state,PI,Anidro Saidas Outras,flow,Jan (2),1,6,961,2,10,11,2.0,10,
state,PI,Anidro Saidas Outras,flow,Feb (1),0,0,954,0,3,1466,1454.0,0,
state,PI,Anidro Saidas Outras,flow,Feb (2),0,1,1975,2,3,1465,1421.0,4,
state,PI,Anidro Saidas Outras,flow,Mar (1),1,0,0,1301,0,2882,1.0,1313,
state,PI,Anidro Saidas Outras,flow,Mar (2),1,4,760,5399,3,1140,2.0,2173,
state,PI,Cana,flow,Apr (1),0,0,7474,0,0,0,0.0,0,0.0
state,PI,Cana,flow,Apr (2),0,0,0,0,0,0,0.0,0,0.0
state,PI,Cana,flow,May (1),0,0,0,0,0,0,0.0,0,0.0
state,PI,Cana,flow,May (2),0,0,0,0,0,0,0.0,0,0.0
state,PI,Cana,flow,Jun (1),0,0,0,4468,0,0,0.0,0,0.0
state,PI,Cana,flow,Jun (2),61883,21933,44397,120648,71169,81770,46993.0,52804,135689.0
state,PI,Cana,flow,Jul (1),104727,88922,118832,130630,129518,122626,116853.0,123454,163009.0
state,PI,Cana,flow,Jul (2),113981,114481,127952,137221,142470,145021,133293.0,141682,182063.0
state,PI,Cana,flow,Aug (1),100675,109107,122297,130348,133564,133559,128594.0,129221,
state,PI,Cana,flow,Aug (2),99268,118218,126398,135631,144470,144215,132076.0,138217,
state,PI,Cana,flow,Sep (1),100399,116833,131322,129905,129791,133936,130202.0,137091,
state,PI,Cana,flow,Sep (2),102602,118388,91666,121608,118574,131551,125270.0,121965,
state,PI,Cana,flow,Oct (1),93225,125173,118946,113505,128936,122647,118320.0,115950,
state,PI,Cana,flow,Oct (2),105872,124807,122095,129030,109554,120377,125725.0,122621,
state,PI,Cana,flow,Nov (1),94151,104717,93525,106955,120018,121748,69139.0,98332,
state,PI,Cana,flow,Nov (2),98362,107107,72412,101052,116799,86862,0.0,0,
state,PI,Cana,flow,Dec (1),66015,99351,0,97303,84834,0,0.0,0,
state,PI,Cana,flow,Dec (2),25996,0,0,10541,0,0,0.0,0,
state,PI,Cana,flow,Jan (1),0,0,0,0,0,0,0.0,0,
state,PI,Cana,flow,Jan (2),0,0,0,0,0,0,0.0,0,
state,PI,Cana,flow,Feb (1),0,0,0,0,0,0,0.0,0,
state,PI,Cana,flow,Feb (2),0,0,0,0,0,0,0.0,0,
state,PI,Cana,flow,Mar (1),0,0,0,0,0,0,0.0,0,
state,PI,Cana,flow,Mar (2),0,0,0,0,0,0,0.0,0,
state,PI,Etanol Total,flow,Apr (1),0,0,0,0,0,0,0.0,0,0.0
state,PI,Etanol Total,flow,Apr (2),0,0,0,0,0,0,0.0,0,0.0
state,PI,Etanol Total,flow,May (1),0,0,0,0,0,0,0.0,0,0.0
state,PI,Etanol Total,flow,May (2),0,0,0,0,0,0,0.0,0,0.0
state,PI,Etanol Total,flow,Jun (1),0,0,0,0,0,0,0.0,0,0.0
state,PI,Etanol Total,flow,Jun (2),1505,1471,1065,3177,1909,2107,1126.0,1344,3186.0
state,PI,Etanol Total,flow,Jul (1),3460,2938,3659,3817,4026,4325,3709.0,4191,4718.0
state,PI,Etanol Total,flow,Jul (2),2957,4065,4266,4246,4401,5522,4308.0,3906,5319.0
state,PI,Etanol Total,flow,Aug (1),2104,4437,4390,4201,4571,4964,3268.0,3911,
state,PI,Etanol Total,flow,Aug (2),2129,4050,4308,4633,4619,5149,3304.0,4403,
state,PI,Etanol Total,flow,Sep (1),2204,4094,4550,4468,4009,4770,3253.0,3675,
state,PI,Etanol Total,flow,Sep (2),3326,4797,3915,3720,3993,4554,3672.0,4156,
state,PI,Etanol Total,flow,Oct (1),4190,4899,3884,3311,3948,4052,3287.0,3607,
state,PI,Etanol Total,flow,Oct (2),4528,4630,3697,3771,3994,4533,3703.0,3994,
state,PI,Etanol Total,flow,Nov (1),3999,3712,2504,2966,3673,4175,2097.0,4717,
state,PI,Etanol Total,flow,Nov (2),3677,3554,2370,2670,3363,3005,0.0,0,
state,PI,Etanol Total,flow,Dec (1),2103,3810,0,2508,2520,0,0.0,0,
state,PI,Etanol Total,flow,Dec (2),1298,0,0,651,0,0,0.0,0,
state,PI,Etanol Total,flow,Jan (1),0,0,0,0,0,0,0.0,0,
state,PI,Etanol Total,flow,Jan (2),0,0,0,0,0,0,0.0,0,
state,PI,Etanol Total,flow,Feb (1),0,0,0,0,0,0,0.0,0,
state,PI,Etanol Total,flow,Feb (2),0,0,0,0,0,0,0.0,0,
state,PI,Etanol Total,flow,Mar (1),0,0,0,0,0,0,0.0,0,
state,PI,Etanol Total,flow,Mar (2),0,0,0,0,0,0,0.0,0,
state,PI,Hidratado Entradas,flow,Apr (1),69,2289,981,1693,4397,2531,5575.0,4810,3550.0
state,PI,Hidratado Entradas,flow,Apr (2),0,2039,490,0,1962,1520,3595.0,0,2119.0
state,PI,Hidratado Entradas,flow,May (1),0,0,1259,0,1468,1274,1049.0,1219,0.0
state,PI,Hidratado Entradas,flow,May (2),0,0,199,524,2716,0,4221.0,1510,0.0
state,PI,Hidratado Entradas,flow,Jun (1),11,0,0,0,283,210,0.0,1507,0.0
state,PI,Hidratado Entradas,flow,Jun (2),10,0,0,0,0,95,2995.0,0,0.0
state,PI,Hidratado Entradas,flow,Jul (1),0,0,0,0,0,0,0.0,0,0.0
state,PI,Hidratado Entradas,flow,Jul (2),-2,0,0,0,0,0,0.0,0,0.0
state,PI,Hidratado Entradas,flow,Aug (1),0,0,0,0,0,0,0.0,0,
state,PI,Hidratado Entradas,flow,Aug (2),0,0,0,0,0,0,0.0,0,
state,PI,Hidratado Entradas,flow,Sep (1),0,0,0,0,0,0,0.0,0,
state,PI,Hidratado Entradas,flow,Sep (2),0,0,0,0,0,0,0.0,0,
state,PI,Hidratado Entradas,flow,Oct (1),0,0,0,0,0,0,0.0,0,
state,PI,Hidratado Entradas,flow,Oct (2),0,0,0,0,0,0,0.0,0,
state,PI,Hidratado Entradas,flow,Nov (1),0,0,0,0,0,0,0.0,0,
state,PI,Hidratado Entradas,flow,Nov (2),36,0,0,0,340,0,0.0,0,
state,PI,Hidratado Entradas,flow,Dec (1),0,0,0,0,0,0,0.0,0,
state,PI,Hidratado Entradas,flow,Dec (2),0,0,315,0,0,0,0.0,0,
state,PI,Hidratado Entradas,flow,Jan (1),0,0,2889,0,0,0,0.0,0,
state,PI,Hidratado Entradas,flow,Jan (2),0,0,984,0,0,0,0.0,0,
state,PI,Hidratado Entradas,flow,Feb (1),0,0,985,0,0,1531,1521.0,0,
state,PI,Hidratado Entradas,flow,Feb (2),0,0,2062,0,0,1511,1494.0,0,
state,PI,Hidratado Entradas,flow,Mar (1),0,0,0,1359,0,3008,0.0,1366,
state,PI,Hidratado Entradas,flow,Mar (2),0,0,792,5629,0,1184,0.0,1315,
state,PI,Hidratado Estoque E.Disp,stock,Apr (1),36,128,628,1058,1283,1028,2373.0,3314,1325.0
state,PI,Hidratado Estoque E.Disp,stock,Apr (2),29,258,467,298,344,1395,2606.0,1998,1532.0
state,PI,Hidratado Estoque E.Disp,stock,May (1),17,97,530,41,33,1035,777.0,1744,81.0
state,PI,Hidratado Estoque E.Disp,stock,May (2),1,85,373,219,682,31,2167.0,1483,60.0
state,PI,Hidratado Estoque E.Disp,stock,Jun (1),4,79,118,43,60,15,465.0,1215,53.0
state,PI,Hidratado Estoque E.Disp,stock,Jun (2),627,1544,647,1285,1209,1252,3205.0,1070,1518.0
state,PI,Hidratado Estoque E.Disp,stock,Jul (1),2140,2669,1474,615,3622,2745,4590.0,1852,4054.0
state,PI,Hidratado Estoque E.Disp,stock,Jul (2),2232,3813,1933,465,3841,4733,6383.0,2852,5865.0
state,PI,Hidratado Estoque E.Disp,stock,Aug (1),1595,6330,2736,1483,4258,5166,7309.0,3694,
state,PI,Hidratado Estoque E.Disp,stock,Aug (2),1587,7055,2454,4164,4260,5572,7640.0,5517,
state,PI,Hidratado Estoque E.Disp,stock,Sep (1),659,9118,2365,4821,4156,6049,6935.0,5863,
state,PI,Hidratado Estoque E.Disp,stock,Sep (2),2432,9165,3151,4149,3653,6233,8132.0,6875,
state,PI,Hidratado Estoque E.Disp,stock,Oct (1),2759,10474,3644,3712,3312,5986,10501.0,5596,
state,PI,Hidratado Estoque E.Disp,stock,Oct (2),2333,9641,4650,2863,2160,5201,10577.0,5696,
state,PI,Hidratado Estoque E.Disp,stock,Nov (1),4204,9069,3219,1810,3076,4842,11902.0,7770,
state,PI,Hidratado Estoque E.Disp,stock,Nov (2),4215,9590,2583,2985,5285,4549,11110.0,7586,
state,PI,Hidratado Estoque E.Disp,stock,Dec (1),6050,10872,1923,4714,7438,3529,10402.0,6971,
state,PI,Hidratado Estoque E.Disp,stock,Dec (2),6362,9833,141,4239,5870,2461,9235.0,6010,
state,PI,Hidratado Estoque E.Disp,stock,Jan (1),5461,8493,1436,3577,5515,1525,7899.0,5078,
state,PI,Hidratado Estoque E.Disp,stock,Jan (2),5145,6736,806,2777,5142,624,6024.0,3645,
state,PI,Hidratado Estoque E.Disp,stock,Feb (1),4743,4560,141,1869,4531,1211,6010.0,2320,
state,PI,Hidratado Estoque E.Disp,stock,Feb (2),4448,2774,1376,832,3793,1244,5735.0,1618,
state,PI,Hidratado Estoque E.Disp,stock,Mar (1),3980,1236,649,513,3154,2901,4535.0,1360,
state,PI,Hidratado Estoque E.Disp,stock,Mar (2),2289,981,704,1394,2531,2877,2968.0,487,
state,PI,Hidratado Estoque E.Fisico,stock,Apr (1),36,128,628,1058,1283,1028,2373.0,3314,1325.0
state,PI,Hidratado Estoque E.Fisico,stock,Apr (2),29,258,467,298,344,1395,2606.0,1998,1532.0
state,PI,Hidratado Estoque E.Fisico,stock,May (1),17,97,530,41,33,1035,777.0,1744,81.0
state,PI,Hidratado Estoque E.Fisico,stock,May (2),1,85,373,219,682,31,2167.0,1483,60.0
state,PI,Hidratado Estoque E.Fisico,stock,Jun (1),4,79,118,43,60,15,465.0,1215,53.0
state,PI,Hidratado Estoque E.Fisico,stock,Jun (2),629,1544,647,1285,1209,1252,3205.0,1070,1518.0
state,PI,Hidratado Estoque E.Fisico,stock,Jul (1),2142,2669,1474,615,3622,2745,4590.0,1852,4054.0
state,PI,Hidratado Estoque E.Fisico,stock,Jul (2),2232,3813,1933,465,3841,4733,6383.0,2852,5865.0
state,PI,Hidratado Estoque E.Fisico,stock,Aug (1),1595,6330,2736,1483,4258,5166,7309.0,3694,
state,PI,Hidratado Estoque E.Fisico,stock,Aug (2),1587,7055,2454,4164,4360,5572,7640.0,5517,
state,PI,Hidratado Estoque E.Fisico,stock,Sep (1),659,9118,2365,4821,4156,6049,6935.0,5863,
state,PI,Hidratado Estoque E.Fisico,stock,Sep (2),2432,9165,3151,4149,3653,6233,8132.0,6875,
state,PI,Hidratado Estoque E.Fisico,stock,Oct (1),2759,10474,3644,3712,3312,5986,10501.0,5596,
state,PI,Hidratado Estoque E.Fisico,stock,Oct (2),2333,9641,4650,2863,2160,5201,10577.0,5696,
state,PI,Hidratado Estoque E.Fisico,stock,Nov (1),4204,9069,3219,1810,3076,4842,11902.0,7770,
state,PI,Hidratado Estoque E.Fisico,stock,Nov (2),4215,9590,2583,2985,5285,4549,11110.0,7586,
state,PI,Hidratado Estoque E.Fisico,stock,Dec (1),6050,10872,1923,4714,7438,3529,10402.0,6971,
state,PI,Hidratado Estoque E.Fisico,stock,Dec (2),6362,9833,141,4239,5870,2461,9235.0,6010,
state,PI,Hidratado Estoque E.Fisico,stock,Jan (1),5461,8493,1436,3577,5515,1525,7899.0,5078,
state,PI,Hidratado Estoque E.Fisico,stock,Jan (2),5145,6736,806,2777,5142,624,6024.0,3645,
state,PI,Hidratado Estoque E.Fisico,stock,Feb (1),4743,4560,141,1869,4531,1211,6010.0,2320,
state,PI,Hidratado Estoque E.Fisico,stock,Feb (2),4448,2774,1376,832,3793,1244,5735.0,1618,
state,PI,Hidratado Estoque E.Fisico,stock,Mar (1),3980,1236,649,513,3154,2901,4535.0,1360,
state,PI,Hidratado Estoque E.Fisico,stock,Mar (2),2289,981,704,1394,2531,2877,2968.0,487,
state,PI,Hidratado Producao,flow,Apr (1),0,0,0,0,0,0,0.0,0,0.0
state,PI,Hidratado Producao,flow,Apr (2),0,0,0,0,0,0,0.0,0,0.0
state,PI,Hidratado Producao,flow,May (1),0,0,0,0,0,0,0.0,0,0.0
state,PI,Hidratado Producao,flow,May (2),0,0,0,0,0,0,0.0,0,0.0
state,PI,Hidratado Producao,flow,Jun (1),0,0,0,0,0,0,0.0,0,0.0
state,PI,Hidratado Producao,flow,Jun (2),629,1471,721,1785,1909,1567,1126.0,1344,2568.0
state,PI,Hidratado Producao,flow,Jul (1),1818,1452,888,461,3577,2410,3709.0,2661,3143.0
state,PI,Hidratado Producao,flow,Jul (2),1427,2187,766,1046,831,2834,4308.0,2098,2972.0
state,PI,Hidratado Producao,flow,Aug (1),98,4437,954,2531,925,1519,3268.0,2272,
state,PI,Hidratado Producao,flow,Aug (2),0,3243,1091,3364,800,1426,1927.0,2865,
state,PI,Hidratado Producao,flow,Sep (1),0,4094,1105,2090,439,1237,486.0,2099,
state,PI,Hidratado Producao,flow,Sep (2),2654,3001,1027,356,454,1002,2034.0,2286,
state,PI,Hidratado Producao,flow,Oct (1),2254,2649,1304,282,439,548,3287.0,469,
state,PI,Hidratado Producao,flow,Oct (2),2325,1117,2181,298,517,673,877.0,874,
state,PI,Hidratado Producao,flow,Nov (1),3812,779,0,109,1834,517,1989.0,2091,
state,PI,Hidratado Producao,flow,Nov (2),1042,2101,436,2006,2868,583,0.0,0,
state,PI,Hidratado Producao,flow,Dec (1),2103,3122,0,2508,2520,0,0.0,0,
state,PI,Hidratado Producao,flow,Dec (2),1298,0,0,651,0,0,0.0,0,
state,PI,Hidratado Producao,flow,Jan (1),0,0,0,0,0,0,0.0,0,
state,PI,Hidratado Producao,flow,Jan (2),0,0,0,0,0,0,0.0,0,
state,PI,Hidratado Producao,flow,Feb (1),0,0,0,0,0,0,0.0,0,
state,PI,Hidratado Producao,flow,Feb (2),0,0,0,0,0,0,0.0,0,
state,PI,Hidratado Producao,flow,Mar (1),0,0,0,0,0,0,0.0,0,
state,PI,Hidratado Producao,flow,Mar (2),0,0,0,0,0,0,0.0,0,
state,PI,Hidratado Saidas Distrib,flow,Apr (1),30,2148,266,624,3101,1500,3192.0,1486,2218.0
state,PI,Hidratado Saidas Distrib,flow,Apr (2),0,1895,610,753,2892,1142,3341.0,1308,1906.0
state,PI,Hidratado Saidas Distrib,flow,May (1),0,154,1165,250,1773,1626,2870.0,1467,1432.0
state,PI,Hidratado Saidas Distrib,flow,May (2),0,0,328,338,2057,990,2810.0,1763,5.0
state,PI,Hidratado Saidas Distrib,flow,Jun (1),0,0,238,165,897,210,1690.0,1763,0.0
state,PI,Hidratado Saidas Distrib,flow,Jun (2),0,0,178,535,755,405,1370.0,1473,1092.0
state,PI,Hidratado Saidas Distrib,flow,Jul (1),300,314,45,1123,1123,903,2315.0,1871,591.0
state,PI,Hidratado Saidas Distrib,flow,Jul (2),1313,1030,278,1189,598,826,2489.0,1082,1134.0
state,PI,Hidratado Saidas Distrib,flow,Aug (1),725,1903,121,1504,498,1061,2332.0,1420,
state,PI,Hidratado Saidas Distrib,flow,Aug (2),0,2494,1348,666,661,990,1579.0,1017,
state,PI,Hidratado Saidas Distrib,flow,Sep (1),918,1995,1179,1422,628,737,1186.0,1731,
state,PI,Hidratado Saidas Distrib,flow,Sep (2),852,2908,226,1002,948,795,828.0,1242,
state,PI,Hidratado Saidas Distrib,flow,Oct (1),1894,1335,805,692,761,790,909.0,1732,
state,PI,Hidratado Saidas Distrib,flow,Oct (2),2737,1901,1147,1141,1642,1429,792.0,763,
state,PI,Hidratado Saidas Distrib,flow,Nov (1),1921,1332,1425,1138,909,866,656.0,0,
state,PI,Hidratado Saidas Distrib,flow,Nov (2),1059,1565,1051,785,969,839,772.0,179,
state,PI,Hidratado Saidas Distrib,flow,Dec (1),255,1835,646,753,358,1012,701.0,605,
state,PI,Hidratado Saidas Distrib,flow,Dec (2),976,1010,2089,1116,1554,1061,1156.0,955,
state,PI,Hidratado Saidas Distrib,flow,Jan (1),896,1337,1586,648,344,930,1330.0,926,
state,PI,Hidratado Saidas Distrib,flow,Jan (2),311,1742,1594,796,356,890,1869.0,1421,
state,PI,Hidratado Saidas Distrib,flow,Feb (1),397,2173,1640,897,603,937,1529.0,1321,
state,PI,Hidratado Saidas Distrib,flow,Feb (2),292,1764,803,1027,733,1470,1762.0,698,
state,PI,Hidratado Saidas Distrib,flow,Mar (1),465,1532,721,1671,636,1345,1194.0,1619,
state,PI,Hidratado Saidas Distrib,flow,Mar (2),1677,224,723,4724,612,1204,1559.0,2180,
state,PI,Hidratado Saidas M.Ext,flow,Apr (1),0,0,0,0,0,0,0.0,0,0.0
state,PI,Hidratado Saidas M.Ext,flow,Apr (2),0,0,0,0,0,0,0.0,0,0.0
state,PI,Hidratado Saidas M.Ext,flow,May (1),0,0,0,0,0,0,0.0,0,0.0
state,PI,Hidratado Saidas M.Ext,flow,May (2),0,0,0,0,0,0,0.0,0,0.0
state,PI,Hidratado Saidas M.Ext,flow,Jun (1),0,0,0,0,0,0,0.0,0,0.0
state,PI,Hidratado Saidas M.Ext,flow,Jun (2),0,0,0,0,0,0,0.0,0,0.0
state,PI,Hidratado Saidas M.Ext,flow,Jul (1),0,0,0,0,0,0,0.0,0,0.0
state,PI,Hidratado Saidas M.Ext,flow,Jul (2),0,0,0,0,0,0,0.0,0,0.0
state,PI,Hidratado Saidas M.Ext,flow,Aug (1),0,0,0,0,0,0,0.0,0,
state,PI,Hidratado Saidas M.Ext,flow,Aug (2),0,0,0,0,0,0,0.0,0,
state,PI,Hidratado Saidas M.Ext,flow,Sep (1),0,0,0,0,0,0,0.0,0,
state,PI,Hidratado Saidas M.Ext,flow,Sep (2),0,0,0,0,0,0,0.0,0,
state,PI,Hidratado Saidas M.Ext,flow,Oct (1),0,0,0,0,0,0,0.0,0,
state,PI,Hidratado Saidas M.Ext,flow,Oct (2),0,0,0,0,0,0,0.0,0,
state,PI,Hidratado Saidas M.Ext,flow,Nov (1),0,0,0,0,0,0,0.0,0,
state,PI,Hidratado Saidas M.Ext,flow,Nov (2),0,0,0,0,0,0,0.0,0,
state,PI,Hidratado Saidas M.Ext,flow,Dec (1),0,0,0,0,0,0,0.0,0,
state,PI,Hidratado Saidas M.Ext,flow,Dec (2),0,0,0,0,0,0,0.0,0,
state,PI,Hidratado Saidas M.Ext,flow,Jan (1),0,0,0,0,0,0,0.0,0,
state,PI,Hidratado Saidas M.Ext,flow,Jan (2),0,0,0,0,0,0,0.0,0,
state,PI,Hidratado Saidas M.Ext,flow,Feb (1),0,0,0,0,0,0,0.0,0,
state,PI,Hidratado Saidas M.Ext,flow,Feb (2),0,0,0,0,0,0,0.0,0,
state,PI,Hidratado Saidas M.Ext,flow,Mar (1),0,0,0,0,0,0,0.0,0,
state,PI,Hidratado Saidas M.Ext,flow,Mar (2),0,0,0,0,0,0,0.0,0,
state,PI,Hidratado Saidas Outras,flow,Apr (1),3,13,87,11,13,3,10.0,10,7.0
state,PI,Hidratado Saidas Outras,flow,Apr (2),7,14,41,7,9,11,21.0,8,6.0
state,PI,Hidratado Saidas Outras,flow,May (1),12,7,31,7,6,8,8.0,6,19.0
state,PI,Hidratado Saidas Outras,flow,May (2),16,12,28,8,10,14,21.0,8,16.0
state,PI,Hidratado Saidas Outras,flow,Jun (1),8,6,17,11,8,16,12.0,12,7.0
state,PI,Hidratado Saidas Outras,flow,Jun (2),14,6,14,8,5,20,11.0,16,11.0
state,PI,Hidratado Saidas Outras,flow,Jul (1),5,13,16,8,41,14,9.0,8,16.0
state,PI,Hidratado Saidas Outras,flow,Jul (2),22,13,29,7,14,20,26.0,16,27.0
state,PI,Hidratado Saidas Outras,flow,Aug (1),10,17,30,9,10,25,10.0,10,
state,PI,Hidratado Saidas Outras,flow,Aug (2),8,24,25,17,37,30,17.0,25,
state,PI,Hidratado Saidas Outras,flow,Sep (1),10,36,15,11,15,23,5.0,22,
state,PI,Hidratado Saidas Outras,flow,Sep (2),29,46,15,26,9,23,9.0,32,
state,PI,Hidratado Saidas Outras,flow,Oct (1),33,5,6,27,19,5,9.0,16,
state,PI,Hidratado Saidas Outras,flow,Oct (2),14,49,28,6,27,29,9.0,11,
state,PI,Hidratado Saidas Outras,flow,Nov (1),20,19,6,24,9,10,8.0,17,
state,PI,Hidratado Saidas Outras,flow,Nov (2),8,15,21,46,30,37,20.0,5,
state,PI,Hidratado Saidas Outras,flow,Dec (1),13,5,14,26,9,8,7.0,10,
state,PI,Hidratado Saidas Outras,flow,Dec (2),10,29,8,10,14,7,11.0,6,
state,PI,Hidratado Saidas Outras,flow,Jan (1),5,3,8,14,11,6,6.0,6,
state,PI,Hidratado Saidas Outras,flow,Jan (2),5,15,20,4,17,11,6.0,12,
state,PI,Hidratado Saidas Outras,flow,Feb (1),5,3,10,11,8,7,6.0,4,
state,PI,Hidratado Saidas Outras,flow,Feb (2),3,22,24,10,5,8,7.0,4,
state,PI,Hidratado Saidas Outras,flow,Mar (1),3,6,6,7,3,6,6.0,5,
state,PI,Hidratado Saidas Outras,flow,Mar (2),14,31,14,24,11,4,8.0,8,
state,PR,Acucar,flow,Apr (1),96119,92498,140191,167056,5413,121688,98648.0,134543,120019.0
state,PR,Acucar,flow,Apr (2),158700,120825,187019,190475,59668,59535,125276.0,66368,117835.0
state,PR,Acucar,flow,May (1),165359,138046,185469,189698,95096,178066,203123.0,184123,81108.0
state,PR,Acucar,flow,May (2),46693,126039,171679,175394,142576,180461,119460.0,199947,116249.0
state,PR,Acucar,flow,Jun (1),110026,121436,116627,59479,76496,163657,226036.0,115576,137981.0
state,PR,Acucar,flow,Jun (2),178396,155839,164965,178423,132125,170272,232082.0,156879,74921.0
state,PR,Acucar,flow,Jul (1),192128,136586,197883,125183,121192,212152,145252.0,265196,219816.0
state,PR,Acucar,flow,Jul (2),210410,185277,233631,277138,300019,238989,258059.0,250890,156634.0
state,PR,Acucar,flow,Aug (1),80126,158593,218983,210470,147486,218658,220926.0,240146,
state,PR,Acucar,flow,Aug (2),165372,175767,119106,186620,157357,230488,220971.0,304663,
state,PR,Acucar,flow,Sep (1),145038,124407,226779,149041,186983,158316,245620.0,267099,
state,PR,Acucar,flow,Sep (2),73659,115847,201617,174415,75015,245106,143252.0,224883,
state,PR,Acucar,flow,Oct (1),63321,138928,176762,26703,76541,170644,163711.0,147765,
state,PR,Acucar,flow,Oct (2),76945,116782,151616,73367,153078,129251,177615.0,120632,
state,PR,Acucar,flow,Nov (1),129092,52843,95338,97768,146566,154751,78809.0,39022,
state,PR,Acucar,flow,Nov (2),84400,27071,22751,40040,191933,66679,38364.0,60562,
state,PR,Acucar,flow,Dec (1),95334,1211,1465,5527,93828,43213,1094.0,38275,
state,PR,Acucar,flow,Dec (2),21473,0,0,0,40002,13236,834.0,5608,
state,PR,Acucar,flow,Jan (1),0,303626,0,0,10698,366,0.0,0,
state,PR,Acucar,flow,Jan (2),0,0,0,0,0,0,891.0,0,
state,PR,Acucar,flow,Feb (1),0,0,0,0,0,1300,0.0,0,
state,PR,Acucar,flow,Feb (2),0,-100045,0,0,33,3805,0.0,0,
state,PR,Acucar,flow,Mar (1),100,-202956,803,0,0,0,0.0,-4181,
state,PR,Acucar,flow,Mar (2),3505,5205,6529,0,6672,7174,3550.0,5100,
state,PR,Anidro Entradas,flow,Apr (1),40555,32930,33099,26450,37790,56213,24358.0,49753,19446.0
state,PR,Anidro Entradas,flow,Apr (2),19,0,63,0,0,695,3512.0,790,3.0
state,PR,Anidro Entradas,flow,May (1),184,94,0,0,299,348,1865.0,1046,0.0
state,PR,Anidro Entradas,flow,May (2),45,2265,1520,227,160,2865,496.0,461,0.0
state,PR,Anidro Entradas,flow,Jun (1),0,1089,78,126,0,286,456.0,142,0.0
state,PR,Anidro Entradas,flow,Jun (2),0,1034,218,21,609,463,164.0,43,0.0
state,PR,Anidro Entradas,flow,Jul (1),0,131,281,26,222,486,259.0,0,495.0
state,PR,Anidro Entradas,flow,Jul (2),0,106,230,2040,666,359,182.0,0,541.0
state,PR,Anidro Entradas,flow,Aug (1),46,192,248,532,62,258,197.0,2344,
state,PR,Anidro Entradas,flow,Aug (2),74,13,94,2664,178,241,187.0,1567,
state,PR,Anidro Entradas,flow,Sep (1),0,99,205,2215,411,420,51.0,0,
state,PR,Anidro Entradas,flow,Sep (2),0,288,367,2013,265,557,1410.0,1933,
state,PR,Anidro Entradas,flow,Oct (1),0,190,349,3046,278,508,217.0,676,
state,PR,Anidro Entradas,flow,Oct (2),0,267,400,2421,817,497,0.0,5756,
state,PR,Anidro Entradas,flow,Nov (1),105,321,0,345,181,0,0.0,491,
state,PR,Anidro Entradas,flow,Nov (2),500,45,0,2398,367,0,0.0,1967,
state,PR,Anidro Entradas,flow,Dec (1),345,0,0,1121,28,21,35.0,1630,
state,PR,Anidro Entradas,flow,Dec (2),0,0,59,0,0,0,0.0,976,
state,PR,Anidro Entradas,flow,Jan (1),0,0,0,0,0,0,0.0,0,
state,PR,Anidro Entradas,flow,Jan (2),3953,0,0,0,0,0,5.0,1203,
state,PR,Anidro Entradas,flow,Feb (1),0,0,10,0,0,0,0.0,204,
state,PR,Anidro Entradas,flow,Feb (2),7906,0,0,0,0,0,0.0,0,
state,PR,Anidro Entradas,flow,Mar (1),1030,0,0,0,0,0,0.0,0,
state,PR,Anidro Entradas,flow,Mar (2),0,0,0,551,0,61,0.0,0,
state,PR,Anidro Estoque E.Disp,stock,Apr (1),30073,14487,25283,26453,22423,41011,14300.0,37848,15355.0
state,PR,Anidro Estoque E.Disp,stock,Apr (2),38983,13952,36010,33037,13422,29522,23913.0,26448,23040.0
state,PR,Anidro Estoque E.Disp,stock,May (1),70204,26903,46568,48437,19246,45510,51057.0,37619,25607.0
state,PR,Anidro Estoque E.Disp,stock,May (2),66849,43487,58015,57173,36554,78318,59481.0,48367,32799.0
state,PR,Anidro Estoque E.Disp,stock,Jun (1),64784,54125,54741,48262,31446,91127,93698.0,51972,36411.0
state,PR,Anidro Estoque E.Disp,stock,Jun (2),95463,71338,70892,68301,39298,104087,124144.0,56618,30699.0
state,PR,Anidro Estoque E.Disp,stock,Jul (1),118640,88279,85509,90999,56617,136198,130750.0,82762,46862.0
state,PR,Anidro Estoque E.Disp,stock,Jul (2),142987,115956,108440,112493,86910,166854,162107.0,98569,50825.0
state,PR,Anidro Estoque E.Disp,stock,Aug (1),144518,136575,123288,136547,94819,195071,186522.0,117602,
state,PR,Anidro Estoque E.Disp,stock,Aug (2),162055,163571,116595,150411,113404,222853,210443.0,144368,
state,PR,Anidro Estoque E.Disp,stock,Sep (1),175432,172345,144385,157024,133062,235764,236737.0,160530,
state,PR,Anidro Estoque E.Disp,stock,Sep (2),166851,175111,167126,178178,128323,266596,236915.0,183101,
state,PR,Anidro Estoque E.Disp,stock,Oct (1),163104,186032,184337,169361,121071,275947,245671.0,191002,
state,PR,Anidro Estoque E.Disp,stock,Oct (2),158532,197977,182724,171422,132299,267191,256026.0,200860,
state,PR,Anidro Estoque E.Disp,stock,Nov (1),145800,188145,187993,175258,153666,256283,243313.0,195294,
state,PR,Anidro Estoque E.Disp,stock,Nov (2),146361,171990,168519,173056,178910,239471,225918.0,187374,
state,PR,Anidro Estoque E.Disp,stock,Dec (1),136022,151831,147740,161536,188892,219561,201361.0,178741,
state,PR,Anidro Estoque E.Disp,stock,Dec (2),117862,125235,129938,141214,175034,187877,171125.0,158468,
state,PR,Anidro Estoque E.Disp,stock,Jan (1),103119,104684,107539,123589,154570,159774,147105.0,129430,
state,PR,Anidro Estoque E.Disp,stock,Jan (2),93671,83926,82005,102462,130459,134746,123428.0,103427,
state,PR,Anidro Estoque E.Disp,stock,Feb (1),62859,64892,59213,80486,109149,104297,103049.0,75378,
state,PR,Anidro Estoque E.Disp,stock,Feb (2),49299,42949,46308,67275,87388,69977,84289.0,55970,
state,PR,Anidro Estoque E.Disp,stock,Mar (1),33769,31068,24705,45636,66893,32465,63192.0,35313,
state,PR,Anidro Estoque E.Disp,stock,Mar (2),22063,18154,21637,34366,47213,16686,43891.0,18501,
state,PR,Anidro Estoque E.Fisico,stock,Apr (1),37107,21429,33764,31729,23534,55109,22200.0,40297,15978.0
state,PR,Anidro Estoque E.Fisico,stock,Apr (2),48672,19321,40623,38215,15506,44850,29720.0,33065,23544.0
state,PR,Anidro Estoque E.Fisico,stock,May (1),77584,34872,50298,55084,25525,59670,58087.0,42271,26423.0
state,PR,Anidro Estoque E.Fisico,stock,May (2),82594,45791,65740,64898,44734,86551,64706.0,52787,34669.0
state,PR,Anidro Estoque E.Fisico,stock,Jun (1),72167,57418,69781,58074,39979,101817,99604.0,53091,38709.0
state,PR,Anidro Estoque E.Fisico,stock,Jun (2),103449,75445,82386,76719,48949,117187,131215.0,58876,31808.0
state,PR,Anidro Estoque E.Fisico,stock,Jul (1),127961,96665,98551,102054,69477,147095,140510.0,84719,48799.0
state,PR,Anidro Estoque E.Fisico,stock,Jul (2),153233,123552,119973,123622,100319,182207,167920.0,99857,51924.0
state,PR,Anidro Estoque E.Fisico,stock,Aug (1),151989,140454,137046,147215,115798,207505,191763.0,118919,
state,PR,Anidro Estoque E.Fisico,stock,Aug (2),166781,168768,131657,161387,131237,233514,214891.0,145674,
state,PR,Anidro Estoque E.Fisico,stock,Sep (1),180142,182028,157262,176498,150859,248287,242574.0,163548,
state,PR,Anidro Estoque E.Fisico,stock,Sep (2),174548,186936,176947,187535,142333,279805,245331.0,185772,
state,PR,Anidro Estoque E.Fisico,stock,Oct (1),171544,196855,196369,179149,141432,289384,253318.0,193279,
state,PR,Anidro Estoque E.Fisico,stock,Oct (2),164042,207738,196063,183829,151519,285595,261685.0,204020,
state,PR,Anidro Estoque E.Fisico,stock,Nov (1),152832,194633,195396,186336,169001,282651,249990.0,197048,
state,PR,Anidro Estoque E.Fisico,stock,Nov (2),152035,180922,178623,184238,192710,261310,231807.0,198635,
state,PR,Anidro Estoque E.Fisico,stock,Dec (1),141101,160528,155348,172055,202224,236563,207053.0,184386,
state,PR,Anidro Estoque E.Fisico,stock,Dec (2),124694,136822,135974,148048,186974,204466,180557.0,159327,
state,PR,Anidro Estoque E.Fisico,stock,Jan (1),110122,112247,113774,128789,168216,175911,156307.0,130678,
state,PR,Anidro Estoque E.Fisico,stock,Jan (2),97243,92382,90614,111729,145216,146870,129092.0,104575,
state,PR,Anidro Estoque E.Fisico,stock,Feb (1),64972,74901,71710,90456,123316,122718,108933.0,77151,
state,PR,Anidro Estoque E.Fisico,stock,Feb (2),52949,56977,54701,73103,105053,85060,90767.0,57279,
state,PR,Anidro Estoque E.Fisico,stock,Mar (1),37857,44641,34889,53246,79970,42623,69833.0,36913,
state,PR,Anidro Estoque E.Fisico,stock,Mar (2),28211,33099,26398,37790,55977,22632,47514.0,19446,
state,PR,Anidro Producao,flow,Apr (1),23215,11338,14182,22178,2561,23907,24870.0,12902,12969.0
state,PR,Anidro Producao,flow,Apr (2),35469,20544,25182,29703,15721,14397,28713.0,14942,24601.0
state,PR,Anidro Producao,flow,May (1),49943,31998,27441,40220,28237,34591,52245.0,32416,19357.0
state,PR,Anidro Producao,flow,May (2),17892,34361,31723,32956,40333,82531,28951.0,33101,23077.0
state,PR,Anidro Producao,flow,Jun (1),26927,34449,22743,19383,20047,45556,53927.0,21872,25324.0
state,PR,Anidro Producao,flow,Jun (2),53900,41887,33913,36836,33519,51061,49079.0,25236,12250.0
state,PR,Anidro Producao,flow,Jul (1),49880,45602,38255,45251,45518,57464,28900.0,43536,37045.0
state,PR,Anidro Producao,flow,Jul (2),55305,56229,46415,46471,57789,63764,49969.0,38475,22752.0
state,PR,Anidro Producao,flow,Aug (1),22294,44961,41432,47626,38494,55994,46766.0,38962,
state,PR,Anidro Producao,flow,Aug (2),45560,53488,25967,38141,40536,57823,46684.0,45606,
state,PR,Anidro Producao,flow,Sep (1),36293,41744,52523,38223,46617,38756,47323.0,42660,
state,PR,Anidro Producao,flow,Sep (2),14972,38768,48485,44384,19476,56703,26338.0,40882,
state,PR,Anidro Producao,flow,Oct (1),15489,38754,44663,12913,22422,35134,30818.0,33808,
state,PR,Anidro Producao,flow,Oct (2),15450,39478,37059,27151,38372,25235,31742.0,31257,
state,PR,Anidro Producao,flow,Nov (1),19229,14464,24790,39316,43391,26242,10267.0,15250,
state,PR,Anidro Producao,flow,Nov (2),17847,6138,7221,20486,48852,14201,4234.0,22475,
state,PR,Anidro Producao,flow,Dec (1),5080,1093,0,5441,30601,9986,1415.0,18631,
state,PR,Anidro Producao,flow,Dec (2),184,0,0,1306,9880,3060,1696.0,6323,
state,PR,Anidro Producao,flow,Jan (1),0,1112,0,449,1717,1475,1399.0,0,
state,PR,Anidro Producao,flow,Jan (2),0,1110,0,967,1946,2364,242.0,0,
state,PR,Anidro Producao,flow,Feb (1),0,994,0,1112,2230,0,0.0,0,
state,PR,Anidro Producao,flow,Feb (2),2030,837,0,1216,1851,0,0.0,0,
state,PR,Anidro Producao,flow,Mar (1),2819,6560,2854,1123,135,0,0.0,1396,
state,PR,Anidro Producao,flow,Mar (2),9661,7287,8361,2047,6264,2575,290.0,7273,
state,PR,Anidro Saidas Distrib,flow,Apr (1),22601,17308,12583,16882,13869,24935,26226.0,21777,16252.0
state,PR,Anidro Saidas Distrib,flow,Apr (2),23483,22618,17325,22837,15112,21080,24577.0,22939,17024.0
state,PR,Anidro Saidas Distrib,flow,May (1),21119,16496,17721,23264,18266,20039,25729.0,24256,16442.0
state,PR,Anidro Saidas Distrib,flow,May (2),12911,25354,17463,23294,21268,58460,22800.0,22860,14825.0
state,PR,Anidro Saidas Distrib,flow,Jun (1),37082,23596,18723,26125,22668,30128,19364.0,21672,21284.0
state,PR,Anidro Saidas Distrib,flow,Jun (2),22618,24847,20995,18026,22762,36001,17578.0,19469,17062.0
state,PR,Anidro Saidas Distrib,flow,Jul (1),25322,24461,22265,19897,25175,28008,19854.0,17677,20420.0
state,PR,Anidro Saidas Distrib,flow,Jul (2),29971,29401,25160,26883,27596,28977,22716.0,23333,20168.0
state,PR,Anidro Saidas Distrib,flow,Aug (1),23552,28190,24560,24406,22984,30824,23100.0,22223,
state,PR,Anidro Saidas Distrib,flow,Aug (2),30797,25027,31358,26295,25238,32050,23724.0,20418,
state,PR,Anidro Saidas Distrib,flow,Sep (1),22777,28421,26992,25192,27213,24271,19675.0,22649,
state,PR,Anidro Saidas Distrib,flow,Sep (2),20503,34116,29122,35214,28235,25742,23364.0,20573,
state,PR,Anidro Saidas Distrib,flow,Oct (1),18460,28909,25518,24246,23565,26016,23018.0,26976,
state,PR,Anidro Saidas Distrib,flow,Oct (2),22906,28854,37632,24712,29056,29406,23355.0,26224,
state,PR,Anidro Saidas Distrib,flow,Nov (1),30513,27843,25410,37004,26030,28036,21442.0,22693,
state,PR,Anidro Saidas Distrib,flow,Nov (2),19083,19807,23962,24753,25418,32966,22341.0,22855,
state,PR,Anidro Saidas Distrib,flow,Dec (1),16313,21437,23199,18516,21075,32952,25148.0,31906,
state,PR,Anidro Saidas Distrib,flow,Dec (2),16256,23611,19239,25288,25088,34385,27623.0,28624,
state,PR,Anidro Saidas Distrib,flow,Jan (1),14362,25671,22078,19652,20417,29868,24898.0,28642,
state,PR,Anidro Saidas Distrib,flow,Jan (2),16629,20856,22774,17834,24861,29735,26741.0,27299,
state,PR,Anidro Saidas Distrib,flow,Feb (1),16750,18387,18757,21298,24065,21419,19900.0,23719,
state,PR,Anidro Saidas Distrib,flow,Feb (2),13171,18544,16868,18491,20080,30253,18077.0,19218,
state,PR,Anidro Saidas Distrib,flow,Mar (1),13776,18896,20274,20824,25033,25144,19463.0,21484,
state,PR,Anidro Saidas Distrib,flow,Mar (2),17227,18727,16593,17876,29969,19936,22116.0,24229,
state,PR,Anidro Saidas M.Ext,flow,Apr (1),0,0,0,0,1851,0,0.0,0,0.0
state,PR,Anidro Saidas M.Ext,flow,Apr (2),0,0,0,0,6866,0,0.0,0,0.0
state,PR,Anidro Saidas M.Ext,flow,May (1),0,0,0,0,145,0,0.0,0,0.0
state,PR,Anidro Saidas M.Ext,flow,May (2),0,0,278,0,0,0,0.0,0,0.0
state,PR,Anidro Saidas M.Ext,flow,Jun (1),0,0,0,0,2132,0,0.0,0,0.0
state,PR,Anidro Saidas M.Ext,flow,Jun (2),0,0,0,0,2396,0,0.0,0,0.0
state,PR,Anidro Saidas M.Ext,flow,Jul (1),0,0,0,0,0,0,0.0,0,0.0
state,PR,Anidro Saidas M.Ext,flow,Jul (2),0,0,0,0,0,0,0.0,0,0.0
state,PR,Anidro Saidas M.Ext,flow,Aug (1),0,0,0,0,0,0,0.0,0,
state,PR,Anidro Saidas M.Ext,flow,Aug (2),0,0,0,0,0,0,0.0,0,
state,PR,Anidro Saidas M.Ext,flow,Sep (1),0,0,0,0,0,0,0.0,0,
state,PR,Anidro Saidas M.Ext,flow,Sep (2),0,0,0,0,0,0,1587.0,0,
state,PR,Anidro Saidas M.Ext,flow,Oct (1),0,0,0,0,0,0,0.0,0,
state,PR,Anidro Saidas M.Ext,flow,Oct (2),1,0,0,0,0,1,0.0,0,
state,PR,Anidro Saidas M.Ext,flow,Nov (1),0,0,0,0,0,0,0.0,0,
state,PR,Anidro Saidas M.Ext,flow,Nov (2),0,0,0,0,0,0,0.0,0,
state,PR,Anidro Saidas M.Ext,flow,Dec (1),0,0,0,0,0,0,0.0,0,
state,PR,Anidro Saidas M.Ext,flow,Dec (2),0,0,0,0,0,0,0.0,0,
state,PR,Anidro Saidas M.Ext,flow,Jan (1),0,0,0,0,0,0,0.0,0,
state,PR,Anidro Saidas M.Ext,flow,Jan (2),0,0,0,0,0,0,0.0,0,
state,PR,Anidro Saidas M.Ext,flow,Feb (1),0,0,0,1023,0,0,0.0,0,
state,PR,Anidro Saidas M.Ext,flow,Feb (2),0,0,0,0,2,0,0.0,0,
state,PR,Anidro Saidas M.Ext,flow,Mar (1),0,0,0,0,0,0,0.0,0,
state,PR,Anidro Saidas M.Ext,flow,Mar (2),0,0,0,0,0,0,0.0,0,
state,PR,Anidro Saidas Outras,flow,Apr (1),4062,5531,934,17,1097,76,802.0,581,185.0
state,PR,Anidro Saidas Outras,flow,Apr (2),440,34,1061,380,1771,4271,128.0,25,14.0
state,PR,Anidro Saidas Outras,flow,May (1),96,45,45,87,106,80,14.0,0,36.0
state,PR,Anidro Saidas Outras,flow,May (2),16,353,60,75,16,55,28.0,186,6.0
state,PR,Anidro Saidas Outras,flow,Jun (1),272,315,57,208,2,448,121.0,38,0.0
state,PR,Anidro Saidas Outras,flow,Jun (2),0,47,531,186,0,153,54.0,25,2089.0
state,PR,Anidro Saidas Outras,flow,Jul (1),46,52,106,45,37,34,10.0,16,129.0
state,PR,Anidro Saidas Outras,flow,Jul (2),62,47,63,60,17,34,25.0,4,0.0
state,PR,Anidro Saidas Outras,flow,Aug (1),32,61,47,159,93,130,20.0,21,
state,PR,Anidro Saidas Outras,flow,Aug (2),45,160,92,338,37,5,19.0,0,
state,PR,Anidro Saidas Outras,flow,Sep (1),155,162,131,135,193,132,16.0,2137,
state,PR,Anidro Saidas Outras,flow,Sep (2),63,32,45,146,32,0,40.0,18,
state,PR,Anidro Saidas Outras,flow,Oct (1),33,116,72,99,36,47,30.0,1,
state,PR,Anidro Saidas Outras,flow,Oct (2),45,8,133,180,46,114,20.0,48,
state,PR,Anidro Saidas Outras,flow,Nov (1),31,47,47,150,60,1150,520.0,20,
state,PR,Anidro Saidas Outras,flow,Nov (2),61,87,32,229,92,2576,76.0,0,
state,PR,Anidro Saidas Outras,flow,Dec (1),46,50,76,229,40,1802,1056.0,2604,
state,PR,Anidro Saidas Outras,flow,Dec (2),335,95,194,25,42,772,569.0,3734,
state,PR,Anidro Saidas Outras,flow,Jan (1),210,16,122,56,58,162,751.0,7,
state,PR,Anidro Saidas Outras,flow,Jan (2),203,119,386,193,85,1670,721.0,7,
state,PR,Anidro Saidas Outras,flow,Feb (1),15521,88,157,64,65,2733,259.0,3909,
state,PR,Anidro Saidas Outras,flow,Feb (2),8788,217,141,78,32,7405,89.0,654,
state,PR,Anidro Saidas Outras,flow,Mar (1),5165,0,2392,156,185,17293,1471.0,278,
state,PR,Anidro Saidas Outras,flow,Mar (2),2080,102,259,178,288,2691,493.0,511,
state,PR,Cana,flow,Apr (1),1801494,2001975,2125012,2922063,184356,1907065,2003573.0,2237854,2554443.0
state,PR,Cana,flow,Apr (2),2996043,2342210,2692206,2554808,1166856,1028071,2076732.0,1089575,2147773.0
state,PR,Cana,flow,May (1),2885608,2410188,2448555,2362474,1681639,2437777,2727816.0,2458816,1481842.0
state,PR,Cana,flow,May (2),1127594,2153756,2316873,2159480,2412296,3012099,1604660.0,2438126,1959681.0
state,PR,Cana,flow,Jun (1),1914289,2136689,1695561,881192,1405032,2172581,2871007.0,1441056,1979545.0
state,PR,Cana,flow,Jun (2),3050785,2566622,2123832,2283459,1987515,2399754,2757022.0,1949769,1295751.0
state,PR,Cana,flow,Jul (1),2969713,2212490,2522843,2176849,1983313,2741389,1696413.0,3103542,2944129.0
state,PR,Cana,flow,Jul (2),3077169,3054583,2926107,3335235,3694368,2984557,2922797.0,2832621,1941005.0
state,PR,Cana,flow,Aug (1),1221139,2729688,2598364,2810390,1871430,2649586,2450787.0,2713531,
state,PR,Cana,flow,Aug (2),2614080,2823132,1523533,2307628,1956108,2666418,2361520.0,3061505,
state,PR,Cana,flow,Sep (1),2267558,2071723,2758983,1957406,2225355,1835991,2460179.0,2792905,
state,PR,Cana,flow,Sep (2),1279057,2005955,2445131,2328232,937907,2765889,1532610.0,2341776,
state,PR,Cana,flow,Oct (1),1162290,2230892,2094935,431554,984295,1961388,1847323.0,1782223,
state,PR,Cana,flow,Oct (2),1387618,1834263,1882670,1139449,1977877,1601802,1954308.0,1701456,
state,PR,Cana,flow,Nov (1),2176633,931497,1307083,1573870,2082894,1875694,901926.0,780436,
state,PR,Cana,flow,Nov (2),1474528,408278,403256,649113,2444326,896842,384177.0,1286516,
state,PR,Cana,flow,Dec (1),1449762,34608,79958,88434,1174584,761345,10868.0,912803,
state,PR,Cana,flow,Dec (2),243739,6208,28139,0,564136,135169,0.0,212602,
state,PR,Cana,flow,Jan (1),7321,5927,0,0,12071,0,0.0,20036,
state,PR,Cana,flow,Jan (2),11756,10535,1584,0,0,0,0.0,0,
state,PR,Cana,flow,Feb (1),10557,5170,1826,0,0,0,0.0,11467,
state,PR,Cana,flow,Feb (2),45581,600,3872,0,0,0,0.0,0,
state,PR,Cana,flow,Mar (1),66070,154012,74389,0,0,0,0.0,31673,
state,PR,Cana,flow,Mar (2),254789,221622,108826,0,206791,252518,122136.0,240715,
state,PR,Etanol Total,flow,Apr (1),69816,82133,61973,97381,6172,51518,80714.0,68397,91674.0
state,PR,Etanol Total,flow,Apr (2),122641,99006,87626,95514,31119,32820,69246.0,37852,93279.0
state,PR,Etanol Total,flow,May (1),131825,98923,83330,82458,57665,73470,97135.0,75359,60986.0
state,PR,Etanol Total,flow,May (2),59330,93878,80062,76017,83669,113713,57978.0,75140,70850.0
state,PR,Etanol Total,flow,Jun (1),88451,90220,51409,36115,50152,75230,93971.0,46774,76280.0
state,PR,Etanol Total,flow,Jun (2),135604,111486,77482,74976,67880,78263,90670.0,54756,43106.0
state,PR,Etanol Total,flow,Jul (1),136093,95216,80457,81327,80929,93129,59439.0,89776,98484.0
state,PR,Etanol Total,flow,Jul (2),148610,135697,102448,103606,114639,100684,94510.0,84072,67185.0
state,PR,Etanol Total,flow,Aug (1),59496,141152,94513,100207,68058,87100,84069.0,75006,
state,PR,Etanol Total,flow,Aug (2),129567,154033,54655,82272,71391,90143,81527.0,94689,
state,PR,Etanol Total,flow,Sep (1),114138,113155,102569,80571,80697,64164,87660.0,98249,
state,PR,Etanol Total,flow,Sep (2),65527,113870,93505,88173,34754,94410,53800.0,87487,
state,PR,Etanol Total,flow,Oct (1),54490,121383,84706,21258,39508,68446,58184.0,88475,
state,PR,Etanol Total,flow,Oct (2),59483,96297,71214,44292,67297,56763,62777.0,78632,
state,PR,Etanol Total,flow,Nov (1),92236,58925,66231,61211,69810,56596,28057.0,44234,
state,PR,Etanol Total,flow,Nov (2),57710,23421,25046,30118,79603,33929,16082.0,62364,
state,PR,Etanol Total,flow,Dec (1),54378,5465,6819,7652,52612,29743,2772.0,51006,
state,PR,Etanol Total,flow,Dec (2),11843,2342,2506,1890,19610,8362,1805.0,14879,
state,PR,Etanol Total,flow,Jan (1),1347,8204,0,2376,2074,1488,1569.0,1223,
state,PR,Etanol Total,flow,Jan (2),2308,4029,72,1335,1946,2464,537.0,3126,
state,PR,Etanol Total,flow,Feb (1),1733,3503,308,1386,29546,0,0.0,-2510,
state,PR,Etanol Total,flow,Feb (2),3115,2407,2042,1935,-25465,0,0.0,24,
state,PR,Etanol Total,flow,Mar (1),4476,6038,5244,1218,182,0,0.0,1559,
state,PR,Etanol Total,flow,Mar (2),14674,12348,16395,4084,7959,9440,5896.0,12756,
state,PR,Hidratado Entradas,flow,Apr (1),10283,20201,17841,10914,27784,82352,17505.0,16556,39609.0
state,PR,Hidratado Entradas,flow,Apr (2),66,0,955,36,1615,130,1239.0,63,14.0
state,PR,Hidratado Entradas,flow,May (1),21,0,0,12,1872,1,415.0,0,0.0
state,PR,Hidratado Entradas,flow,May (2),690,0,0,0,2219,3288,153.0,13,0.0
state,PR,Hidratado Entradas,flow,Jun (1),228,0,114,0,-2106,7051,209.0,16,0.0
state,PR,Hidratado Entradas,flow,Jun (2),0,0,0,12,43,4635,71.0,27,2173.0
state,PR,Hidratado Entradas,flow,Jul (1),0,0,0,0,-43,48,53.0,0,0.0
state,PR,Hidratado Entradas,flow,Jul (2),122,206,80,0,30,288,754.0,0,0.0
state,PR,Hidratado Entradas,flow,Aug (1),0,0,0,0,0,415,90.0,0,
state,PR,Hidratado Entradas,flow,Aug (2),0,0,10,173,0,1476,0.0,0,
state,PR,Hidratado Entradas,flow,Sep (1),0,58,150,0,87,74,0.0,2132,
state,PR,Hidratado Entradas,flow,Sep (2),0,0,0,10,14,0,0.0,0,
state,PR,Hidratado Entradas,flow,Oct (1),0,0,64,8,24,0,9.0,0,
state,PR,Hidratado Entradas,flow,Oct (2),0,0,0,60,14,11,0.0,0,
state,PR,Hidratado Entradas,flow,Nov (1),0,42,0,45,14,1173,609.0,0,
state,PR,Hidratado Entradas,flow,Nov (2),102,-29,0,0,6,2669,13.0,0,
state,PR,Hidratado Entradas,flow,Dec (1),43,20,19,0,13,1840,1057.0,2713,
state,PR,Hidratado Entradas,flow,Dec (2),336,63,28,23,39,810,586.0,3674,
state,PR,Hidratado Entradas,flow,Jan (1),190,0,0,11,27,116,766.0,3,
state,PR,Hidratado Entradas,flow,Jan (2),0,60,28,21,63,1601,767.0,48,
state,PR,Hidratado Entradas,flow,Feb (1),16463,39,84,19,19,2800,119.0,4073,
state,PR,Hidratado Entradas,flow,Feb (2),9115,0,27,24,34,7935,66.0,617,
state,PR,Hidratado Entradas,flow,Mar (1),5316,12,2459,27,38,17398,1297.0,114,
state,PR,Hidratado Entradas,flow,Mar (2),2057,34,262,45,85,2583,383.0,447,
state,PR,Hidratado Estoque E.Disp,stock,Apr (1),32249,24132,16885,38817,10130,36570,25711.0,36299,69929.0
state,PR,Hidratado Estoque E.Disp,stock,Apr (2),82277,50022,47923,75537,16764,34865,37779.0,27681,104728.0
state,PR,Hidratado Estoque E.Disp,stock,May (1),107332,61072,70694,77636,25680,55346,51523.0,44905,111626.0
state,PR,Hidratado Estoque E.Disp,stock,May (2),111474,74049,82789,83637,49194,59648,49940.0,59740,119681.0
state,PR,Hidratado Estoque E.Disp,stock,Jun (1),128768,89105,86739,74500,56690,68457,66716.0,63970,127451.0
state,PR,Hidratado Estoque E.Disp,stock,Jun (2),168996,123009,103370,89223,70364,66432,86288.0,66698,109558.0
state,PR,Hidratado Estoque E.Disp,stock,Jul (1),211852,128770,119307,102786,94260,94180,88255.0,88504,139267.0
state,PR,Hidratado Estoque E.Disp,stock,Jul (2),255985,152541,147422,125665,122415,119186,109605.0,99961,153833.0
state,PR,Hidratado Estoque E.Disp,stock,Aug (1),223834,210558,173931,144494,131995,136718,113031.0,112476,
state,PR,Hidratado Estoque E.Disp,stock,Aug (2),234892,261495,175555,134769,141792,152410,120000.0,126597,
state,PR,Hidratado Estoque E.Disp,stock,Sep (1),252315,290567,191335,133110,160955,156311,138767.0,153034,
state,PR,Hidratado Estoque E.Disp,stock,Sep (2),252761,321516,196324,143236,158729,174014,141844.0,158687,
state,PR,Hidratado Estoque E.Disp,stock,Oct (1),229792,354679,194995,119180,162415,189842,144608.0,165705,
state,PR,Hidratado Estoque E.Disp,stock,Oct (2),228003,351147,195038,113736,170327,191173,151523.0,160290,
state,PR,Hidratado Estoque E.Disp,stock,Nov (1),249880,346298,200962,113793,179387,200641,152673.0,150252,
state,PR,Hidratado Estoque E.Disp,stock,Nov (2),256189,313921,190362,109039,195703,196382,146341.0,160537,
state,PR,Hidratado Estoque E.Disp,stock,Dec (1),243449,261112,171952,89243,204156,184923,129174.0,164611,
state,PR,Hidratado Estoque E.Disp,stock,Dec (2),206785,204195,139110,69942,192009,146722,103504.0,149896,
state,PR,Hidratado Estoque E.Disp,stock,Jan (1),168317,165386,106395,63561,180895,118328,81779.0,127478,
state,PR,Hidratado Estoque E.Disp,stock,Jan (2),126604,124591,73744,58175,162507,87374,65278.0,107021,
state,PR,Hidratado Estoque E.Disp,stock,Feb (1),93196,74807,40585,52686,142901,56887,53073.0,81884,
state,PR,Hidratado Estoque E.Disp,stock,Feb (2),57108,46259,24610,48028,108696,30360,38220.0,66657,
state,PR,Hidratado Estoque E.Disp,stock,Mar (1),32548,26088,14798,35248,89673,13001,25725.0,51016,
state,PR,Hidratado Estoque E.Disp,stock,Mar (2),10314,12450,7261,25705,55964,4941,15309.0,30468,
state,PR,Hidratado Estoque E.Fisico,stock,Apr (1),33910,34679,23496,50748,14075,67184,31312.0,39993,75300.0
state,PR,Hidratado Estoque E.Fisico,stock,Apr (2),86067,56233,56489,78274,18595,59341,43551.0,31539,106202.0
state,PR,Hidratado Estoque E.Fisico,stock,May (1),119633,75984,76507,91167,28948,77233,58944.0,45940,112244.0
state,PR,Hidratado Estoque E.Fisico,stock,May (2),125007,80555,90934,90944,51977,85815,59533.0,61105,122693.0
state,PR,Hidratado Estoque E.Fisico,stock,Jun (1),132670,94499,95840,82632,59262,93252,72406.0,64961,134757.0
state,PR,Hidratado Estoque E.Fisico,stock,Jun (2),182541,127703,113518,96170,73868,90447,90954.0,67215,116864.0
state,PR,Hidratado Estoque E.Fisico,stock,Jul (1),225743,132649,130586,115258,95822,110685,94461.0,90691,142638.0
state,PR,Hidratado Estoque E.Fisico,stock,Jul (2),262636,163747,154698,137899,124363,133846,113935.0,104253,154857.0
state,PR,Hidratado Estoque E.Fisico,stock,Aug (1),235347,216033,183373,160101,136942,150561,117672.0,113941,
state,PR,Hidratado Estoque E.Fisico,stock,Aug (2),252949,272436,186893,151976,146968,164978,124524.0,133264,
state,PR,Hidratado Estoque E.Fisico,stock,Sep (1),269253,301355,209572,152167,167373,168324,142728.0,155569,
state,PR,Hidratado Estoque E.Fisico,stock,Sep (2),268207,332687,209930,156442,166650,181704,146069.0,163649,
state,PR,Hidratado Estoque E.Fisico,stock,Oct (1),249173,367511,217035,132773,169474,195683,149769.0,176655,
state,PR,Hidratado Estoque E.Fisico,stock,Oct (2),238299,365230,220537,123542,178474,198345,156584.0,172339,
state,PR,Hidratado Estoque E.Fisico,stock,Nov (1),265822,364023,234086,126343,188333,205064,155982.0,158270,
state,PR,Hidratado Estoque E.Fisico,stock,Nov (2),264307,334250,216422,116210,206750,201845,149126.0,170844,
state,PR,Hidratado Estoque E.Fisico,stock,Dec (1),255514,275810,192549,96443,211501,189493,130707.0,171761,
state,PR,Hidratado Estoque E.Fisico,stock,Dec (2),221969,225692,157340,75119,202293,156532,106600.0,154930,
state,PR,Hidratado Estoque E.Fisico,stock,Jan (1),179728,179642,129230,68366,191310,125536,83180.0,133026,
state,PR,Hidratado Estoque E.Fisico,stock,Jan (2),132262,136823,90554,62438,171321,92398,65448.0,107865,
state,PR,Hidratado Estoque E.Fisico,stock,Feb (1),102857,95532,60636,55933,180339,64103,53372.0,82052,
state,PR,Hidratado Estoque E.Fisico,stock,Feb (2),72785,60587,41567,51032,133946,36999,39595.0,66698,
state,PR,Hidratado Estoque E.Fisico,stock,Mar (1),41287,33939,20894,39367,110422,18624,25993.0,51209,
state,PR,Hidratado Estoque E.Fisico,stock,Mar (2),15180,17692,10855,28368,82351,10216,16063.0,39526,
state,PR,Hidratado Producao,flow,Apr (1),46601,70795,47791,75203,3611,27611,55844.0,55495,78705.0
state,PR,Hidratado Producao,flow,Apr (2),87172,78462,62444,65811,15398,18423,40533.0,22910,68678.0
state,PR,Hidratado Producao,flow,May (1),81882,66925,55889,42238,29428,38879,44890.0,42943,41629.0
state,PR,Hidratado Producao,flow,May (2),41438,59517,48339,43061,43336,31182,29027.0,42039,47773.0
state,PR,Hidratado Producao,flow,Jun (1),61524,55771,28666,16732,30105,29674,40044.0,24902,50956.0
state,PR,Hidratado Producao,flow,Jun (2),81704,69599,43569,38140,34361,27202,41591.0,29520,30856.0
state,PR,Hidratado Producao,flow,Jul (1),86213,49614,42202,36076,35411,35665,30539.0,46240,61439.0
state,PR,Hidratado Producao,flow,Jul (2),93305,79468,56033,57135,56850,36920,44541.0,45597,44433.0
state,PR,Hidratado Producao,flow,Aug (1),37202,96191,53081,52581,29564,31106,37303.0,36044,
state,PR,Hidratado Producao,flow,Aug (2),84007,100545,28688,44131,30855,32320,34843.0,49083,
state,PR,Hidratado Producao,flow,Sep (1),77845,71411,50046,42348,34080,25408,40337.0,55589,
state,PR,Hidratado Producao,flow,Sep (2),50555,75102,45020,43789,15278,37707,27462.0,46605,
state,PR,Hidratado Producao,flow,Oct (1),39001,82629,40043,8345,17086,33312,27366.0,54667,
state,PR,Hidratado Producao,flow,Oct (2),44033,56819,34155,17141,28925,31528,31035.0,47375,
state,PR,Hidratado Producao,flow,Nov (1),73007,44461,41441,21895,26419,30354,17790.0,28984,
state,PR,Hidratado Producao,flow,Nov (2),39863,17283,17825,9632,30751,19728,11848.0,39889,
state,PR,Hidratado Producao,flow,Dec (1),49298,4372,6819,2211,22011,19757,1357.0,32375,
state,PR,Hidratado Producao,flow,Dec (2),11659,2342,2506,584,9730,5302,109.0,8556,
state,PR,Hidratado Producao,flow,Jan (1),1347,7092,0,1927,357,13,170.0,1223,
state,PR,Hidratado Producao,flow,Jan (2),2308,2919,72,368,0,100,295.0,3126,
state,PR,Hidratado Producao,flow,Feb (1),1733,2509,308,274,27316,0,0.0,-2510,
state,PR,Hidratado Producao,flow,Feb (2),1085,1570,2042,719,-27316,0,0.0,24,
state,PR,Hidratado Producao,flow,Mar (1),1657,-522,2390,95,47,0,0.0,163,
state,PR,Hidratado Producao,flow,Mar (2),5013,5061,8034,2037,1695,6865,5606.0,5483,
state,PR,Hidratado Saidas Distrib,flow,Apr (1),22072,54495,38805,34542,16980,40065,37853.0,31478,40713.0
state,PR,Hidratado Saidas Distrib,flow,Apr (2),33687,55224,27865,32638,12028,25531,25881.0,30842,33930.0
state,PR,Hidratado Saidas Distrib,flow,May (1),47100,45306,34015,19237,19283,17990,29569.0,28052,34782.0
state,PR,Hidratado Saidas Distrib,flow,May (2),35999,50639,21894,24545,20858,20910,28184.0,25888,34680.0
state,PR,Hidratado Saidas Distrib,flow,Jun (1),52681,39611,19197,19393,20054,25851,27041.0,20419,36214.0
state,PR,Hidratado Saidas Distrib,flow,Jun (2),30417,34371,21450,19799,18232,28948,22820.0,26635,47367.0
state,PR,Hidratado Saidas Distrib,flow,Jul (1),41391,43690,22894,15823,12656,13136,26511.0,22286,34472.0
state,PR,Hidratado Saidas Distrib,flow,Jul (2),53927,46957,26839,25880,27120,11931,24689.0,31670,31023.0
state,PR,Hidratado Saidas Distrib,flow,Aug (1),62876,41797,20385,25458,16562,12579,33054.0,23508,
state,PR,Hidratado Saidas Distrib,flow,Aug (2),64233,40817,23035,31821,20188,17090,27555.0,27730,
state,PR,Hidratado Saidas Distrib,flow,Sep (1),59448,40684,25610,31744,12971,20842,21464.0,34937,
state,PR,Hidratado Saidas Distrib,flow,Sep (2),49960,40640,41272,26955,15348,20578,17010.0,36076,
state,PR,Hidratado Saidas Distrib,flow,Oct (1),56122,45855,28387,27872,13670,15545,23214.0,40622,
state,PR,Hidratado Saidas Distrib,flow,Oct (2),52690,56871,29520,21969,18661,24798,23672.0,45054,
state,PR,Hidratado Saidas Distrib,flow,Nov (1),43555,43707,27203,18305,15996,22809,16897.0,42189,
state,PR,Hidratado Saidas Distrib,flow,Nov (2),38875,45906,34763,16796,11603,23941,18262.0,24935,
state,PR,Hidratado Saidas Distrib,flow,Dec (1),55996,61705,29377,20239,16472,33524,20376.0,29451,
state,PR,Hidratado Saidas Distrib,flow,Dec (2),44129,51934,36830,20677,17470,38776,24499.0,27657,
state,PR,Hidratado Saidas Distrib,flow,Jan (1),42748,47334,27768,7902,10390,29668,23947.0,22902,
state,PR,Hidratado Saidas Distrib,flow,Jan (2),47836,44800,37978,5480,18233,32727,18454.0,28044,
state,PR,Hidratado Saidas Distrib,flow,Feb (1),46114,43185,29455,6525,18060,28505,11945.0,26807,
state,PR,Hidratado Saidas Distrib,flow,Feb (2),39447,36049,20323,5383,18928,34139,13561.0,15364,
state,PR,Hidratado Saidas Distrib,flow,Mar (1),36669,31177,24395,11485,23292,35396,14595.0,15504,
state,PR,Hidratado Saidas Distrib,flow,Mar (2),31932,19742,17212,11812,27614,17358,15485.0,17195,
state,PR,Hidratado Saidas M.Ext,flow,Apr (1),0,0,0,0,0,0,0.0,0,0.0
state,PR,Hidratado Saidas M.Ext,flow,Apr (2),0,0,0,3990,0,0,0.0,0,0.0
state,PR,Hidratado Saidas M.Ext,flow,May (1),0,0,0,8229,0,0,0.0,0,0.0
state,PR,Hidratado Saidas M.Ext,flow,May (2),0,0,9452,16883,0,0,0.0,0,0.0
state,PR,Hidratado Saidas M.Ext,flow,Jun (1),0,0,3387,2309,0,0,0.0,0,0.0
state,PR,Hidratado Saidas M.Ext,flow,Jun (2),0,0,2243,986,0,0,0.0,0,0.0
state,PR,Hidratado Saidas M.Ext,flow,Jul (1),0,0,0,35,0,0,0.0,0,0.0
state,PR,Hidratado Saidas M.Ext,flow,Jul (2),0,0,2879,4557,0,30,0.0,0,0.0
state,PR,Hidratado Saidas M.Ext,flow,Aug (1),0,0,1914,1476,24,0,0.0,0,
state,PR,Hidratado Saidas M.Ext,flow,Aug (2),0,0,253,10460,0,0,0.0,0,
state,PR,Hidratado Saidas M.Ext,flow,Sep (1),0,0,225,2277,0,0,0.0,0,
state,PR,Hidratado Saidas M.Ext,flow,Sep (2),0,0,1784,4548,0,0,6079.0,0,
state,PR,Hidratado Saidas M.Ext,flow,Oct (1),0,0,3198,0,0,0,0.0,0,
state,PR,Hidratado Saidas M.Ext,flow,Oct (2),0,0,0,0,0,0,0.0,0,
state,PR,Hidratado Saidas M.Ext,flow,Nov (1),0,0,0,0,0,0,0.0,0,
state,PR,Hidratado Saidas M.Ext,flow,Nov (2),0,0,0,30,0,0,0.0,0,
state,PR,Hidratado Saidas M.Ext,flow,Dec (1),0,84,0,0,0,0,0.0,2311,
state,PR,Hidratado Saidas M.Ext,flow,Dec (2),0,0,0,0,0,0,0.0,0,
state,PR,Hidratado Saidas M.Ext,flow,Jan (1),0,-84,1,0,0,0,0.0,0,
state,PR,Hidratado Saidas M.Ext,flow,Jan (2),0,0,0,0,0,0,0.0,0,
state,PR,Hidratado Saidas M.Ext,flow,Feb (1),0,0,0,0,17,0,0.0,0,
state,PR,Hidratado Saidas M.Ext,flow,Feb (2),0,0,0,0,0,0,0.0,8,
state,PR,Hidratado Saidas M.Ext,flow,Mar (1),0,0,0,0,0,0,0.0,0,
state,PR,Hidratado Saidas M.Ext,flow,Mar (2),0,0,0,0,0,0,0.0,0,
state,PR,Hidratado Saidas Outras,flow,Apr (1),902,1822,3331,827,340,2714,4184.0,580,2301.0
state,PR,Hidratado Saidas Outras,flow,Apr (2),1394,1684,2541,1693,465,865,3652.0,585,3860.0
state,PR,Hidratado Saidas Outras,flow,May (1),1237,1868,1856,1891,1664,2998,343.0,490,805.0
state,PR,Hidratado Saidas Outras,flow,May (2),755,4307,2566,1856,1668,4978,407.0,999,2644.0
state,PR,Hidratado Saidas Outras,flow,Jun (1),1408,2216,1290,3342,660,3437,339.0,643,2678.0
state,PR,Hidratado Saidas Outras,flow,Jun (2),1416,2024,2198,3829,1566,5694,294.0,658,3555.0
state,PR,Hidratado Saidas Outras,flow,Jul (1),1620,978,2240,1130,758,2339,574.0,478,1193.0
state,PR,Hidratado Saidas Outras,flow,Jul (2),2607,1619,2283,4057,1219,2086,1132.0,365,1191.0
state,PR,Hidratado Saidas Outras,flow,Aug (1),1615,2108,2107,3445,399,2227,602.0,2848,
state,PR,Hidratado Saidas Outras,flow,Aug (2),2172,3325,1890,10148,641,2289,436.0,2030,
state,PR,Hidratado Saidas Outras,flow,Sep (1),2093,1866,1682,8136,791,1294,669.0,479,
state,PR,Hidratado Saidas Outras,flow,Sep (2),1641,3130,1606,8021,667,3749,1032.0,2449,
state,PR,Hidratado Saidas Outras,flow,Oct (1),1913,1950,1417,4150,616,3788,461.0,1039,
state,PR,Hidratado Saidas Outras,flow,Oct (2),2217,2229,1133,4463,1278,4079,548.0,6637,
state,PR,Hidratado Saidas Outras,flow,Nov (1),1929,2003,689,834,578,1999,2104.0,864,
state,PR,Hidratado Saidas Outras,flow,Nov (2),2605,1121,726,2939,737,1675,455.0,2380,
state,PR,Hidratado Saidas Outras,flow,Dec (1),2138,1043,1334,1739,801,425,457.0,2409,
state,PR,Hidratado Saidas Outras,flow,Dec (2),1411,589,913,1254,1507,297,303.0,1404,
state,PR,Hidratado Saidas Outras,flow,Jan (1),1030,5892,341,789,977,1457,409.0,228,
state,PR,Hidratado Saidas Outras,flow,Jan (2),1938,998,798,837,1819,2112,340.0,291,
state,PR,Hidratado Saidas Outras,flow,Feb (1),1487,654,855,273,240,2590,250.0,569,
state,PR,Hidratado Saidas Outras,flow,Feb (2),825,466,815,261,183,900,282.0,623,
state,PR,Hidratado Saidas Outras,flow,Mar (1),1802,-5039,1127,302,317,377,304.0,262,
state,PR,Hidratado Saidas Outras,flow,Mar (2),1245,1600,1123,1269,2237,498,434.0,418,
state,RJ,Acucar,flow,Apr (1),0,0,0,0,0,0,0.0,0,0.0
state,RJ,Acucar,flow,Apr (2),0,0,0,0,0,0,0.0,0,0.0
state,RJ,Acucar,flow,May (1),0,0,0,0,47,0,0.0,0,0.0
state,RJ,Acucar,flow,May (2),0,0,0,1705,1528,0,0.0,0,0.0
state,RJ,Acucar,flow,Jun (1),0,1070,635,230,651,1958,1736.0,2903,3832.0
state,RJ,Acucar,flow,Jun (2),45,1791,1790,2102,3551,4572,5117.0,3992,4605.0
state,RJ,Acucar,flow,Jul (1),2774,45,1657,1465,4849,5615,4902.0,4163,2889.0
state,RJ,Acucar,flow,Jul (2),4846,0,34,1617,4501,3806,8861.0,4380,4177.0
state,RJ,Acucar,flow,Aug (1),1272,0,705,800,4324,2677,5251.0,3071,
state,RJ,Acucar,flow,Aug (2),2875,1049,623,890,4058,2996,5831.0,0,
state,RJ,Acucar,flow,Sep (1),3746,408,1033,898,4998,3819,5840.0,443,
state,RJ,Acucar,flow,Sep (2),2038,0,321,1307,194,4464,5222.0,1809,
state,RJ,Acucar,flow,Oct (1),1891,0,634,0,0,2824,1495.0,1071,
state,RJ,Acucar,flow,Oct (2),1398,0,741,0,0,933,0.0,76,
state,RJ,Acucar,flow,Nov (1),359,0,19,99,0,0,0.0,0,
state,RJ,Acucar,flow,Nov (2),0,0,0,0,0,0,0.0,4,
state,RJ,Acucar,flow,Dec (1),0,0,52,0,0,0,0.0,0,
state,RJ,Acucar,flow,Dec (2),0,0,0,0,0,0,0.0,0,
state,RJ,Acucar,flow,Jan (1),0,0,0,0,0,0,0.0,33,
state,RJ,Acucar,flow,Jan (2),0,0,0,0,0,0,0.0,0,
state,RJ,Acucar,flow,Feb (1),0,0,0,0,0,0,0.0,0,
state,RJ,Acucar,flow,Feb (2),0,0,0,0,0,0,0.0,0,
state,RJ,Acucar,flow,Mar (1),0,0,0,0,0,0,0.0,0,
state,RJ,Acucar,flow,Mar (2),0,0,0,0,0,0,0.0,0,
state,RJ,Anidro Entradas,flow,Apr (1),0,0,0,0,0,0,0.0,0,0.0
state,RJ,Anidro Entradas,flow,Apr (2),0,0,0,0,0,0,0.0,0,0.0
state,RJ,Anidro Entradas,flow,May (1),0,0,0,0,0,0,0.0,0,0.0
state,RJ,Anidro Entradas,flow,May (2),0,0,0,0,0,0,0.0,0,0.0
state,RJ,Anidro Entradas,flow,Jun (1),0,0,0,0,0,0,0.0,0,0.0
state,RJ,Anidro Entradas,flow,Jun (2),0,0,0,0,0,0,0.0,0,0.0
state,RJ,Anidro Entradas,flow,Jul (1),0,0,0,0,0,0,0.0,0,0.0
state,RJ,Anidro Entradas,flow,Jul (2),0,0,0,0,0,0,0.0,0,0.0
state,RJ,Anidro Entradas,flow,Aug (1),0,0,0,0,0,0,0.0,0,
state,RJ,Anidro Entradas,flow,Aug (2),0,0,0,0,0,0,0.0,0,
state,RJ,Anidro Entradas,flow,Sep (1),0,0,0,0,0,0,0.0,0,
state,RJ,Anidro Entradas,flow,Sep (2),0,0,0,0,0,0,0.0,0,
state,RJ,Anidro Entradas,flow,Oct (1),0,0,0,0,0,0,0.0,0,
state,RJ,Anidro Entradas,flow,Oct (2),0,0,0,0,0,0,0.0,0,
state,RJ,Anidro Entradas,flow,Nov (1),0,0,0,0,0,0,0.0,0,
state,RJ,Anidro Entradas,flow,Nov (2),0,0,0,0,0,0,0.0,0,
state,RJ,Anidro Entradas,flow,Dec (1),0,0,0,0,0,0,0.0,0,
state,RJ,Anidro Entradas,flow,Dec (2),0,0,0,0,0,0,0.0,0,
state,RJ,Anidro Entradas,flow,Jan (1),0,0,0,0,0,0,0.0,0,
state,RJ,Anidro Entradas,flow,Jan (2),0,0,0,0,0,0,0.0,0,
state,RJ,Anidro Entradas,flow,Feb (1),0,0,0,0,0,0,0.0,0,
state,RJ,Anidro Entradas,flow,Feb (2),0,0,0,0,0,0,0.0,0,
state,RJ,Anidro Entradas,flow,Mar (1),0,0,0,0,0,0,0.0,0,
state,RJ,Anidro Entradas,flow,Mar (2),0,0,0,0,0,0,0.0,0,
state,RJ,Anidro Estoque E.Disp,stock,Apr (1),0,0,0,0,0,0,0.0,0,0.0
state,RJ,Anidro Estoque E.Disp,stock,Apr (2),0,0,0,0,0,0,0.0,0,0.0
state,RJ,Anidro Estoque E.Disp,stock,May (1),0,0,0,0,0,0,0.0,0,0.0
state,RJ,Anidro Estoque E.Disp,stock,May (2),0,0,0,0,0,0,0.0,0,0.0
state,RJ,Anidro Estoque E.Disp,stock,Jun (1),0,0,0,0,0,0,0.0,0,0.0
state,RJ,Anidro Estoque E.Disp,stock,Jun (2),0,0,0,0,0,0,0.0,0,0.0
state,RJ,Anidro Estoque E.Disp,stock,Jul (1),0,0,0,0,0,0,0.0,0,0.0
state,RJ,Anidro Estoque E.Disp,stock,Jul (2),0,0,0,0,0,0,0.0,0,0.0
state,RJ,Anidro Estoque E.Disp,stock,Aug (1),0,0,0,0,0,0,0.0,0,
state,RJ,Anidro Estoque E.Disp,stock,Aug (2),0,0,0,0,0,0,0.0,0,
state,RJ,Anidro Estoque E.Disp,stock,Sep (1),0,0,0,0,0,0,0.0,0,
state,RJ,Anidro Estoque E.Disp,stock,Sep (2),0,0,0,0,0,0,0.0,0,
state,RJ,Anidro Estoque E.Disp,stock,Oct (1),0,0,0,0,0,0,0.0,0,
state,RJ,Anidro Estoque E.Disp,stock,Oct (2),0,0,0,0,0,0,0.0,0,
state,RJ,Anidro Estoque E.Disp,stock,Nov (1),0,0,0,0,0,0,0.0,0,
state,RJ,Anidro Estoque E.Disp,stock,Nov (2),0,0,0,0,0,0,0.0,0,
state,RJ,Anidro Estoque E.Disp,stock,Dec (1),0,0,0,0,0,0,0.0,0,
state,RJ,Anidro Estoque E.Disp,stock,Dec (2),0,0,0,0,0,0,0.0,0,
state,RJ,Anidro Estoque E.Disp,stock,Jan (1),0,0,0,0,0,0,0.0,0,
state,RJ,Anidro Estoque E.Disp,stock,Jan (2),0,0,0,0,0,0,0.0,0,
state,RJ,Anidro Estoque E.Disp,stock,Feb (1),0,0,0,0,0,0,0.0,0,
state,RJ,Anidro Estoque E.Disp,stock,Feb (2),0,0,0,0,0,0,0.0,0,
state,RJ,Anidro Estoque E.Disp,stock,Mar (1),0,0,0,0,0,0,0.0,0,
state,RJ,Anidro Estoque E.Disp,stock,Mar (2),0,0,0,0,0,0,0.0,0,
state,RJ,Anidro Estoque E.Fisico,stock,Apr (1),0,0,0,0,0,0,0.0,0,0.0
state,RJ,Anidro Estoque E.Fisico,stock,Apr (2),0,0,0,0,0,0,0.0,0,0.0
state,RJ,Anidro Estoque E.Fisico,stock,May (1),0,0,0,0,0,0,0.0,0,0.0
state,RJ,Anidro Estoque E.Fisico,stock,May (2),0,0,0,0,0,0,0.0,0,0.0
state,RJ,Anidro Estoque E.Fisico,stock,Jun (1),0,0,0,0,0,0,0.0,0,0.0
state,RJ,Anidro Estoque E.Fisico,stock,Jun (2),0,0,0,0,0,0,0.0,0,0.0
state,RJ,Anidro Estoque E.Fisico,stock,Jul (1),0,0,0,0,0,0,0.0,0,0.0
state,RJ,Anidro Estoque E.Fisico,stock,Jul (2),0,0,0,0,0,0,0.0,0,0.0
state,RJ,Anidro Estoque E.Fisico,stock,Aug (1),0,0,0,0,0,0,0.0,0,
state,RJ,Anidro Estoque E.Fisico,stock,Aug (2),0,0,0,0,0,0,0.0,0,
state,RJ,Anidro Estoque E.Fisico,stock,Sep (1),0,0,0,0,0,0,0.0,0,
state,RJ,Anidro Estoque E.Fisico,stock,Sep (2),0,0,0,0,0,0,0.0,0,
state,RJ,Anidro Estoque E.Fisico,stock,Oct (1),0,0,0,0,0,0,0.0,0,
state,RJ,Anidro Estoque E.Fisico,stock,Oct (2),0,0,0,0,0,0,0.0,0,
state,RJ,Anidro Estoque E.Fisico,stock,Nov (1),0,0,0,0,0,0,0.0,0,
state,RJ,Anidro Estoque E.Fisico,stock,Nov (2),0,0,0,0,0,0,0.0,0,
state,RJ,Anidro Estoque E.Fisico,stock,Dec (1),0,0,0,0,0,0,0.0,0,
state,RJ,Anidro Estoque E.Fisico,stock,Dec (2),0,0,0,0,0,0,0.0,0,
state,RJ,Anidro Estoque E.Fisico,stock,Jan (1),0,0,0,0,0,0,0.0,0,
state,RJ,Anidro Estoque E.Fisico,stock,Jan (2),0,0,0,0,0,0,0.0,0,
state,RJ,Anidro Estoque E.Fisico,stock,Feb (1),0,0,0,0,0,0,0.0,0,
state,RJ,Anidro Estoque E.Fisico,stock,Feb (2),0,0,0,0,0,0,0.0,0,
state,RJ,Anidro Estoque E.Fisico,stock,Mar (1),0,0,0,0,0,0,0.0,0,
state,RJ,Anidro Estoque E.Fisico,stock,Mar (2),0,0,0,0,0,0,0.0,0,
state,RJ,Anidro Producao,flow,Apr (1),0,0,0,0,0,0,0.0,0,0.0
state,RJ,Anidro Producao,flow,Apr (2),0,0,0,0,0,0,0.0,0,0.0
state,RJ,Anidro Producao,flow,May (1),0,0,0,0,0,0,0.0,0,0.0
state,RJ,Anidro Producao,flow,May (2),0,0,0,0,0,0,0.0,0,0.0
state,RJ,Anidro Producao,flow,Jun (1),0,0,0,0,0,0,0.0,0,0.0
state,RJ,Anidro Producao,flow,Jun (2),0,0,0,0,0,0,0.0,0,0.0
state,RJ,Anidro Producao,flow,Jul (1),0,0,0,0,0,0,0.0,0,0.0
state,RJ,Anidro Producao,flow,Jul (2),0,0,0,0,0,0,0.0,0,0.0
state,RJ,Anidro Producao,flow,Aug (1),0,0,0,0,0,0,0.0,0,
state,RJ,Anidro Producao,flow,Aug (2),0,0,0,0,0,0,0.0,0,
state,RJ,Anidro Producao,flow,Sep (1),0,0,0,0,0,0,0.0,0,
state,RJ,Anidro Producao,flow,Sep (2),0,0,0,0,0,0,0.0,0,
state,RJ,Anidro Producao,flow,Oct (1),0,0,0,0,0,0,0.0,0,
state,RJ,Anidro Producao,flow,Oct (2),0,0,0,0,0,0,0.0,0,
state,RJ,Anidro Producao,flow,Nov (1),0,0,0,0,0,0,0.0,0,
state,RJ,Anidro Producao,flow,Nov (2),0,0,0,0,0,0,0.0,0,
state,RJ,Anidro Producao,flow,Dec (1),0,0,0,0,0,0,0.0,0,
state,RJ,Anidro Producao,flow,Dec (2),0,0,0,0,0,0,0.0,0,
state,RJ,Anidro Producao,flow,Jan (1),0,0,0,0,0,0,0.0,0,
state,RJ,Anidro Producao,flow,Jan (2),0,0,0,0,0,0,0.0,0,
state,RJ,Anidro Producao,flow,Feb (1),0,0,0,0,0,0,0.0,0,
state,RJ,Anidro Producao,flow,Feb (2),0,0,0,0,0,0,0.0,0,
state,RJ,Anidro Producao,flow,Mar (1),0,0,0,0,0,0,0.0,0,
state,RJ,Anidro Producao,flow,Mar (2),0,0,0,0,0,0,0.0,0,
state,RJ,Anidro Saidas Distrib,flow,Apr (1),0,0,0,0,0,0,0.0,0,0.0
state,RJ,Anidro Saidas Distrib,flow,Apr (2),0,0,0,0,0,0,0.0,0,0.0
state,RJ,Anidro Saidas Distrib,flow,May (1),0,0,0,0,0,0,0.0,0,0.0
state,RJ,Anidro Saidas Distrib,flow,May (2),0,0,0,0,0,0,0.0,0,0.0
state,RJ,Anidro Saidas Distrib,flow,Jun (1),0,0,0,0,0,0,0.0,0,0.0
state,RJ,Anidro Saidas Distrib,flow,Jun (2),0,0,0,0,0,0,0.0,0,0.0
state,RJ,Anidro Saidas Distrib,flow,Jul (1),0,0,0,0,0,0,0.0,0,0.0
state,RJ,Anidro Saidas Distrib,flow,Jul (2),0,0,0,0,0,0,0.0,0,0.0
state,RJ,Anidro Saidas Distrib,flow,Aug (1),0,0,0,0,0,0,0.0,0,
state,RJ,Anidro Saidas Distrib,flow,Aug (2),0,0,0,0,0,0,0.0,0,
state,RJ,Anidro Saidas Distrib,flow,Sep (1),0,0,0,0,0,0,0.0,0,
state,RJ,Anidro Saidas Distrib,flow,Sep (2),0,0,0,0,0,0,0.0,0,
state,RJ,Anidro Saidas Distrib,flow,Oct (1),0,0,0,0,0,0,0.0,0,
state,RJ,Anidro Saidas Distrib,flow,Oct (2),0,0,0,0,0,0,0.0,0,
state,RJ,Anidro Saidas Distrib,flow,Nov (1),0,0,0,0,0,0,0.0,0,
state,RJ,Anidro Saidas Distrib,flow,Nov (2),0,0,0,0,0,0,0.0,0,
state,RJ,Anidro Saidas Distrib,flow,Dec (1),0,0,0,0,0,0,0.0,0,
state,RJ,Anidro Saidas Distrib,flow,Dec (2),0,0,0,0,0,0,0.0,0,
state,RJ,Anidro Saidas Distrib,flow,Jan (1),0,0,0,0,0,0,0.0,0,
state,RJ,Anidro Saidas Distrib,flow,Jan (2),0,0,0,0,0,0,0.0,0,
state,RJ,Anidro Saidas Distrib,flow,Feb (1),0,0,0,0,0,0,0.0,0,
state,RJ,Anidro Saidas Distrib,flow,Feb (2),0,0,0,0,0,0,0.0,0,
state,RJ,Anidro Saidas Distrib,flow,Mar (1),0,0,0,0,0,0,0.0,0,
state,RJ,Anidro Saidas Distrib,flow,Mar (2),0,0,0,0,0,0,0.0,0,
state,RJ,Anidro Saidas M.Ext,flow,Apr (1),0,0,0,0,0,0,0.0,0,0.0
state,RJ,Anidro Saidas M.Ext,flow,Apr (2),0,0,0,0,0,0,0.0,0,0.0
state,RJ,Anidro Saidas M.Ext,flow,May (1),0,0,0,0,0,0,0.0,0,0.0
state,RJ,Anidro Saidas M.Ext,flow,May (2),0,0,0,0,0,0,0.0,0,0.0
state,RJ,Anidro Saidas M.Ext,flow,Jun (1),0,0,0,0,0,0,0.0,0,0.0
state,RJ,Anidro Saidas M.Ext,flow,Jun (2),0,0,0,0,0,0,0.0,0,0.0
state,RJ,Anidro Saidas M.Ext,flow,Jul (1),0,0,0,0,0,0,0.0,0,0.0
state,RJ,Anidro Saidas M.Ext,flow,Jul (2),0,0,0,0,0,0,0.0,0,0.0
state,RJ,Anidro Saidas M.Ext,flow,Aug (1),0,0,0,0,0,0,0.0,0,
state,RJ,Anidro Saidas M.Ext,flow,Aug (2),0,0,0,0,0,0,0.0,0,
state,RJ,Anidro Saidas M.Ext,flow,Sep (1),0,0,0,0,0,0,0.0,0,
state,RJ,Anidro Saidas M.Ext,flow,Sep (2),0,0,0,0,0,0,0.0,0,
state,RJ,Anidro Saidas M.Ext,flow,Oct (1),0,0,0,0,0,0,0.0,0,
state,RJ,Anidro Saidas M.Ext,flow,Oct (2),0,0,0,0,0,0,0.0,0,
state,RJ,Anidro Saidas M.Ext,flow,Nov (1),0,0,0,0,0,0,0.0,0,
state,RJ,Anidro Saidas M.Ext,flow,Nov (2),0,0,0,0,0,0,0.0,0,
state,RJ,Anidro Saidas M.Ext,flow,Dec (1),0,0,0,0,0,0,0.0,0,
state,RJ,Anidro Saidas M.Ext,flow,Dec (2),0,0,0,0,0,0,0.0,0,
state,RJ,Anidro Saidas M.Ext,flow,Jan (1),0,0,0,0,0,0,0.0,0,
state,RJ,Anidro Saidas M.Ext,flow,Jan (2),0,0,0,0,0,0,0.0,0,
state,RJ,Anidro Saidas M.Ext,flow,Feb (1),0,0,0,0,0,0,0.0,0,
state,RJ,Anidro Saidas M.Ext,flow,Feb (2),0,0,0,0,0,0,0.0,0,
state,RJ,Anidro Saidas M.Ext,flow,Mar (1),0,0,0,0,0,0,0.0,0,
state,RJ,Anidro Saidas M.Ext,flow,Mar (2),0,0,0,0,0,0,0.0,0,
state,RJ,Anidro Saidas Outras,flow,Apr (1),0,0,0,0,0,0,0.0,0,0.0
state,RJ,Anidro Saidas Outras,flow,Apr (2),0,0,0,0,0,0,0.0,0,0.0
state,RJ,Anidro Saidas Outras,flow,May (1),0,0,0,0,0,0,0.0,0,0.0
state,RJ,Anidro Saidas Outras,flow,May (2),0,0,0,0,0,0,0.0,0,0.0
state,RJ,Anidro Saidas Outras,flow,Jun (1),0,0,0,0,0,0,0.0,0,0.0
state,RJ,Anidro Saidas Outras,flow,Jun (2),0,0,0,0,0,0,0.0,0,0.0
state,RJ,Anidro Saidas Outras,flow,Jul (1),0,0,0,0,0,0,0.0,0,0.0
state,RJ,Anidro Saidas Outras,flow,Jul (2),0,0,0,0,0,0,0.0,0,0.0
state,RJ,Anidro Saidas Outras,flow,Aug (1),0,0,0,0,0,0,0.0,0,
state,RJ,Anidro Saidas Outras,flow,Aug (2),0,0,0,0,0,0,0.0,0,
state,RJ,Anidro Saidas Outras,flow,Sep (1),0,0,0,0,0,0,0.0,0,
state,RJ,Anidro Saidas Outras,flow,Sep (2),0,0,0,0,0,0,0.0,0,
state,RJ,Anidro Saidas Outras,flow,Oct (1),0,0,0,0,0,0,0.0,0,
state,RJ,Anidro Saidas Outras,flow,Oct (2),0,0,0,0,0,0,0.0,0,
state,RJ,Anidro Saidas Outras,flow,Nov (1),0,0,0,0,0,0,0.0,0,
state,RJ,Anidro Saidas Outras,flow,Nov (2),0,0,0,0,0,0,0.0,0,
state,RJ,Anidro Saidas Outras,flow,Dec (1),0,0,0,0,0,0,0.0,0,
state,RJ,Anidro Saidas Outras,flow,Dec (2),0,0,0,0,0,0,0.0,0,
state,RJ,Anidro Saidas Outras,flow,Jan (1),0,0,0,0,0,0,0.0,0,
state,RJ,Anidro Saidas Outras,flow,Jan (2),0,0,0,0,0,0,0.0,0,
state,RJ,Anidro Saidas Outras,flow,Feb (1),0,0,0,0,0,0,0.0,0,
state,RJ,Anidro Saidas Outras,flow,Feb (2),0,0,0,0,0,0,0.0,0,
state,RJ,Anidro Saidas Outras,flow,Mar (1),0,0,0,0,0,0,0.0,0,
state,RJ,Anidro Saidas Outras,flow,Mar (2),0,0,0,0,0,0,0.0,0,
state,RJ,Cana,flow,Apr (1),0,0,0,0,0,0,0.0,0,0.0
state,RJ,Cana,flow,Apr (2),0,0,0,0,0,0,0.0,0,0.0
state,RJ,Cana,flow,May (1),0,0,0,0,14174,0,0.0,0,0.0
state,RJ,Cana,flow,May (2),0,0,0,57439,109654,0,0.0,0,0.0
state,RJ,Cana,flow,Jun (1),0,73274,41390,67068,109336,68440,86726.0,75669,85630.0
state,RJ,Cana,flow,Jun (2),10372,84164,109525,117767,118309,95710,128653.0,132689,114543.0
state,RJ,Cana,flow,Jul (1),91924,108932,130322,129116,114960,145922,133178.0,96840,94582.0
state,RJ,Cana,flow,Jul (2),169201,126994,129444,136164,139701,133074,169347.0,139028,114641.0
state,RJ,Cana,flow,Aug (1),78207,121722,133986,115775,126735,118430,133574.0,105091,
state,RJ,Cana,flow,Aug (2),152799,122323,115689,107390,100249,89175,144182.0,84646,
state,RJ,Cana,flow,Sep (1),130967,109098,110559,118716,109213,105604,139711.0,96999,
state,RJ,Cana,flow,Sep (2),98713,35706,79347,131992,27883,112679,108600.0,112802,
state,RJ,Cana,flow,Oct (1),145034,33348,81789,49001,23543,81301,77951.0,86845,
state,RJ,Cana,flow,Oct (2),94964,30274,63532,62806,8930,55031,19047.0,20618,
state,RJ,Cana,flow,Nov (1),40489,0,25517,25929,0,43034,363.0,41448,
state,RJ,Cana,flow,Nov (2),21110,0,39856,0,0,386,0.0,16713,
state,RJ,Cana,flow,Dec (1),23735,0,22346,0,0,0,0.0,14623,
state,RJ,Cana,flow,Dec (2),0,0,0,0,0,0,0.0,0,
state,RJ,Cana,flow,Jan (1),0,0,0,0,0,0,0.0,3567,
state,RJ,Cana,flow,Jan (2),0,0,0,0,0,0,0.0,0,
state,RJ,Cana,flow,Feb (1),0,0,0,0,0,0,0.0,0,
state,RJ,Cana,flow,Feb (2),0,0,0,0,0,0,0.0,0,
state,RJ,Cana,flow,Mar (1),0,0,0,0,0,0,0.0,0,
state,RJ,Cana,flow,Mar (2),0,0,0,0,0,-38,0.0,0,
state,RJ,Etanol Total,flow,Apr (1),0,0,0,0,0,0,178.0,0,0.0
state,RJ,Etanol Total,flow,Apr (2),0,0,0,0,0,0,0.0,0,0.0
state,RJ,Etanol Total,flow,May (1),0,0,0,0,89,0,0.0,0,0.0
state,RJ,Etanol Total,flow,May (2),0,0,0,2152,7110,0,0.0,0,0.0
state,RJ,Etanol Total,flow,Jun (1),0,2539,639,4383,7753,2406,3576.0,2130,2533.0
state,RJ,Etanol Total,flow,Jun (2),0,4354,6323,6893,7057,5382,6589.0,6211,5772.0
state,RJ,Etanol Total,flow,Jul (1),2644,7130,8470,8362,6608,6127,7143.0,3779,5743.0
state,RJ,Etanol Total,flow,Jul (2),9093,8867,10585,9249,9188,7596,8766.0,6259,6785.0
state,RJ,Etanol Total,flow,Aug (1),4283,8553,10069,8725,7950,7062,6894.0,7190,
state,RJ,Etanol Total,flow,Aug (2),9242,9277,9125,7908,6279,4727,9231.0,7213,
state,RJ,Etanol Total,flow,Sep (1),7185,7971,8046,7850,6362,5274,8332.0,6919,
state,RJ,Etanol Total,flow,Sep (2),5776,3883,6500,9494,2868,5482,6046.0,7493,
state,RJ,Etanol Total,flow,Oct (1),8303,2423,5544,3221,1688,4026,6376.0,5972,
state,RJ,Etanol Total,flow,Oct (2),5725,2377,3717,3456,696,2764,1461.0,2013,
state,RJ,Etanol Total,flow,Nov (1),3021,0,1562,2413,0,3487,155.0,2722,
state,RJ,Etanol Total,flow,Nov (2),1065,0,1647,0,0,0,0.0,1063,
state,RJ,Etanol Total,flow,Dec (1),1616,0,2078,0,0,0,0.0,0,
state,RJ,Etanol Total,flow,Dec (2),335,0,0,0,0,0,0.0,934,
state,RJ,Etanol Total,flow,Jan (1),0,0,0,0,0,0,0.0,269,
state,RJ,Etanol Total,flow,Jan (2),0,0,0,0,0,0,0.0,0,
state,RJ,Etanol Total,flow,Feb (1),0,0,0,0,0,0,0.0,0,
state,RJ,Etanol Total,flow,Feb (2),0,0,0,0,0,0,0.0,0,
state,RJ,Etanol Total,flow,Mar (1),0,0,0,0,0,0,122.0,0,
state,RJ,Etanol Total,flow,Mar (2),0,0,0,0,0,0,0.0,0,
state,RJ,Hidratado Entradas,flow,Apr (1),64,0,45,39,1155,61,6878.0,33,37.0
state,RJ,Hidratado Entradas,flow,Apr (2),0,0,0,0,0,0,0.0,0,0.0
state,RJ,Hidratado Entradas,flow,May (1),0,0,0,0,0,0,0.0,0,0.0
state,RJ,Hidratado Entradas,flow,May (2),0,0,0,0,0,0,0.0,0,20.0
state,RJ,Hidratado Entradas,flow,Jun (1),0,0,0,0,0,0,0.0,0,0.0
state,RJ,Hidratado Entradas,flow,Jun (2),0,0,0,0,0,0,0.0,5,0.0
state,RJ,Hidratado Entradas,flow,Jul (1),0,0,16,0,0,0,0.0,0,0.0
state,RJ,Hidratado Entradas,flow,Jul (2),0,0,0,0,0,0,0.0,0,0.0
state,RJ,Hidratado Entradas,flow,Aug (1),0,0,126,0,0,0,0.0,0,
state,RJ,Hidratado Entradas,flow,Aug (2),0,0,0,0,0,0,0.0,0,
state,RJ,Hidratado Entradas,flow,Sep (1),0,0,0,0,0,0,63.0,0,
state,RJ,Hidratado Entradas,flow,Sep (2),0,0,0,0,0,0,0.0,0,
state,RJ,Hidratado Entradas,flow,Oct (1),0,0,0,0,0,0,0.0,0,
state,RJ,Hidratado Entradas,flow,Oct (2),0,0,0,0,0,164,0.0,0,
state,RJ,Hidratado Entradas,flow,Nov (1),0,0,0,0,0,0,0.0,0,
state,RJ,Hidratado Entradas,flow,Nov (2),0,0,0,0,0,0,0.0,0,
state,RJ,Hidratado Entradas,flow,Dec (1),0,0,0,25,0,0,0.0,0,
state,RJ,Hidratado Entradas,flow,Dec (2),0,0,0,0,0,0,0.0,0,
state,RJ,Hidratado Entradas,flow,Jan (1),0,158,30,0,0,0,0.0,0,
state,RJ,Hidratado Entradas,flow,Jan (2),0,1,0,0,0,0,0.0,0,
state,RJ,Hidratado Entradas,flow,Feb (1),0,0,0,0,0,0,0.0,4,
state,RJ,Hidratado Entradas,flow,Feb (2),0,0,0,0,0,0,0.0,0,
state,RJ,Hidratado Entradas,flow,Mar (1),0,0,0,0,0,0,0.0,0,
state,RJ,Hidratado Entradas,flow,Mar (2),0,0,0,0,0,0,0.0,0,
state,RJ,Hidratado Estoque E.Disp,stock,Apr (1),62,0,0,2,239,57,3843.0,26,0.0
state,RJ,Hidratado Estoque E.Disp,stock,Apr (2),60,0,0,2,1,20,1723.0,24,0.0
state,RJ,Hidratado Estoque E.Disp,stock,May (1),1,0,0,0,89,18,176.0,22,7.0
state,RJ,Hidratado Estoque E.Disp,stock,May (2),0,0,0,180,2278,18,12.0,17,16.0
state,RJ,Hidratado Estoque E.Disp,stock,Jun (1),0,0,0,347,5409,363,1639.0,1044,1165.0
state,RJ,Hidratado Estoque E.Disp,stock,Jun (2),0,402,1253,762,5409,1435,3333.0,4242,1619.0
state,RJ,Hidratado Estoque E.Disp,stock,Jul (1),400,1610,4134,2328,8124,3986,5573.0,3214,1413.0
state,RJ,Hidratado Estoque E.Disp,stock,Jul (2),1772,3390,6152,3261,11862,7509,5309.0,4746,1159.0
state,RJ,Hidratado Estoque E.Disp,stock,Aug (1),1982,4978,9189,4330,14819,8890,4972.0,5325,
state,RJ,Hidratado Estoque E.Disp,stock,Aug (2),2777,6733,11255,6462,15935,8259,6935.0,5617,
state,RJ,Hidratado Estoque E.Disp,stock,Sep (1),2861,8172,11223,9121,16042,9945,10031.0,6019,
state,RJ,Hidratado Estoque E.Disp,stock,Sep (2),2518,7828,10843,12263,13997,12408,9580.0,3549,
state,RJ,Hidratado Estoque E.Disp,stock,Oct (1),2308,8276,9838,11803,11843,12825,10809.0,3940,
state,RJ,Hidratado Estoque E.Disp,stock,Oct (2),1450,8122,7959,12292,11016,12656,10288.0,4566,
state,RJ,Hidratado Estoque E.Disp,stock,Nov (1),2302,7106,7369,12652,10930,13716,9737.0,4581,
state,RJ,Hidratado Estoque E.Disp,stock,Nov (2),1669,4681,6099,8977,8722,12655,9675.0,3816,
state,RJ,Hidratado Estoque E.Disp,stock,Dec (1),929,2079,4866,7091,6519,12649,8551.0,3689,
state,RJ,Hidratado Estoque E.Disp,stock,Dec (2),371,697,4442,4467,6507,12649,6046.0,1885,
state,RJ,Hidratado Estoque E.Disp,stock,Jan (1),338,34,2812,3262,4678,12634,6041.0,91,
state,RJ,Hidratado Estoque E.Disp,stock,Jan (2),338,0,2223,2455,2838,12387,6016.0,91,
state,RJ,Hidratado Estoque E.Disp,stock,Feb (1),0,0,2175,1739,1582,12060,5977.0,67,
state,RJ,Hidratado Estoque E.Disp,stock,Feb (2),0,0,1708,1739,267,11237,5962.0,67,
state,RJ,Hidratado Estoque E.Disp,stock,Mar (1),0,0,146,1139,63,11232,40.0,54,
state,RJ,Hidratado Estoque E.Disp,stock,Mar (2),0,0,39,1135,61,6876,28.0,54,
state,RJ,Hidratado Estoque E.Fisico,stock,Apr (1),62,0,45,2,239,57,3845.0,31,37.0
state,RJ,Hidratado Estoque E.Fisico,stock,Apr (2),60,0,45,2,1,20,1725.0,29,37.0
state,RJ,Hidratado Estoque E.Fisico,stock,May (1),1,0,45,0,89,18,178.0,27,12.0
state,RJ,Hidratado Estoque E.Fisico,stock,May (2),0,0,0,180,2278,18,14.0,22,22.0
state,RJ,Hidratado Estoque E.Fisico,stock,Jun (1),0,568,97,347,5409,363,1641.0,1049,1171.0
state,RJ,Hidratado Estoque E.Fisico,stock,Jun (2),0,402,1253,762,7159,1435,3335.0,4247,1625.0
state,RJ,Hidratado Estoque E.Fisico,stock,Jul (1),776,1610,4134,2327,8393,3986,5575.0,3219,1420.0
state,RJ,Hidratado Estoque E.Fisico,stock,Jul (2),4181,3390,6152,3261,11862,7509,5316.0,4752,1167.0
state,RJ,Hidratado Estoque E.Fisico,stock,Aug (1),2330,4978,9189,4330,14819,8890,4979.0,5330,
state,RJ,Hidratado Estoque E.Fisico,stock,Aug (2),2841,6733,11255,6462,15935,8259,6945.0,5623,
state,RJ,Hidratado Estoque E.Fisico,stock,Sep (1),3013,8172,11223,9121,16042,9945,10043.0,6025,
state,RJ,Hidratado Estoque E.Fisico,stock,Sep (2),2670,7828,10843,12263,13997,12408,9597.0,3555,
state,RJ,Hidratado Estoque E.Fisico,stock,Oct (1),2308,8276,9838,11803,11843,12825,10825.0,3946,
state,RJ,Hidratado Estoque E.Fisico,stock,Oct (2),1450,8122,7959,12292,11016,12657,10303.0,4572,
state,RJ,Hidratado Estoque E.Fisico,stock,Nov (1),2302,7106,7369,12652,10930,13717,9744.0,4587,
state,RJ,Hidratado Estoque E.Fisico,stock,Nov (2),1669,4681,6099,8977,8722,12657,9678.0,3822,
state,RJ,Hidratado Estoque E.Fisico,stock,Dec (1),929,2079,4866,7091,6519,12651,8553.0,3695,
state,RJ,Hidratado Estoque E.Fisico,stock,Dec (2),371,697,4442,4467,6506,12651,6048.0,1891,
state,RJ,Hidratado Estoque E.Fisico,stock,Jan (1),338,34,2812,3262,4677,12636,6043.0,97,
state,RJ,Hidratado Estoque E.Fisico,stock,Jan (2),338,0,2223,2455,2838,12389,6023.0,97,
state,RJ,Hidratado Estoque E.Fisico,stock,Feb (1),0,0,2175,1739,1582,12062,5983.0,72,
state,RJ,Hidratado Estoque E.Fisico,stock,Feb (2),0,0,1708,1739,267,11239,5968.0,72,
state,RJ,Hidratado Estoque E.Fisico,stock,Mar (1),0,0,146,1139,63,11234,46.0,59,
state,RJ,Hidratado Estoque E.Fisico,stock,Mar (2),0,0,39,1135,61,6878,33.0,59,
state,RJ,Hidratado Producao,flow,Apr (1),0,0,0,0,0,0,178.0,0,0.0
state,RJ,Hidratado Producao,flow,Apr (2),0,0,0,0,0,0,0.0,0,0.0
state,RJ,Hidratado Producao,flow,May (1),0,0,0,0,89,0,0.0,0,0.0
state,RJ,Hidratado Producao,flow,May (2),0,0,0,2152,7110,0,0.0,0,0.0
state,RJ,Hidratado Producao,flow,Jun (1),0,2539,639,4383,7753,2406,3576.0,2130,2533.0
state,RJ,Hidratado Producao,flow,Jun (2),0,4354,6323,6893,7057,5382,6589.0,6211,5772.0
state,RJ,Hidratado Producao,flow,Jul (1),2644,7130,8470,8362,6608,6127,7143.0,3779,5743.0
state,RJ,Hidratado Producao,flow,Jul (2),9093,8867,10585,9249,9188,7596,8766.0,6259,6785.0
state,RJ,Hidratado Producao,flow,Aug (1),4283,8553,10069,8725,7950,7062,6894.0,7190,
state,RJ,Hidratado Producao,flow,Aug (2),9242,9277,9125,7908,6279,4727,9231.0,7213,
state,RJ,Hidratado Producao,flow,Sep (1),7185,7971,8046,7850,6362,5274,8332.0,6919,
state,RJ,Hidratado Producao,flow,Sep (2),5776,3883,6500,9494,2868,5482,6046.0,7493,
state,RJ,Hidratado Producao,flow,Oct (1),8303,2423,5544,3221,1688,4026,6376.0,5972,
state,RJ,Hidratado Producao,flow,Oct (2),5725,2377,3717,3456,696,2764,1461.0,2013,
state,RJ,Hidratado Producao,flow,Nov (1),3021,0,1562,2413,0,3487,155.0,2722,
state,RJ,Hidratado Producao,flow,Nov (2),1065,0,1647,0,0,0,0.0,1063,
state,RJ,Hidratado Producao,flow,Dec (1),1616,0,2078,0,0,0,0.0,0,
state,RJ,Hidratado Producao,flow,Dec (2),335,0,0,0,0,0,0.0,934,
state,RJ,Hidratado Producao,flow,Jan (1),0,0,0,0,0,0,0.0,269,
state,RJ,Hidratado Producao,flow,Jan (2),0,0,0,0,0,0,0.0,0,
state,RJ,Hidratado Producao,flow,Feb (1),0,0,0,0,0,0,0.0,0,
state,RJ,Hidratado Producao,flow,Feb (2),0,0,0,0,0,0,0.0,0,
state,RJ,Hidratado Producao,flow,Mar (1),0,0,0,0,0,0,122.0,0,
state,RJ,Hidratado Producao,flow,Mar (2),0,0,0,0,0,0,0.0,0,
state,RJ,Hidratado Saidas Distrib,flow,Apr (1),2,0,0,0,913,0,3204.0,0,0.0
state,RJ,Hidratado Saidas Distrib,flow,Apr (2),0,0,0,0,235,0,2108.0,0,0.0
state,RJ,Hidratado Saidas Distrib,flow,May (1),0,0,0,0,0,0,1540.0,0,15.0
state,RJ,Hidratado Saidas Distrib,flow,May (2),0,0,25,1964,4908,0,159.0,0,5.0
state,RJ,Hidratado Saidas Distrib,flow,Jun (1),0,1746,538,4204,4614,2049,1591.0,853,1379.0
state,RJ,Hidratado Saidas Distrib,flow,Jun (2),0,4427,5152,6463,5291,4302,4402.0,2981,4910.0
state,RJ,Hidratado Saidas Distrib,flow,Jul (1),1610,5913,5588,6784,5359,3560,4760.0,4784,5004.0
state,RJ,Hidratado Saidas Distrib,flow,Jul (2),3959,6939,8537,8307,5711,3941,8714.0,4713,6239.0
state,RJ,Hidratado Saidas Distrib,flow,Aug (1),5941,6661,6612,7628,4973,5179,6916.0,6201,
state,RJ,Hidratado Saidas Distrib,flow,Aug (2),7543,7193,6355,5724,5011,4380,6904.0,6642,
state,RJ,Hidratado Saidas Distrib,flow,Sep (1),5901,6087,7902,5179,5748,3038,4686.0,6280,
state,RJ,Hidratado Saidas Distrib,flow,Sep (2),5720,3780,6845,6314,4905,2686,5939.0,9809,
state,RJ,Hidratado Saidas Distrib,flow,Oct (1),8048,1889,5963,3670,3834,2564,4757.0,5348,
state,RJ,Hidratado Saidas Distrib,flow,Oct (2),6309,2462,5330,2947,1507,1186,1672.0,1377,
state,RJ,Hidratado Saidas Distrib,flow,Nov (1),2029,994,2111,1931,82,703,609.0,2701,
state,RJ,Hidratado Saidas Distrib,flow,Nov (2),1504,2423,2892,3672,2059,89,56.0,1826,
state,RJ,Hidratado Saidas Distrib,flow,Dec (1),2344,2598,3203,1909,2194,0,1113.0,127,
state,RJ,Hidratado Saidas Distrib,flow,Dec (2),892,1372,401,2618,0,0,2492.0,2735,
state,RJ,Hidratado Saidas Distrib,flow,Jan (1),31,821,1658,1203,1830,0,0.0,2054,
state,RJ,Hidratado Saidas Distrib,flow,Jan (2),0,35,538,806,1816,237,15.0,0,
state,RJ,Hidratado Saidas Distrib,flow,Feb (1),335,0,46,714,1250,326,35.0,29,
state,RJ,Hidratado Saidas Distrib,flow,Feb (2),0,0,405,0,1310,811,10.0,0,
state,RJ,Hidratado Saidas Distrib,flow,Mar (1),0,0,1561,593,180,0,5889.0,0,
state,RJ,Hidratado Saidas Distrib,flow,Mar (2),0,0,35,0,0,4343,0.0,0,
state,RJ,Hidratado Saidas M.Ext,flow,Apr (1),0,0,0,0,0,0,0.0,0,0.0
state,RJ,Hidratado Saidas M.Ext,flow,Apr (2),0,0,0,0,0,0,0.0,0,0.0
state,RJ,Hidratado Saidas M.Ext,flow,May (1),0,0,0,0,0,0,0.0,0,0.0
state,RJ,Hidratado Saidas M.Ext,flow,May (2),0,0,0,0,0,0,0.0,0,0.0
state,RJ,Hidratado Saidas M.Ext,flow,Jun (1),0,0,0,0,0,0,0.0,0,0.0
state,RJ,Hidratado Saidas M.Ext,flow,Jun (2),0,0,0,0,0,0,0.0,0,0.0
state,RJ,Hidratado Saidas M.Ext,flow,Jul (1),0,0,0,0,0,0,0.0,0,0.0
state,RJ,Hidratado Saidas M.Ext,flow,Jul (2),0,0,0,0,0,0,0.0,0,0.0
state,RJ,Hidratado Saidas M.Ext,flow,Aug (1),0,0,0,0,0,0,0.0,0,
state,RJ,Hidratado Saidas M.Ext,flow,Aug (2),0,0,0,0,0,0,0.0,0,
state,RJ,Hidratado Saidas M.Ext,flow,Sep (1),0,0,0,0,0,0,0.0,0,
state,RJ,Hidratado Saidas M.Ext,flow,Sep (2),0,0,0,0,0,0,0.0,0,
state,RJ,Hidratado Saidas M.Ext,flow,Oct (1),0,0,0,0,0,0,0.0,0,
state,RJ,Hidratado Saidas M.Ext,flow,Oct (2),0,0,0,0,0,0,0.0,0,
state,RJ,Hidratado Saidas M.Ext,flow,Nov (1),0,0,0,0,0,0,0.0,0,
state,RJ,Hidratado Saidas M.Ext,flow,Nov (2),0,0,0,0,0,954,0.0,0,
state,RJ,Hidratado Saidas M.Ext,flow,Dec (1),0,0,0,0,0,0,0.0,0,
state,RJ,Hidratado Saidas M.Ext,flow,Dec (2),0,0,0,0,0,0,0.0,0,
state,RJ,Hidratado Saidas M.Ext,flow,Jan (1),0,0,0,0,0,0,0.0,0,
state,RJ,Hidratado Saidas M.Ext,flow,Jan (2),0,0,0,0,0,0,0.0,0,
state,RJ,Hidratado Saidas M.Ext,flow,Feb (1),0,0,0,0,0,0,0.0,0,
state,RJ,Hidratado Saidas M.Ext,flow,Feb (2),0,0,0,0,0,0,0.0,0,
state,RJ,Hidratado Saidas M.Ext,flow,Mar (1),0,0,0,0,0,0,0.0,0,
state,RJ,Hidratado Saidas M.Ext,flow,Mar (2),0,0,0,0,0,0,0.0,0,
state,RJ,Hidratado Saidas Outras,flow,Apr (1),0,0,0,37,3,4,7.0,2,0.0
state,RJ,Hidratado Saidas Outras,flow,Apr (2),2,0,0,0,3,37,12.0,2,0.0
state,RJ,Hidratado Saidas Outras,flow,May (1),59,0,0,2,1,2,7.0,2,10.0
state,RJ,Hidratado Saidas Outras,flow,May (2),1,0,20,8,13,0,5.0,5,5.0
state,RJ,Hidratado Saidas Outras,flow,Jun (1),0,225,4,12,8,12,358.0,250,5.0
state,RJ,Hidratado Saidas Outras,flow,Jun (2),0,93,15,15,16,8,493.0,37,408.0
state,RJ,Hidratado Saidas Outras,flow,Jul (1),258,9,17,13,15,16,143.0,23,944.0
state,RJ,Hidratado Saidas Outras,flow,Jul (2),1729,148,30,8,8,132,311.0,13,799.0
state,RJ,Hidratado Saidas Outras,flow,Aug (1),193,304,546,28,20,502,315.0,411,
state,RJ,Hidratado Saidas Outras,flow,Aug (2),1188,329,704,52,152,978,361.0,278,
state,RJ,Hidratado Saidas Outras,flow,Sep (1),1112,445,176,12,507,550,611.0,237,
state,RJ,Hidratado Saidas Outras,flow,Sep (2),399,447,35,38,8,333,553.0,154,
state,RJ,Hidratado Saidas Outras,flow,Oct (1),617,86,586,11,8,1045,391.0,233,
state,RJ,Hidratado Saidas Outras,flow,Oct (2),274,69,266,20,16,1910,311.0,10,
state,RJ,Hidratado Saidas Outras,flow,Nov (1),140,22,41,122,4,1724,105.0,6,
state,RJ,Hidratado Saidas Outras,flow,Nov (2),194,2,25,3,149,17,10.0,2,
state,RJ,Hidratado Saidas Outras,flow,Dec (1),12,4,108,2,9,6,12.0,0,
state,RJ,Hidratado Saidas Outras,flow,Dec (2),1,10,23,6,13,0,13.0,3,
state,RJ,Hidratado Saidas Outras,flow,Jan (1),2,0,2,2,-1,15,5.0,9,
state,RJ,Hidratado Saidas Outras,flow,Jan (2),0,0,51,1,23,10,5.0,0,
state,RJ,Hidratado Saidas Outras,flow,Feb (1),3,0,2,2,6,1,5.0,0,
state,RJ,Hidratado Saidas Outras,flow,Feb (2),0,0,62,0,5,12,5.0,0,
state,RJ,Hidratado Saidas Outras,flow,Mar (1),0,0,1,7,24,5,155.0,13,
state,RJ,Hidratado Saidas Outras,flow,Mar (2),0,0,72,4,2,13,13.0,0,
state,RN,Acucar,flow,Apr (1),0,0,0,0,0,0,0.0,0,0.0
state,RN,Acucar,flow,Apr (2),0,0,0,0,0,0,0.0,0,0.0
state,RN,Acucar,flow,May (1),0,0,0,0,0,0,0.0,0,0.0
state,RN,Acucar,flow,May (2),0,0,0,0,0,0,0.0,0,0.0
state,RN,Acucar,flow,Jun (1),0,0,0,0,0,0,0.0,0,0.0
state,RN,Acucar,flow,Jun (2),0,0,0,0,0,0,0.0,0,0.0
state,RN,Acucar,flow,Jul (1),0,0,0,0,0,0,0.0,0,0.0
state,RN,Acucar,flow,Jul (2),0,0,0,0,0,0,0.0,1342,0.0
state,RN,Acucar,flow,Aug (1),9419,0,3080,0,1630,7939,9633.0,10406,
state,RN,Acucar,flow,Aug (2),11779,0,10558,6874,10758,12656,12928.0,13515,
state,RN,Acucar,flow,Sep (1),11248,6799,11419,13662,14950,13371,14773.0,14648,
state,RN,Acucar,flow,Sep (2),12042,11833,16146,15409,17552,14497,17212.0,15081,
state,RN,Acucar,flow,Oct (1),12173,13070,16079,15892,15952,16422,16302.0,6488,
state,RN,Acucar,flow,Oct (2),13049,14780,18656,17121,19002,15641,21003.0,27914,
state,RN,Acucar,flow,Nov (1),12432,14363,16613,14369,17082,14610,17807.0,15084,
state,RN,Acucar,flow,Nov (2),12405,13026,15833,3442,17589,13113,16504.0,15026,
state,RN,Acucar,flow,Dec (1),12562,11255,16039,26598,15518,13923,16298.0,12635,
state,RN,Acucar,flow,Dec (2),6385,13746,17700,13724,16557,15331,16746.0,13233,
state,RN,Acucar,flow,Jan (1),3818,19808,14461,13630,14008,13872,14353.0,9960,
state,RN,Acucar,flow,Jan (2),898,13815,16136,1199,14082,16621,14275.0,9907,
state,RN,Acucar,flow,Feb (1),0,4938,880,0,14020,14192,1167.0,4173,
state,RN,Acucar,flow,Feb (2),0,0,0,0,10281,10479,17041.0,0,
state,RN,Acucar,flow,Mar (1),0,0,0,0,7139,7062,0.0,0,
state,RN,Acucar,flow,Mar (2),0,0,0,0,770,0,3630.0,0,
state,RN,Anidro Entradas,flow,Apr (1),0,0,0,0,0,0,0.0,0,0.0
state,RN,Anidro Entradas,flow,Apr (2),0,0,0,0,0,0,0.0,0,0.0
state,RN,Anidro Entradas,flow,May (1),0,0,0,0,0,0,0.0,0,0.0
state,RN,Anidro Entradas,flow,May (2),0,0,0,0,0,0,0.0,0,0.0
state,RN,Anidro Entradas,flow,Jun (1),0,0,0,0,0,0,0.0,0,0.0
state,RN,Anidro Entradas,flow,Jun (2),0,0,0,0,0,0,0.0,0,0.0
state,RN,Anidro Entradas,flow,Jul (1),0,0,0,0,0,0,0.0,0,0.0
state,RN,Anidro Entradas,flow,Jul (2),0,0,0,0,0,0,0.0,0,0.0
state,RN,Anidro Entradas,flow,Aug (1),0,0,0,0,0,322,0.0,0,
state,RN,Anidro Entradas,flow,Aug (2),0,0,0,0,0,0,0.0,0,
state,RN,Anidro Entradas,flow,Sep (1),0,0,0,0,0,0,0.0,0,
state,RN,Anidro Entradas,flow,Sep (2),0,0,0,0,0,0,0.0,0,
state,RN,Anidro Entradas,flow,Oct (1),0,0,0,0,0,0,0.0,0,
state,RN,Anidro Entradas,flow,Oct (2),0,0,0,0,0,0,0.0,0,
state,RN,Anidro Entradas,flow,Nov (1),0,0,0,0,0,135,0.0,0,
state,RN,Anidro Entradas,flow,Nov (2),0,4,0,0,45,0,0.0,0,
state,RN,Anidro Entradas,flow,Dec (1),48,30,0,0,0,0,57.0,0,
state,RN,Anidro Entradas,flow,Dec (2),0,44,9,0,0,0,0.0,0,
state,RN,Anidro Entradas,flow,Jan (1),0,0,20,0,61,0,0.0,0,
state,RN,Anidro Entradas,flow,Jan (2),0,36,0,0,0,0,0.0,0,
state,RN,Anidro Entradas,flow,Feb (1),0,180,0,0,0,0,0.0,0,
state,RN,Anidro Entradas,flow,Feb (2),0,0,0,0,0,0,0.0,0,
state,RN,Anidro Entradas,flow,Mar (1),0,0,0,0,0,0,0.0,0,
state,RN,Anidro Entradas,flow,Mar (2),0,180,0,0,0,0,0.0,0,
state,RN,Anidro Estoque E.Disp,stock,Apr (1),0,0,0,0,0,0,0.0,0,0.0
state,RN,Anidro Estoque E.Disp,stock,Apr (2),0,0,0,0,0,0,0.0,0,0.0
state,RN,Anidro Estoque E.Disp,stock,May (1),0,0,0,0,0,0,0.0,0,0.0
state,RN,Anidro Estoque E.Disp,stock,May (2),0,0,0,0,0,0,0.0,0,0.0
state,RN,Anidro Estoque E.Disp,stock,Jun (1),0,0,0,0,0,0,0.0,0,0.0
state,RN,Anidro Estoque E.Disp,stock,Jun (2),0,0,0,0,0,0,0.0,0,0.0
state,RN,Anidro Estoque E.Disp,stock,Jul (1),0,0,0,0,0,0,0.0,0,0.0
state,RN,Anidro Estoque E.Disp,stock,Jul (2),0,0,0,0,0,0,0.0,0,0.0
state,RN,Anidro Estoque E.Disp,stock,Aug (1),330,0,0,0,0,1947,0.0,0,
state,RN,Anidro Estoque E.Disp,stock,Aug (2),968,0,859,0,1697,6199,0.0,0,
state,RN,Anidro Estoque E.Disp,stock,Sep (1),1510,0,740,4403,3870,9744,1414.0,1282,
state,RN,Anidro Estoque E.Disp,stock,Sep (2),2743,416,1296,7502,7201,13436,3095.0,1546,
state,RN,Anidro Estoque E.Disp,stock,Oct (1),2550,0,736,10968,7851,16982,4954.0,1947,
state,RN,Anidro Estoque E.Disp,stock,Oct (2),3659,227,2550,13057,9017,19038,5972.0,1407,
state,RN,Anidro Estoque E.Disp,stock,Nov (1),5256,737,2926,14632,7194,21770,5574.0,601,
state,RN,Anidro Estoque E.Disp,stock,Nov (2),5515,968,4278,11475,6182,22590,4624.0,1197,
state,RN,Anidro Estoque E.Disp,stock,Dec (1),4849,1667,8269,10129,7706,19217,5094.0,922,
state,RN,Anidro Estoque E.Disp,stock,Dec (2),3777,1451,12502,11328,8411,16018,4694.0,1476,
state,RN,Anidro Estoque E.Disp,stock,Jan (1),3348,2551,15744,12017,10023,12195,2893.0,1205,
state,RN,Anidro Estoque E.Disp,stock,Jan (2),932,3006,15929,10216,14330,8660,1735.0,971,
state,RN,Anidro Estoque E.Disp,stock,Feb (1),990,2654,14635,9434,17454,8192,523.0,471,
state,RN,Anidro Estoque E.Disp,stock,Feb (2),924,2579,12089,9268,17828,7640,909.0,462,
state,RN,Anidro Estoque E.Disp,stock,Mar (1),511,2309,5720,8755,17757,6645,257.0,130,
state,RN,Anidro Estoque E.Disp,stock,Mar (2),0,0,0,0,322,0,0.0,3,
state,RN,Anidro Estoque E.Fisico,stock,Apr (1),0,0,0,0,0,0,0.0,0,0.0
state,RN,Anidro Estoque E.Fisico,stock,Apr (2),0,0,0,0,0,0,0.0,0,0.0
state,RN,Anidro Estoque E.Fisico,stock,May (1),0,0,0,0,0,0,0.0,0,0.0
state,RN,Anidro Estoque E.Fisico,stock,May (2),0,0,0,0,0,0,0.0,0,0.0
state,RN,Anidro Estoque E.Fisico,stock,Jun (1),0,0,0,0,0,0,0.0,0,0.0
state,RN,Anidro Estoque E.Fisico,stock,Jun (2),0,0,0,0,0,0,0.0,0,0.0
state,RN,Anidro Estoque E.Fisico,stock,Jul (1),0,0,0,0,0,0,0.0,0,0.0
state,RN,Anidro Estoque E.Fisico,stock,Jul (2),0,0,0,0,0,0,0.0,0,0.0
state,RN,Anidro Estoque E.Fisico,stock,Aug (1),330,0,0,0,0,1947,0.0,0,
state,RN,Anidro Estoque E.Fisico,stock,Aug (2),968,0,1181,0,1697,6199,0.0,0,
state,RN,Anidro Estoque E.Fisico,stock,Sep (1),1510,0,1317,4403,3870,9744,1414.0,1282,
state,RN,Anidro Estoque E.Fisico,stock,Sep (2),2743,621,1332,7502,7201,13436,3095.0,1546,
state,RN,Anidro Estoque E.Fisico,stock,Oct (1),2732,156,1458,11378,7851,16982,4954.0,1947,
state,RN,Anidro Estoque E.Fisico,stock,Oct (2),3659,337,3079,13368,9017,19038,5972.0,1407,
state,RN,Anidro Estoque E.Fisico,stock,Nov (1),5256,753,3167,16273,7194,21770,5574.0,601,
state,RN,Anidro Estoque E.Fisico,stock,Nov (2),5515,1122,4967,12449,6182,22590,4624.0,1197,
state,RN,Anidro Estoque E.Fisico,stock,Dec (1),4703,3126,8287,11906,7706,19217,5094.0,922,
state,RN,Anidro Estoque E.Fisico,stock,Dec (2),3777,2552,12502,12567,8411,16018,4694.0,1476,
state,RN,Anidro Estoque E.Fisico,stock,Jan (1),3348,2750,15744,13256,10023,12195,2893.0,1205,
state,RN,Anidro Estoque E.Fisico,stock,Jan (2),932,3018,15929,11362,14330,8660,1735.0,971,
state,RN,Anidro Estoque E.Fisico,stock,Feb (1),990,2916,14635,10445,17454,8192,523.0,471,
state,RN,Anidro Estoque E.Fisico,stock,Feb (2),924,2619,12089,10230,17828,7640,932.0,462,
state,RN,Anidro Estoque E.Fisico,stock,Mar (1),511,2309,5720,9717,17757,6645,280.0,130,
state,RN,Anidro Estoque E.Fisico,stock,Mar (2),0,0,0,0,322,0,0.0,3,
state,RN,Anidro Producao,flow,Apr (1),0,0,0,0,0,0,0.0,0,0.0
state,RN,Anidro Producao,flow,Apr (2),0,0,0,0,0,0,0.0,0,0.0
state,RN,Anidro Producao,flow,May (1),0,0,0,0,0,0,0.0,0,0.0
state,RN,Anidro Producao,flow,May (2),0,0,0,0,0,0,0.0,0,0.0
state,RN,Anidro Producao,flow,Jun (1),0,0,0,0,0,0,0.0,0,0.0
state,RN,Anidro Producao,flow,Jun (2),0,0,0,0,0,0,0.0,0,0.0
state,RN,Anidro Producao,flow,Jul (1),0,0,0,0,0,0,0.0,0,0.0
state,RN,Anidro Producao,flow,Jul (2),0,0,0,0,0,0,0.0,0,0.0
state,RN,Anidro Producao,flow,Aug (1),330,0,0,0,0,1625,0.0,0,
state,RN,Anidro Producao,flow,Aug (2),638,0,1658,0,1708,4252,0.0,0,
state,RN,Anidro Producao,flow,Sep (1),542,0,1253,5260,3121,3650,1444.0,1458,
state,RN,Anidro Producao,flow,Sep (2),2258,832,1164,4510,3672,4160,1868.0,418,
state,RN,Anidro Producao,flow,Oct (1),2156,226,1187,4697,3212,4011,2001.0,823,
state,RN,Anidro Producao,flow,Oct (2),2609,3129,3846,3910,3671,4321,1711.0,536,
state,RN,Anidro Producao,flow,Nov (1),3017,2887,2811,4097,2615,3944,0.0,0,
state,RN,Anidro Producao,flow,Nov (2),1259,3452,4959,0,3111,3540,146.0,2515,
state,RN,Anidro Producao,flow,Dec (1),1114,4466,4397,1578,3008,2971,796.0,1434,
state,RN,Anidro Producao,flow,Dec (2),740,2120,4825,1888,3551,2738,1492.0,2513,
state,RN,Anidro Producao,flow,Jan (1),600,3272,4304,1396,3402,2188,1409.0,2507,
state,RN,Anidro Producao,flow,Jan (2),988,2347,933,0,5038,199,1591.0,1858,
state,RN,Anidro Producao,flow,Feb (1),280,130,0,0,3550,607,855.0,244,
state,RN,Anidro Producao,flow,Feb (2),0,0,0,0,2987,0,1446.0,0,
state,RN,Anidro Producao,flow,Mar (1),0,0,0,0,2894,0,394.0,0,
state,RN,Anidro Producao,flow,Mar (2),0,0,0,0,238,0,0.0,0,
state,RN,Anidro Saidas Distrib,flow,Apr (1),0,0,0,0,0,0,0.0,0,0.0
state,RN,Anidro Saidas Distrib,flow,Apr (2),0,0,0,0,0,0,0.0,0,0.0
state,RN,Anidro Saidas Distrib,flow,May (1),0,0,0,0,0,0,0.0,0,0.0
state,RN,Anidro Saidas Distrib,flow,May (2),0,0,0,0,0,0,0.0,0,0.0
state,RN,Anidro Saidas Distrib,flow,Jun (1),0,0,0,0,0,0,0.0,0,0.0
state,RN,Anidro Saidas Distrib,flow,Jun (2),0,0,0,0,0,0,0.0,0,0.0
state,RN,Anidro Saidas Distrib,flow,Jul (1),0,0,0,0,0,0,0.0,0,0.0
state,RN,Anidro Saidas Distrib,flow,Jul (2),0,0,0,0,0,0,0.0,0,0.0
state,RN,Anidro Saidas Distrib,flow,Aug (1),0,0,0,0,0,0,0.0,0,
state,RN,Anidro Saidas Distrib,flow,Aug (2),0,0,475,0,0,0,0.0,0,
state,RN,Anidro Saidas Distrib,flow,Sep (1),0,0,1100,851,940,59,0.0,146,
state,RN,Anidro Saidas Distrib,flow,Sep (2),1024,203,1116,1380,297,468,121.0,106,
state,RN,Anidro Saidas Distrib,flow,Oct (1),2159,691,1038,790,2570,301,59.0,376,
state,RN,Anidro Saidas Distrib,flow,Oct (2),1664,2931,2175,1910,2438,2136,607.0,1036,
state,RN,Anidro Saidas Distrib,flow,Nov (1),1106,2463,2700,1114,4383,1220,349.0,782,
state,RN,Anidro Saidas Distrib,flow,Nov (2),985,3076,3076,3771,4109,2600,1060.0,1890,
state,RN,Anidro Saidas Distrib,flow,Dec (1),1974,2439,1031,2093,1461,6209,360.0,1684,
state,RN,Anidro Saidas Distrib,flow,Dec (2),484,2723,533,1166,2814,5778,1854.0,1930,
state,RN,Anidro Saidas Distrib,flow,Jan (1),1029,3070,1041,698,1851,5820,3114.0,2727,
state,RN,Anidro Saidas Distrib,flow,Jan (2),3395,2098,689,1843,590,3542,2667.0,1974,
state,RN,Anidro Saidas Distrib,flow,Feb (1),222,400,288,838,348,1025,2015.0,718,
state,RN,Anidro Saidas Distrib,flow,Feb (2),0,286,118,180,2532,527,550.0,0,
state,RN,Anidro Saidas Distrib,flow,Mar (1),413,309,59,505,2925,952,1022.0,226,
state,RN,Anidro Saidas Distrib,flow,Mar (2),470,3669,44,978,17507,10338,168.0,0,
state,RN,Anidro Saidas M.Ext,flow,Apr (1),0,0,0,0,0,0,0.0,0,0.0
state,RN,Anidro Saidas M.Ext,flow,Apr (2),0,0,0,0,0,0,0.0,0,0.0
state,RN,Anidro Saidas M.Ext,flow,May (1),0,0,0,0,0,0,0.0,0,0.0
state,RN,Anidro Saidas M.Ext,flow,May (2),0,0,0,0,0,0,0.0,0,0.0
state,RN,Anidro Saidas M.Ext,flow,Jun (1),0,0,0,0,0,0,0.0,0,0.0
state,RN,Anidro Saidas M.Ext,flow,Jun (2),0,0,0,0,0,0,0.0,0,0.0
state,RN,Anidro Saidas M.Ext,flow,Jul (1),0,0,0,0,0,0,0.0,0,0.0
state,RN,Anidro Saidas M.Ext,flow,Jul (2),0,0,0,0,0,0,0.0,0,0.0
state,RN,Anidro Saidas M.Ext,flow,Aug (1),0,0,0,0,0,0,0.0,0,
state,RN,Anidro Saidas M.Ext,flow,Aug (2),0,0,0,0,0,0,0.0,0,
state,RN,Anidro Saidas M.Ext,flow,Sep (1),0,0,0,0,0,0,0.0,0,
state,RN,Anidro Saidas M.Ext,flow,Sep (2),0,0,0,0,0,0,0.0,0,
state,RN,Anidro Saidas M.Ext,flow,Oct (1),0,0,0,0,0,0,0.0,0,
state,RN,Anidro Saidas M.Ext,flow,Oct (2),0,0,0,0,0,0,0.0,0,
state,RN,Anidro Saidas M.Ext,flow,Nov (1),0,0,0,0,0,0,0.0,0,
state,RN,Anidro Saidas M.Ext,flow,Nov (2),0,0,0,0,0,0,0.0,0,
state,RN,Anidro Saidas M.Ext,flow,Dec (1),0,0,0,0,0,0,0.0,0,
state,RN,Anidro Saidas M.Ext,flow,Dec (2),0,0,0,3,0,0,0.0,0,
state,RN,Anidro Saidas M.Ext,flow,Jan (1),0,0,0,0,0,0,0.0,0,
state,RN,Anidro Saidas M.Ext,flow,Jan (2),0,0,0,0,0,0,0.0,0,
state,RN,Anidro Saidas M.Ext,flow,Feb (1),0,0,0,0,0,0,0.0,0,
state,RN,Anidro Saidas M.Ext,flow,Feb (2),0,0,0,0,0,0,0.0,0,
state,RN,Anidro Saidas M.Ext,flow,Mar (1),0,0,0,0,0,0,0.0,0,
state,RN,Anidro Saidas M.Ext,flow,Mar (2),0,0,0,0,0,0,0.0,0,
state,RN,Anidro Saidas Outras,flow,Apr (1),0,0,0,0,0,0,0.0,0,0.0
state,RN,Anidro Saidas Outras,flow,Apr (2),0,0,0,0,0,0,0.0,0,0.0
state,RN,Anidro Saidas Outras,flow,May (1),0,0,0,0,0,0,0.0,0,0.0
state,RN,Anidro Saidas Outras,flow,May (2),0,0,0,0,0,0,0.0,0,0.0
state,RN,Anidro Saidas Outras,flow,Jun (1),0,0,0,0,0,0,0.0,0,0.0
state,RN,Anidro Saidas Outras,flow,Jun (2),0,0,0,0,0,0,0.0,0,0.0
state,RN,Anidro Saidas Outras,flow,Jul (1),0,0,0,0,0,0,0.0,0,0.0
state,RN,Anidro Saidas Outras,flow,Jul (2),0,0,0,0,0,0,0.0,0,0.0
state,RN,Anidro Saidas Outras,flow,Aug (1),0,0,0,0,0,0,0.0,0,
state,RN,Anidro Saidas Outras,flow,Aug (2),0,0,2,0,11,0,0.0,0,
state,RN,Anidro Saidas Outras,flow,Sep (1),0,0,17,6,8,46,30.0,30,
state,RN,Anidro Saidas Outras,flow,Sep (2),1,8,33,31,44,0,66.0,48,
state,RN,Anidro Saidas Outras,flow,Oct (1),8,0,23,31,-8,164,83.0,46,
state,RN,Anidro Saidas Outras,flow,Oct (2),18,17,50,10,67,129,86.0,40,
state,RN,Anidro Saidas Outras,flow,Nov (1),314,8,23,78,55,127,49.0,24,
state,RN,Anidro Saidas Outras,flow,Nov (2),15,11,83,53,59,120,36.0,29,
state,RN,Anidro Saidas Outras,flow,Dec (1),0,53,46,28,23,135,23.0,25,
state,RN,Anidro Saidas Outras,flow,Dec (2),1182,15,86,58,32,159,38.0,29,
state,RN,Anidro Saidas Outras,flow,Jan (1),0,4,41,9,0,191,96.0,51,
state,RN,Anidro Saidas Outras,flow,Jan (2),9,17,59,51,141,192,82.0,118,
state,RN,Anidro Saidas Outras,flow,Feb (1),0,12,1006,79,78,50,52.0,26,
state,RN,Anidro Saidas Outras,flow,Feb (2),66,11,2428,35,81,25,487.0,9,
state,RN,Anidro Saidas Outras,flow,Mar (1),0,1,6310,8,40,43,24.0,106,
state,RN,Anidro Saidas Outras,flow,Mar (2),41,1033,5676,8739,10517,1405,165.0,127,
state,RN,Cana,flow,Apr (1),0,0,0,0,0,0,0.0,0,0.0
state,RN,Cana,flow,Apr (2),0,0,0,0,0,0,0.0,0,0.0
state,RN,Cana,flow,May (1),0,0,0,0,0,0,0.0,0,0.0
state,RN,Cana,flow,May (2),0,0,0,0,0,0,0.0,0,0.0
state,RN,Cana,flow,Jun (1),0,0,0,0,0,0,0.0,0,0.0
state,RN,Cana,flow,Jun (2),0,0,0,0,0,0,0.0,0,0.0
state,RN,Cana,flow,Jul (1),0,0,0,0,0,0,0.0,0,0.0
state,RN,Cana,flow,Jul (2),0,0,0,0,0,10132,14151.0,39595,0.0
state,RN,Cana,flow,Aug (1),115863,0,57129,0,45161,149358,141301.0,137889,
state,RN,Cana,flow,Aug (2),140527,0,257602,149308,226060,243215,203408.0,264192,
state,RN,Cana,flow,Sep (1),208821,282538,297691,230307,237762,233304,274322.0,289076,
state,RN,Cana,flow,Sep (2),272219,271830,281348,267572,287053,283887,298716.0,306079,
state,RN,Cana,flow,Oct (1),251303,277801,273507,279515,266828,284808,291759.0,188685,
state,RN,Cana,flow,Oct (2),280273,296233,296359,292550,295940,294509,337445.0,504145,
state,RN,Cana,flow,Nov (1),253022,271665,264792,275143,324566,256146,284991.0,330102,
state,RN,Cana,flow,Nov (2),266398,269582,271752,146070,253023,235705,287804.0,316260,
state,RN,Cana,flow,Dec (1),248576,243764,259109,382464,277571,220707,296010.0,263759,
state,RN,Cana,flow,Dec (2),147554,252100,268965,253444,279840,265883,306046.0,295903,
state,RN,Cana,flow,Jan (1),127575,234002,245010,233756,262956,232774,259616.0,271316,
state,RN,Cana,flow,Jan (2),104168,259456,265500,15304,272380,260691,272529.0,286170,
state,RN,Cana,flow,Feb (1),13025,115756,29007,0,259459,228921,119479.0,103175,
state,RN,Cana,flow,Feb (2),0,6664,0,0,180479,196265,327272.0,0,
state,RN,Cana,flow,Mar (1),0,0,0,0,171504,128951,99906.0,0,
state,RN,Cana,flow,Mar (2),0,0,0,0,21689,25487,97276.0,0,
state,RN,Etanol Total,flow,Apr (1),0,0,0,0,0,0,0.0,0,0.0
state,RN,Etanol Total,flow,Apr (2),0,0,0,0,0,0,0.0,0,0.0
state,RN,Etanol Total,flow,May (1),0,0,0,0,0,0,0.0,0,0.0
state,RN,Etanol Total,flow,May (2),0,0,0,0,0,0,0.0,0,0.0
state,RN,Etanol Total,flow,Jun (1),0,0,0,0,0,0,0.0,0,0.0
state,RN,Etanol Total,flow,Jun (2),0,0,0,0,0,0,0.0,0,0.0
state,RN,Etanol Total,flow,Jul (1),0,0,0,0,0,0,0.0,0,0.0
state,RN,Etanol Total,flow,Jul (2),0,0,0,0,0,0,95.0,305,0.0
state,RN,Etanol Total,flow,Aug (1),2067,0,356,0,91,3531,2966.0,3003,
state,RN,Etanol Total,flow,Aug (2),2544,0,9357,2538,6805,8356,5739.0,8277,
state,RN,Etanol Total,flow,Sep (1),8264,12563,11431,6451,5861,7146,11134.0,9554,
state,RN,Etanol Total,flow,Sep (2),12608,10991,10716,8864,9839,10729,11633.0,12186,
state,RN,Etanol Total,flow,Oct (1),11437,12578,9492,10157,8950,10423,12558.0,9144,
state,RN,Etanol Total,flow,Oct (2),12781,13015,10358,10401,9390,12268,14835.0,18009,
state,RN,Etanol Total,flow,Nov (1),11720,12145,8972,10517,13319,11618,12919.0,13011,
state,RN,Etanol Total,flow,Nov (2),11674,11883,10297,7769,7263,10868,12981.0,13643,
state,RN,Etanol Total,flow,Dec (1),10334,10430,10458,11854,10105,9323,13686.0,11534,
state,RN,Etanol Total,flow,Dec (2),7144,11627,11171,8223,11441,9644,13008.0,13859,
state,RN,Etanol Total,flow,Jan (1),6382,9596,10609,7679,11644,7586,10282.0,13027,
state,RN,Etanol Total,flow,Jan (2),6731,11021,11517,1062,9738,8136,10682.0,15497,
state,RN,Etanol Total,flow,Feb (1),1291,7372,2873,0,9399,8402,6582.0,7067,
state,RN,Etanol Total,flow,Feb (2),0,466,0,0,5836,6359,10941.0,315,
state,RN,Etanol Total,flow,Mar (1),0,0,0,0,5533,4961,4808.0,0,
state,RN,Etanol Total,flow,Mar (2),0,0,0,0,2364,480,6198.0,0,
state,RN,Hidratado Entradas,flow,Apr (1),0,0,432,0,0,0,88.0,0,0.0
state,RN,Hidratado Entradas,flow,Apr (2),0,0,0,0,0,0,0.0,0,0.0
state,RN,Hidratado Entradas,flow,May (1),0,0,0,0,0,0,0.0,0,0.0
state,RN,Hidratado Entradas,flow,May (2),0,441,0,0,0,0,0.0,0,0.0
state,RN,Hidratado Entradas,flow,Jun (1),0,-441,0,0,0,0,0.0,0,0.0
state,RN,Hidratado Entradas,flow,Jun (2),0,0,0,0,0,0,0.0,0,0.0
state,RN,Hidratado Entradas,flow,Jul (1),0,0,0,0,0,0,0.0,0,0.0
state,RN,Hidratado Entradas,flow,Jul (2),794,0,0,0,0,67,0.0,0,0.0
state,RN,Hidratado Entradas,flow,Aug (1),0,0,0,0,477,319,0.0,5853,
state,RN,Hidratado Entradas,flow,Aug (2),0,32,0,55,45,0,203.0,524,
state,RN,Hidratado Entradas,flow,Sep (1),324,409,17,41,74,0,0.0,62,
state,RN,Hidratado Entradas,flow,Sep (2),0,0,59,0,0,0,0.0,28,
state,RN,Hidratado Entradas,flow,Oct (1),0,35,0,0,45,4,7.0,57,
state,RN,Hidratado Entradas,flow,Oct (2),0,0,0,0,0,0,45.0,61,
state,RN,Hidratado Entradas,flow,Nov (1),314,0,0,0,58,0,0.0,0,
state,RN,Hidratado Entradas,flow,Nov (2),0,59,0,45,0,0,5.0,0,
state,RN,Hidratado Entradas,flow,Dec (1),0,0,0,0,0,25,0.0,0,
state,RN,Hidratado Entradas,flow,Dec (2),1173,0,0,0,0,0,0.0,124,
state,RN,Hidratado Entradas,flow,Jan (1),0,0,5,92,0,1,0.0,0,
state,RN,Hidratado Entradas,flow,Jan (2),0,45,0,0,0,0,0.0,0,
state,RN,Hidratado Entradas,flow,Feb (1),0,48,1051,72,0,0,0.0,0,
state,RN,Hidratado Entradas,flow,Feb (2),0,0,2517,0,22,0,442.0,0,
state,RN,Hidratado Entradas,flow,Mar (1),0,89,6529,0,0,0,0.0,119,
state,RN,Hidratado Entradas,flow,Mar (2),3752,9936,5810,8972,10102,672,20333.0,9971,
state,RN,Hidratado Estoque E.Disp,stock,Apr (1),0,0,0,0,0,0,0.0,0,0.0
state,RN,Hidratado Estoque E.Disp,stock,Apr (2),0,0,0,0,0,0,0.0,0,0.0
state,RN,Hidratado Estoque E.Disp,stock,May (1),0,0,0,0,0,0,0.0,0,0.0
state,RN,Hidratado Estoque E.Disp,stock,May (2),0,0,0,0,0,0,0.0,0,0.0
state,RN,Hidratado Estoque E.Disp,stock,Jun (1),0,0,0,0,0,0,0.0,0,0.0
state,RN,Hidratado Estoque E.Disp,stock,Jun (2),0,0,0,0,0,0,0.0,0,0.0
state,RN,Hidratado Estoque E.Disp,stock,Jul (1),0,0,0,0,0,0,0.0,0,0.0
state,RN,Hidratado Estoque E.Disp,stock,Jul (2),0,0,0,0,0,0,0.0,243,0.0
state,RN,Hidratado Estoque E.Disp,stock,Aug (1),783,0,132,0,0,1920,1475.0,1012,
state,RN,Hidratado Estoque E.Disp,stock,Aug (2),1597,0,4139,1894,5031,3290,4226.0,11083,
state,RN,Hidratado Estoque E.Disp,stock,Sep (1),6557,10824,10395,1050,5271,3380,10232.0,13021,
state,RN,Hidratado Estoque E.Disp,stock,Sep (2),11750,18594,14435,2871,6222,7093,17683.0,19514,
state,RN,Hidratado Estoque E.Disp,stock,Oct (1),15956,27613,16855,5711,7757,11143,24093.0,25638,
state,RN,Hidratado Estoque E.Disp,stock,Oct (2),20156,30122,17905,6776,9309,15399,30043.0,32988,
state,RN,Hidratado Estoque E.Disp,stock,Nov (1),24025,32528,16895,6544,12672,19771,35333.0,38384,
state,RN,Hidratado Estoque E.Disp,stock,Nov (2),28363,35501,15183,10418,12236,23687,40448.0,38327,
state,RN,Hidratado Estoque E.Disp,stock,Dec (1),30007,35239,15129,12119,12994,25494,43180.0,29990,
state,RN,Hidratado Estoque E.Disp,stock,Dec (2),30999,35194,12153,11484,12976,25946,38249.0,28033,
state,RN,Hidratado Estoque E.Disp,stock,Jan (1),28068,32285,9814,13570,14345,23243,31315.0,29455,
state,RN,Hidratado Estoque E.Disp,stock,Jan (2),27039,31351,12291,10708,14460,23127,24985.0,30802,
state,RN,Hidratado Estoque E.Disp,stock,Feb (1),22867,30908,6455,6633,16370,24422,26478.0,28439,
state,RN,Hidratado Estoque E.Disp,stock,Feb (2),18144,25833,2206,4140,15785,24458,28030.0,22601,
state,RN,Hidratado Estoque E.Disp,stock,Mar (1),12910,18721,2533,1379,14524,23053,30220.0,15348,
state,RN,Hidratado Estoque E.Disp,stock,Mar (2),409,274,89,400,319,178,6377.0,834,
state,RN,Hidratado Estoque E.Fisico,stock,Apr (1),0,0,432,0,0,0,88.0,0,0.0
state,RN,Hidratado Estoque E.Fisico,stock,Apr (2),0,0,432,0,0,0,88.0,0,0.0
state,RN,Hidratado Estoque E.Fisico,stock,May (1),0,0,432,0,0,0,88.0,0,0.0
state,RN,Hidratado Estoque E.Fisico,stock,May (2),0,441,432,0,0,0,88.0,0,0.0
state,RN,Hidratado Estoque E.Fisico,stock,Jun (1),0,0,432,0,0,0,88.0,0,0.0
state,RN,Hidratado Estoque E.Fisico,stock,Jun (2),0,0,432,0,0,0,88.0,0,0.0
state,RN,Hidratado Estoque E.Fisico,stock,Jul (1),0,0,432,0,0,0,88.0,0,0.0
state,RN,Hidratado Estoque E.Fisico,stock,Jul (2),794,0,432,0,0,50,117.0,243,0.0
state,RN,Hidratado Estoque E.Fisico,stock,Aug (1),852,0,512,0,544,1920,1475.0,6865,
state,RN,Hidratado Estoque E.Fisico,stock,Aug (2),1666,32,4767,1894,5031,3290,4226.0,11607,
state,RN,Hidratado Estoque E.Fisico,stock,Sep (1),6557,11435,10659,1354,5271,3380,10232.0,13021,
state,RN,Hidratado Estoque E.Fisico,stock,Sep (2),12389,18708,14969,2871,6222,7093,17683.0,19514,
state,RN,Hidratado Estoque E.Fisico,stock,Oct (1),16910,27682,17138,5936,7757,11143,24093.0,25638,
state,RN,Hidratado Estoque E.Fisico,stock,Oct (2),20198,30153,18186,7448,9309,15399,30043.0,32988,
state,RN,Hidratado Estoque E.Fisico,stock,Nov (1),24846,32528,17425,7212,12672,19771,35333.0,38384,
state,RN,Hidratado Estoque E.Fisico,stock,Nov (2),28967,35801,15386,10698,12236,23687,40448.0,38327,
state,RN,Hidratado Estoque E.Fisico,stock,Dec (1),32272,35295,15351,12256,12994,25494,43180.0,29990,
state,RN,Hidratado Estoque E.Fisico,stock,Dec (2),32656,35896,12500,11574,12976,25946,38249.0,28033,
state,RN,Hidratado Estoque E.Fisico,stock,Jan (1),29755,32467,9814,13614,14345,23243,31315.0,29455,
state,RN,Hidratado Estoque E.Fisico,stock,Jan (2),28608,31865,12322,10874,14460,23127,24985.0,30802,
state,RN,Hidratado Estoque E.Fisico,stock,Feb (1),24934,31209,7685,6711,16370,24422,26478.0,28439,
state,RN,Hidratado Estoque E.Fisico,stock,Feb (2),19517,26507,3189,4140,15785,24458,28030.0,22601,
state,RN,Hidratado Estoque E.Fisico,stock,Mar (1),14775,20080,2540,1451,14524,23053,30220.0,15348,
state,RN,Hidratado Estoque E.Fisico,stock,Mar (2),441,432,104,551,386,266,6377.0,938,
state,RN,Hidratado Producao,flow,Apr (1),0,0,0,0,0,0,0.0,0,0.0
state,RN,Hidratado Producao,flow,Apr (2),0,0,0,0,0,0,0.0,0,0.0
state,RN,Hidratado Producao,flow,May (1),0,0,0,0,0,0,0.0,0,0.0
state,RN,Hidratado Producao,flow,May (2),0,0,0,0,0,0,0.0,0,0.0
state,RN,Hidratado Producao,flow,Jun (1),0,0,0,0,0,0,0.0,0,0.0
state,RN,Hidratado Producao,flow,Jun (2),0,0,0,0,0,0,0.0,0,0.0
state,RN,Hidratado Producao,flow,Jul (1),0,0,0,0,0,0,0.0,0,0.0
state,RN,Hidratado Producao,flow,Jul (2),0,0,0,0,0,0,95.0,305,0.0
state,RN,Hidratado Producao,flow,Aug (1),1737,0,356,0,91,1906,2966.0,3003,
state,RN,Hidratado Producao,flow,Aug (2),1906,0,7699,2538,5097,4104,5739.0,8277,
state,RN,Hidratado Producao,flow,Sep (1),7722,12563,10178,1191,2740,3496,9690.0,8096,
state,RN,Hidratado Producao,flow,Sep (2),10350,10159,9552,4354,6167,6569,9765.0,11768,
state,RN,Hidratado Producao,flow,Oct (1),9281,12352,8305,5460,5738,6412,10557.0,8321,
state,RN,Hidratado Producao,flow,Oct (2),10172,9886,6512,6491,5719,7947,13124.0,17473,
state,RN,Hidratado Producao,flow,Nov (1),8703,9258,6161,6420,10704,7674,12919.0,13011,
state,RN,Hidratado Producao,flow,Nov (2),10415,8431,5338,7769,4152,7328,12835.0,11128,
state,RN,Hidratado Producao,flow,Dec (1),9220,5964,6061,10276,7097,6352,12890.0,10100,
state,RN,Hidratado Producao,flow,Dec (2),6404,9507,6346,6335,7890,6906,11516.0,11346,
state,RN,Hidratado Producao,flow,Jan (1),5782,6324,6305,6283,8242,5398,8873.0,10520,
state,RN,Hidratado Producao,flow,Jan (2),5743,8674,10584,1062,4700,7937,9091.0,13639,
state,RN,Hidratado Producao,flow,Feb (1),1011,7242,2873,0,5849,7795,5727.0,6823,
state,RN,Hidratado Producao,flow,Feb (2),0,466,0,0,2849,6359,9495.0,315,
state,RN,Hidratado Producao,flow,Mar (1),0,0,0,0,2639,4961,4414.0,0,
state,RN,Hidratado Producao,flow,Mar (2),0,0,0,0,2126,480,6198.0,0,
state,RN,Hidratado Saidas Distrib,flow,Apr (1),0,0,0,0,0,0,0.0,0,0.0
state,RN,Hidratado Saidas Distrib,flow,Apr (2),0,0,0,0,0,0,0.0,0,0.0
state,RN,Hidratado Saidas Distrib,flow,May (1),0,0,0,0,0,0,0.0,0,0.0
state,RN,Hidratado Saidas Distrib,flow,May (2),0,0,0,0,0,0,0.0,0,0.0
state,RN,Hidratado Saidas Distrib,flow,Jun (1),0,0,0,0,0,0,0.0,0,0.0
state,RN,Hidratado Saidas Distrib,flow,Jun (2),0,0,0,0,0,0,0.0,0,0.0
state,RN,Hidratado Saidas Distrib,flow,Jul (1),0,0,0,0,0,0,0.0,0,0.0
state,RN,Hidratado Saidas Distrib,flow,Jul (2),0,0,0,0,0,1,65.0,62,0.0
state,RN,Hidratado Saidas Distrib,flow,Aug (1),1669,0,264,0,0,320,1585.0,2184,
state,RN,Hidratado Saidas Distrib,flow,Aug (2),1070,0,2699,679,555,2674,3094.0,3666,
state,RN,Hidratado Saidas Distrib,flow,Sep (1),3136,1537,3477,1659,2483,3276,3559.0,6577,
state,RN,Hidratado Saidas Distrib,flow,Sep (2),4491,2827,4915,2587,5060,2779,2131.0,5179,
state,RN,Hidratado Saidas Distrib,flow,Oct (1),4715,3334,5905,2224,4192,2245,4024.0,2057,
state,RN,Hidratado Saidas Distrib,flow,Oct (2),6803,5139,5159,4824,4000,3528,7008.0,9948,
state,RN,Hidratado Saidas Distrib,flow,Nov (1),4282,5099,6750,6326,7272,3164,7455.0,7334,
state,RN,Hidratado Saidas Distrib,flow,Nov (2),6195,5131,7115,4098,4500,3223,7515.0,10866,
state,RN,Hidratado Saidas Distrib,flow,Dec (1),5828,6353,5839,8352,6164,4479,9934.0,18176,
state,RN,Hidratado Saidas Distrib,flow,Dec (2),5972,8743,8717,6835,7766,6277,16221.0,13090,
state,RN,Hidratado Saidas Distrib,flow,Jan (1),6542,9597,8616,4137,6775,8003,15504.0,8949,
state,RN,Hidratado Saidas Distrib,flow,Jan (2),6121,9163,7628,3470,4387,7826,15142.0,11911,
state,RN,Hidratado Saidas Distrib,flow,Feb (1),4600,7571,8259,3974,3830,6283,4037.0,8978,
state,RN,Hidratado Saidas Distrib,flow,Feb (2),5115,5042,6585,2317,3381,6094,8143.0,5715,
state,RN,Hidratado Saidas Distrib,flow,Mar (1),4714,6417,6911,2527,3749,6168,1915.0,5325,
state,RN,Hidratado Saidas Distrib,flow,Mar (2),17660,34381,8726,9266,33519,34235,57520.0,9691,
state,RN,Hidratado Saidas M.Ext,flow,Apr (1),0,0,0,0,0,0,0.0,0,0.0
state,RN,Hidratado Saidas M.Ext,flow,Apr (2),0,0,0,0,0,0,0.0,0,0.0
state,RN,Hidratado Saidas M.Ext,flow,May (1),0,0,0,0,0,0,0.0,0,0.0
state,RN,Hidratado Saidas M.Ext,flow,May (2),0,0,0,0,0,0,0.0,0,0.0
state,RN,Hidratado Saidas M.Ext,flow,Jun (1),0,0,0,0,0,0,0.0,0,0.0
state,RN,Hidratado Saidas M.Ext,flow,Jun (2),0,0,0,0,0,0,0.0,0,0.0
state,RN,Hidratado Saidas M.Ext,flow,Jul (1),0,0,0,0,0,0,0.0,0,0.0
state,RN,Hidratado Saidas M.Ext,flow,Jul (2),0,0,0,0,0,0,0.0,0,0.0
state,RN,Hidratado Saidas M.Ext,flow,Aug (1),0,0,0,0,0,0,0.0,0,
state,RN,Hidratado Saidas M.Ext,flow,Aug (2),0,0,0,0,0,0,0.0,0,
state,RN,Hidratado Saidas M.Ext,flow,Sep (1),0,0,0,0,0,0,0.0,0,
state,RN,Hidratado Saidas M.Ext,flow,Sep (2),0,0,0,0,0,0,0.0,0,
state,RN,Hidratado Saidas M.Ext,flow,Oct (1),0,0,0,0,0,0,0.0,0,
state,RN,Hidratado Saidas M.Ext,flow,Oct (2),0,0,0,0,0,0,0.0,0,
state,RN,Hidratado Saidas M.Ext,flow,Nov (1),0,0,0,0,0,0,0.0,0,
state,RN,Hidratado Saidas M.Ext,flow,Nov (2),0,0,0,0,0,0,0.0,0,
state,RN,Hidratado Saidas M.Ext,flow,Dec (1),0,0,0,0,0,0,0.0,0,
state,RN,Hidratado Saidas M.Ext,flow,Dec (2),0,0,0,0,0,0,0.0,0,
state,RN,Hidratado Saidas M.Ext,flow,Jan (1),0,0,0,0,0,0,0.0,0,
state,RN,Hidratado Saidas M.Ext,flow,Jan (2),0,0,0,0,0,0,0.0,0,
state,RN,Hidratado Saidas M.Ext,flow,Feb (1),0,0,0,0,0,0,0.0,0,
state,RN,Hidratado Saidas M.Ext,flow,Feb (2),0,0,0,0,0,0,0.0,0,
state,RN,Hidratado Saidas M.Ext,flow,Mar (1),0,0,0,0,0,0,0.0,0,
state,RN,Hidratado Saidas M.Ext,flow,Mar (2),0,0,0,0,0,0,0.0,0,
state,RN,Hidratado Saidas Outras,flow,Apr (1),0,0,0,0,0,0,0.0,0,0.0
state,RN,Hidratado Saidas Outras,flow,Apr (2),0,0,0,0,0,0,0.0,0,0.0
state,RN,Hidratado Saidas Outras,flow,May (1),0,0,0,0,0,0,0.0,0,0.0
state,RN,Hidratado Saidas Outras,flow,May (2),0,0,0,0,0,0,0.0,0,0.0
state,RN,Hidratado Saidas Outras,flow,Jun (1),0,0,0,0,0,0,0.0,0,0.0
state,RN,Hidratado Saidas Outras,flow,Jun (2),0,0,0,0,0,0,0.0,0,0.0
state,RN,Hidratado Saidas Outras,flow,Jul (1),0,0,0,0,0,0,0.0,0,0.0
state,RN,Hidratado Saidas Outras,flow,Jul (2),0,0,0,0,0,16,1.0,0,0.0
state,RN,Hidratado Saidas Outras,flow,Aug (1),10,0,12,0,24,35,23.0,50,
state,RN,Hidratado Saidas Outras,flow,Aug (2),22,0,745,20,100,60,97.0,393,
state,RN,Hidratado Saidas Outras,flow,Sep (1),19,32,826,113,91,130,125.0,167,
state,RN,Hidratado Saidas Outras,flow,Sep (2),27,59,386,250,156,77,183.0,124,
state,RN,Hidratado Saidas Outras,flow,Oct (1),45,79,231,171,56,121,130.0,197,
state,RN,Hidratado Saidas Outras,flow,Oct (2),81,2276,305,155,167,163,211.0,236,
state,RN,Hidratado Saidas Outras,flow,Nov (1),87,1784,172,330,127,138,174.0,281,
state,RN,Hidratado Saidas Outras,flow,Nov (2),99,86,262,230,88,189,210.0,319,
state,RN,Hidratado Saidas Outras,flow,Dec (1),87,117,257,366,175,91,224.0,261,
state,RN,Hidratado Saidas Outras,flow,Dec (2),1221,163,480,182,142,177,226.0,337,
state,RN,Hidratado Saidas Outras,flow,Jan (1),2141,156,380,198,98,99,303.0,149,
state,RN,Hidratado Saidas Outras,flow,Jan (2),769,158,448,332,198,227,279.0,381,
state,RN,Hidratado Saidas Outras,flow,Feb (1),85,375,302,261,109,217,197.0,208,
state,RN,Hidratado Saidas Outras,flow,Feb (2),302,126,428,254,75,229,242.0,438,
state,RN,Hidratado Saidas Outras,flow,Mar (1),28,99,267,162,151,198,309.0,2047,
state,RN,Hidratado Saidas Outras,flow,Mar (2),426,10303,1828,606,1171,1855,11034.0,14690,
state,RO,Acucar,flow,Apr (1),0,0,0,0,0,0,0.0,0,0.0
state,RO,Acucar,flow,Apr (2),0,0,0,0,0,0,0.0,0,0.0
state,RO,Acucar,flow,May (1),0,0,0,0,0,0,0.0,0,0.0
state,RO,Acucar,flow,May (2),0,0,0,0,0,0,0.0,0,0.0
state,RO,Acucar,flow,Jun (1),0,0,0,0,0,0,0.0,0,0.0
state,RO,Acucar,flow,Jun (2),0,0,0,0,0,0,0.0,0,0.0
state,RO,Acucar,flow,Jul (1),0,0,0,0,0,0,0.0,0,0.0
state,RO,Acucar,flow,Jul (2),0,0,0,0,0,0,0.0,0,0.0
state,RO,Acucar,flow,Aug (1),0,0,0,0,0,0,0.0,0,
state,RO,Acucar,flow,Aug (2),0,0,0,0,0,0,0.0,0,
state,RO,Acucar,flow,Sep (1),0,0,0,0,0,0,0.0,0,
state,RO,Acucar,flow,Sep (2),0,0,0,0,0,0,0.0,0,
state,RO,Acucar,flow,Oct (1),0,0,0,0,0,0,0.0,0,
state,RO,Acucar,flow,Oct (2),0,0,0,0,0,0,0.0,0,
state,RO,Acucar,flow,Nov (1),0,0,0,0,0,0,0.0,0,
state,RO,Acucar,flow,Nov (2),0,0,0,0,0,0,0.0,0,
state,RO,Acucar,flow,Dec (1),0,0,0,0,0,0,0.0,0,
state,RO,Acucar,flow,Dec (2),0,0,0,0,0,0,0.0,0,
state,RO,Acucar,flow,Jan (1),0,0,0,0,0,0,0.0,0,
state,RO,Acucar,flow,Jan (2),0,0,0,0,0,0,0.0,0,
state,RO,Acucar,flow,Feb (1),0,0,0,0,0,0,0.0,0,
state,RO,Acucar,flow,Feb (2),0,0,0,0,0,0,0.0,0,
state,RO,Acucar,flow,Mar (1),0,0,0,0,0,0,0.0,0,
state,RO,Acucar,flow,Mar (2),0,0,0,0,0,0,0.0,0,
state,RO,Anidro Entradas,flow,Apr (1),0,0,0,0,0,0,0.0,0,0.0
state,RO,Anidro Entradas,flow,Apr (2),0,0,0,0,0,0,0.0,0,0.0
state,RO,Anidro Entradas,flow,May (1),0,0,0,0,0,0,0.0,0,0.0
state,RO,Anidro Entradas,flow,May (2),0,0,0,0,0,0,0.0,0,0.0
state,RO,Anidro Entradas,flow,Jun (1),0,0,0,0,0,0,0.0,0,0.0
state,RO,Anidro Entradas,flow,Jun (2),0,0,0,0,0,0,0.0,0,0.0
state,RO,Anidro Entradas,flow,Jul (1),0,0,0,0,0,0,0.0,0,0.0
state,RO,Anidro Entradas,flow,Jul (2),0,0,0,0,0,0,0.0,0,0.0
state,RO,Anidro Entradas,flow,Aug (1),0,0,0,0,0,0,0.0,0,
state,RO,Anidro Entradas,flow,Aug (2),0,0,0,0,0,0,0.0,0,
state,RO,Anidro Entradas,flow,Sep (1),0,0,0,0,0,0,0.0,0,
state,RO,Anidro Entradas,flow,Sep (2),0,0,0,0,0,0,0.0,0,
state,RO,Anidro Entradas,flow,Oct (1),0,0,0,0,0,0,0.0,0,
state,RO,Anidro Entradas,flow,Oct (2),0,0,0,0,0,0,0.0,0,
state,RO,Anidro Entradas,flow,Nov (1),0,0,0,0,0,0,0.0,0,
state,RO,Anidro Entradas,flow,Nov (2),0,0,0,0,0,0,0.0,0,
state,RO,Anidro Entradas,flow,Dec (1),0,0,0,0,0,0,0.0,0,
state,RO,Anidro Entradas,flow,Dec (2),0,0,0,0,0,0,0.0,0,
state,RO,Anidro Entradas,flow,Jan (1),0,0,0,0,0,0,0.0,0,
state,RO,Anidro Entradas,flow,Jan (2),0,0,0,0,0,0,0.0,0,
state,RO,Anidro Entradas,flow,Feb (1),0,0,0,0,0,0,0.0,0,
state,RO,Anidro Entradas,flow,Feb (2),0,0,0,0,0,0,0.0,0,
state,RO,Anidro Entradas,flow,Mar (1),0,0,0,0,0,0,0.0,0,
state,RO,Anidro Entradas,flow,Mar (2),0,0,0,0,0,0,0.0,0,
state,RO,Anidro Estoque E.Disp,stock,Apr (1),0,0,0,0,0,0,0.0,0,0.0
state,RO,Anidro Estoque E.Disp,stock,Apr (2),0,0,0,0,0,0,0.0,0,0.0
state,RO,Anidro Estoque E.Disp,stock,May (1),0,0,0,0,0,0,0.0,0,0.0
state,RO,Anidro Estoque E.Disp,stock,May (2),0,0,0,0,0,0,0.0,0,0.0
state,RO,Anidro Estoque E.Disp,stock,Jun (1),0,0,0,0,0,0,0.0,0,0.0
state,RO,Anidro Estoque E.Disp,stock,Jun (2),0,0,0,0,0,0,0.0,0,0.0
state,RO,Anidro Estoque E.Disp,stock,Jul (1),0,0,0,0,0,0,0.0,0,0.0
state,RO,Anidro Estoque E.Disp,stock,Jul (2),0,0,0,0,0,0,0.0,0,0.0
state,RO,Anidro Estoque E.Disp,stock,Aug (1),0,0,0,0,0,0,0.0,0,
state,RO,Anidro Estoque E.Disp,stock,Aug (2),0,0,0,0,0,0,0.0,0,
state,RO,Anidro Estoque E.Disp,stock,Sep (1),0,0,0,0,0,0,0.0,0,
state,RO,Anidro Estoque E.Disp,stock,Sep (2),0,0,0,0,0,0,0.0,0,
state,RO,Anidro Estoque E.Disp,stock,Oct (1),0,0,0,0,0,0,0.0,0,
state,RO,Anidro Estoque E.Disp,stock,Oct (2),0,0,0,0,0,0,0.0,0,
state,RO,Anidro Estoque E.Disp,stock,Nov (1),0,0,0,0,0,0,0.0,0,
state,RO,Anidro Estoque E.Disp,stock,Nov (2),0,0,0,0,0,0,0.0,0,
state,RO,Anidro Estoque E.Disp,stock,Dec (1),0,0,0,0,0,0,0.0,0,
state,RO,Anidro Estoque E.Disp,stock,Dec (2),0,0,0,0,0,0,0.0,0,
state,RO,Anidro Estoque E.Disp,stock,Jan (1),0,0,0,0,0,0,0.0,0,
state,RO,Anidro Estoque E.Disp,stock,Jan (2),0,0,0,0,0,0,0.0,0,
state,RO,Anidro Estoque E.Disp,stock,Feb (1),0,0,0,0,0,0,0.0,0,
state,RO,Anidro Estoque E.Disp,stock,Feb (2),0,0,0,0,0,0,0.0,0,
state,RO,Anidro Estoque E.Disp,stock,Mar (1),0,0,0,0,0,0,0.0,0,
state,RO,Anidro Estoque E.Disp,stock,Mar (2),0,0,0,0,0,0,0.0,0,
state,RO,Anidro Estoque E.Fisico,stock,Apr (1),0,0,0,0,0,0,0.0,0,0.0
state,RO,Anidro Estoque E.Fisico,stock,Apr (2),0,0,0,0,0,0,0.0,0,0.0
state,RO,Anidro Estoque E.Fisico,stock,May (1),0,0,0,0,0,0,0.0,0,0.0
state,RO,Anidro Estoque E.Fisico,stock,May (2),0,0,0,0,0,0,0.0,0,0.0
state,RO,Anidro Estoque E.Fisico,stock,Jun (1),0,0,0,0,0,0,0.0,0,0.0
state,RO,Anidro Estoque E.Fisico,stock,Jun (2),0,0,0,0,0,0,0.0,0,0.0
state,RO,Anidro Estoque E.Fisico,stock,Jul (1),0,0,0,0,0,0,0.0,0,0.0
state,RO,Anidro Estoque E.Fisico,stock,Jul (2),0,0,0,0,0,0,0.0,0,0.0
state,RO,Anidro Estoque E.Fisico,stock,Aug (1),0,0,0,0,0,0,0.0,0,
state,RO,Anidro Estoque E.Fisico,stock,Aug (2),0,0,0,0,0,0,0.0,0,
state,RO,Anidro Estoque E.Fisico,stock,Sep (1),0,0,0,0,0,0,0.0,0,
state,RO,Anidro Estoque E.Fisico,stock,Sep (2),0,0,0,0,0,0,0.0,0,
state,RO,Anidro Estoque E.Fisico,stock,Oct (1),0,0,0,0,0,0,0.0,0,
state,RO,Anidro Estoque E.Fisico,stock,Oct (2),0,0,0,0,0,0,0.0,0,
state,RO,Anidro Estoque E.Fisico,stock,Nov (1),0,0,0,0,0,0,0.0,0,
state,RO,Anidro Estoque E.Fisico,stock,Nov (2),0,0,0,0,0,0,0.0,0,
state,RO,Anidro Estoque E.Fisico,stock,Dec (1),0,0,0,0,0,0,0.0,0,
state,RO,Anidro Estoque E.Fisico,stock,Dec (2),0,0,0,0,0,0,0.0,0,
state,RO,Anidro Estoque E.Fisico,stock,Jan (1),0,0,0,0,0,0,0.0,0,
state,RO,Anidro Estoque E.Fisico,stock,Jan (2),0,0,0,0,0,0,0.0,0,
state,RO,Anidro Estoque E.Fisico,stock,Feb (1),0,0,0,0,0,0,0.0,0,
state,RO,Anidro Estoque E.Fisico,stock,Feb (2),0,0,0,0,0,0,0.0,0,
state,RO,Anidro Estoque E.Fisico,stock,Mar (1),0,0,0,0,0,0,0.0,0,
state,RO,Anidro Estoque E.Fisico,stock,Mar (2),0,0,0,0,0,0,0.0,0,
state,RO,Anidro Producao,flow,Apr (1),0,0,0,0,0,0,0.0,0,0.0
state,RO,Anidro Producao,flow,Apr (2),0,0,0,0,0,0,0.0,0,0.0
state,RO,Anidro Producao,flow,May (1),0,0,0,0,0,0,0.0,0,0.0
state,RO,Anidro Producao,flow,May (2),0,0,0,0,0,0,0.0,0,0.0
state,RO,Anidro Producao,flow,Jun (1),0,0,0,0,0,0,0.0,0,0.0
state,RO,Anidro Producao,flow,Jun (2),0,0,0,0,0,0,0.0,0,0.0
state,RO,Anidro Producao,flow,Jul (1),0,0,0,0,0,0,0.0,0,0.0
state,RO,Anidro Producao,flow,Jul (2),0,0,0,0,0,0,0.0,0,0.0
state,RO,Anidro Producao,flow,Aug (1),0,0,0,0,0,0,0.0,0,
state,RO,Anidro Producao,flow,Aug (2),0,0,0,0,0,0,0.0,0,
state,RO,Anidro Producao,flow,Sep (1),0,0,0,0,0,0,0.0,0,
state,RO,Anidro Producao,flow,Sep (2),0,0,0,0,0,0,0.0,0,
state,RO,Anidro Producao,flow,Oct (1),0,0,0,0,0,0,0.0,0,
state,RO,Anidro Producao,flow,Oct (2),0,0,0,0,0,0,0.0,0,
state,RO,Anidro Producao,flow,Nov (1),0,0,0,0,0,0,0.0,0,
state,RO,Anidro Producao,flow,Nov (2),0,0,0,0,0,0,0.0,0,
state,RO,Anidro Producao,flow,Dec (1),0,0,0,0,0,0,0.0,0,
state,RO,Anidro Producao,flow,Dec (2),0,0,0,0,0,0,0.0,0,
state,RO,Anidro Producao,flow,Jan (1),0,0,0,0,0,0,0.0,0,
state,RO,Anidro Producao,flow,Jan (2),0,0,0,0,0,0,0.0,0,
state,RO,Anidro Producao,flow,Feb (1),0,0,0,0,0,0,0.0,0,
state,RO,Anidro Producao,flow,Feb (2),0,0,0,0,0,0,0.0,0,
state,RO,Anidro Producao,flow,Mar (1),0,0,0,0,0,0,0.0,0,
state,RO,Anidro Producao,flow,Mar (2),0,0,0,0,0,0,0.0,0,
state,RO,Anidro Saidas Distrib,flow,Apr (1),0,0,0,0,0,0,0.0,0,0.0
state,RO,Anidro Saidas Distrib,flow,Apr (2),0,0,0,0,0,0,0.0,0,0.0
state,RO,Anidro Saidas Distrib,flow,May (1),0,0,0,0,0,0,0.0,0,0.0
state,RO,Anidro Saidas Distrib,flow,May (2),0,0,0,0,0,0,0.0,0,0.0
state,RO,Anidro Saidas Distrib,flow,Jun (1),0,0,0,0,0,0,0.0,0,0.0
state,RO,Anidro Saidas Distrib,flow,Jun (2),0,0,0,0,0,0,0.0,0,0.0
state,RO,Anidro Saidas Distrib,flow,Jul (1),0,0,0,0,0,0,0.0,0,0.0
state,RO,Anidro Saidas Distrib,flow,Jul (2),0,0,0,0,0,0,0.0,0,0.0
state,RO,Anidro Saidas Distrib,flow,Aug (1),0,0,0,0,0,0,0.0,0,
state,RO,Anidro Saidas Distrib,flow,Aug (2),0,0,0,0,0,0,0.0,0,
state,RO,Anidro Saidas Distrib,flow,Sep (1),0,0,0,0,0,0,0.0,0,
state,RO,Anidro Saidas Distrib,flow,Sep (2),0,0,0,0,0,0,0.0,0,
state,RO,Anidro Saidas Distrib,flow,Oct (1),0,0,0,0,0,0,0.0,0,
state,RO,Anidro Saidas Distrib,flow,Oct (2),0,0,0,0,0,0,0.0,0,
state,RO,Anidro Saidas Distrib,flow,Nov (1),0,0,0,0,0,0,0.0,0,
state,RO,Anidro Saidas Distrib,flow,Nov (2),0,0,0,0,0,0,0.0,0,
state,RO,Anidro Saidas Distrib,flow,Dec (1),0,0,0,0,0,0,0.0,0,
state,RO,Anidro Saidas Distrib,flow,Dec (2),0,0,0,0,0,0,0.0,0,
state,RO,Anidro Saidas Distrib,flow,Jan (1),0,0,0,0,0,0,0.0,0,
state,RO,Anidro Saidas Distrib,flow,Jan (2),0,0,0,0,0,0,0.0,0,
state,RO,Anidro Saidas Distrib,flow,Feb (1),0,0,0,0,0,0,0.0,0,
state,RO,Anidro Saidas Distrib,flow,Feb (2),0,0,0,0,0,0,0.0,0,
state,RO,Anidro Saidas Distrib,flow,Mar (1),0,0,0,0,0,0,0.0,0,
state,RO,Anidro Saidas Distrib,flow,Mar (2),0,0,0,0,0,0,0.0,0,
state,RO,Anidro Saidas M.Ext,flow,Apr (1),0,0,0,0,0,0,0.0,0,0.0
state,RO,Anidro Saidas M.Ext,flow,Apr (2),0,0,0,0,0,0,0.0,0,0.0
state,RO,Anidro Saidas M.Ext,flow,May (1),0,0,0,0,0,0,0.0,0,0.0
state,RO,Anidro Saidas M.Ext,flow,May (2),0,0,0,0,0,0,0.0,0,0.0
state,RO,Anidro Saidas M.Ext,flow,Jun (1),0,0,0,0,0,0,0.0,0,0.0
state,RO,Anidro Saidas M.Ext,flow,Jun (2),0,0,0,0,0,0,0.0,0,0.0
state,RO,Anidro Saidas M.Ext,flow,Jul (1),0,0,0,0,0,0,0.0,0,0.0
state,RO,Anidro Saidas M.Ext,flow,Jul (2),0,0,0,0,0,0,0.0,0,0.0
state,RO,Anidro Saidas M.Ext,flow,Aug (1),0,0,0,0,0,0,0.0,0,
state,RO,Anidro Saidas M.Ext,flow,Aug (2),0,0,0,0,0,0,0.0,0,
state,RO,Anidro Saidas M.Ext,flow,Sep (1),0,0,0,0,0,0,0.0,0,
state,RO,Anidro Saidas M.Ext,flow,Sep (2),0,0,0,0,0,0,0.0,0,
state,RO,Anidro Saidas M.Ext,flow,Oct (1),0,0,0,0,0,0,0.0,0,
state,RO,Anidro Saidas M.Ext,flow,Oct (2),0,0,0,0,0,0,0.0,0,
state,RO,Anidro Saidas M.Ext,flow,Nov (1),0,0,0,0,0,0,0.0,0,
state,RO,Anidro Saidas M.Ext,flow,Nov (2),0,0,0,0,0,0,0.0,0,
state,RO,Anidro Saidas M.Ext,flow,Dec (1),0,0,0,0,0,0,0.0,0,
state,RO,Anidro Saidas M.Ext,flow,Dec (2),0,0,0,0,0,0,0.0,0,
state,RO,Anidro Saidas M.Ext,flow,Jan (1),0,0,0,0,0,0,0.0,0,
state,RO,Anidro Saidas M.Ext,flow,Jan (2),0,0,0,0,0,0,0.0,0,
state,RO,Anidro Saidas M.Ext,flow,Feb (1),0,0,0,0,0,0,0.0,0,
state,RO,Anidro Saidas M.Ext,flow,Feb (2),0,0,0,0,0,0,0.0,0,
state,RO,Anidro Saidas M.Ext,flow,Mar (1),0,0,0,0,0,0,0.0,0,
state,RO,Anidro Saidas M.Ext,flow,Mar (2),0,0,0,0,0,0,0.0,0,
state,RO,Anidro Saidas Outras,flow,Apr (1),0,0,0,0,0,0,0.0,0,0.0
state,RO,Anidro Saidas Outras,flow,Apr (2),0,0,0,0,0,0,0.0,0,0.0
state,RO,Anidro Saidas Outras,flow,May (1),0,0,0,0,0,0,0.0,0,0.0
state,RO,Anidro Saidas Outras,flow,May (2),0,0,0,0,0,0,0.0,0,0.0
state,RO,Anidro Saidas Outras,flow,Jun (1),0,0,0,0,0,0,0.0,0,0.0
state,RO,Anidro Saidas Outras,flow,Jun (2),0,0,0,0,0,0,0.0,0,0.0
state,RO,Anidro Saidas Outras,flow,Jul (1),0,0,0,0,0,0,0.0,0,0.0
state,RO,Anidro Saidas Outras,flow,Jul (2),0,0,0,0,0,0,0.0,0,0.0
state,RO,Anidro Saidas Outras,flow,Aug (1),0,0,0,0,0,0,0.0,0,
state,RO,Anidro Saidas Outras,flow,Aug (2),0,0,0,0,0,0,0.0,0,
state,RO,Anidro Saidas Outras,flow,Sep (1),0,0,0,0,0,0,0.0,0,
state,RO,Anidro Saidas Outras,flow,Sep (2),0,0,0,0,0,0,0.0,0,
state,RO,Anidro Saidas Outras,flow,Oct (1),0,0,0,0,0,0,0.0,0,
state,RO,Anidro Saidas Outras,flow,Oct (2),0,0,0,0,0,0,0.0,0,
state,RO,Anidro Saidas Outras,flow,Nov (1),0,0,0,0,0,0,0.0,0,
state,RO,Anidro Saidas Outras,flow,Nov (2),0,0,0,0,0,0,0.0,0,
state,RO,Anidro Saidas Outras,flow,Dec (1),0,0,0,0,0,0,0.0,0,
state,RO,Anidro Saidas Outras,flow,Dec (2),0,0,0,0,0,0,0.0,0,
state,RO,Anidro Saidas Outras,flow,Jan (1),0,0,0,0,0,0,0.0,0,
state,RO,Anidro Saidas Outras,flow,Jan (2),0,0,0,0,0,0,0.0,0,
state,RO,Anidro Saidas Outras,flow,Feb (1),0,0,0,0,0,0,0.0,0,
state,RO,Anidro Saidas Outras,flow,Feb (2),0,0,0,0,0,0,0.0,0,
state,RO,Anidro Saidas Outras,flow,Mar (1),0,0,0,0,0,0,0.0,0,
state,RO,Anidro Saidas Outras,flow,Mar (2),0,0,0,0,0,0,0.0,0,
state,RO,Cana,flow,Apr (1),0,2349,0,0,0,0,0.0,0,0.0
state,RO,Cana,flow,Apr (2),0,1767,0,0,0,0,0.0,0,0.0
state,RO,Cana,flow,May (1),0,2912,0,0,0,0,0.0,0,0.0
state,RO,Cana,flow,May (2),0,4626,0,0,0,0,0.0,0,0.0
state,RO,Cana,flow,Jun (1),0,5980,0,0,0,0,0.0,0,0.0
state,RO,Cana,flow,Jun (2),0,0,0,0,0,0,0.0,0,0.0
state,RO,Cana,flow,Jul (1),460,10588,0,0,0,0,0.0,0,0.0
state,RO,Cana,flow,Jul (2),3365,4669,0,0,0,0,0.0,0,0.0
state,RO,Cana,flow,Aug (1),2673,8335,0,0,0,0,0.0,0,
state,RO,Cana,flow,Aug (2),3087,6271,0,0,0,0,0.0,0,
state,RO,Cana,flow,Sep (1),3057,4635,0,0,0,0,0.0,0,
state,RO,Cana,flow,Sep (2),4064,6811,0,0,0,0,0.0,0,
state,RO,Cana,flow,Oct (1),2483,6086,0,0,0,0,0.0,0,
state,RO,Cana,flow,Oct (2),3222,5086,0,0,0,0,0.0,0,
state,RO,Cana,flow,Nov (1),3334,4852,0,0,0,0,0.0,0,
state,RO,Cana,flow,Nov (2),1495,4293,0,0,0,0,0.0,0,
state,RO,Cana,flow,Dec (1),986,3509,0,0,0,0,0.0,0,
state,RO,Cana,flow,Dec (2),555,2264,0,0,0,0,0.0,0,
state,RO,Cana,flow,Jan (1),0,1272,0,0,0,0,0.0,0,
state,RO,Cana,flow,Jan (2),0,114,0,0,0,0,0.0,0,
state,RO,Cana,flow,Feb (1),1370,0,0,0,0,0,0.0,0,
state,RO,Cana,flow,Feb (2),0,0,0,0,0,0,0.0,0,
state,RO,Cana,flow,Mar (1),461,0,0,0,0,0,0.0,0,
state,RO,Cana,flow,Mar (2),526,0,0,0,0,0,0.0,0,
state,RO,Etanol Total,flow,Apr (1),0,141,0,0,0,0,0.0,0,0.0
state,RO,Etanol Total,flow,Apr (2),0,92,0,0,0,0,0.0,0,0.0
state,RO,Etanol Total,flow,May (1),0,151,0,0,0,0,0.0,0,0.0
state,RO,Etanol Total,flow,May (2),0,241,0,0,0,0,0.0,0,0.0
state,RO,Etanol Total,flow,Jun (1),0,359,0,0,0,0,0.0,0,0.0
state,RO,Etanol Total,flow,Jun (2),0,0,0,0,0,0,0.0,0,0.0
state,RO,Etanol Total,flow,Jul (1),0,566,0,0,0,0,0.0,0,0.0
state,RO,Etanol Total,flow,Jul (2),131,247,0,0,0,0,0.0,0,0.0
state,RO,Etanol Total,flow,Aug (1),223,467,0,0,0,0,0.0,0,
state,RO,Etanol Total,flow,Aug (2),189,326,0,0,0,0,0.0,0,
state,RO,Etanol Total,flow,Sep (1),148,259,0,0,0,0,0.0,0,
state,RO,Etanol Total,flow,Sep (2),222,354,0,0,0,0,0.0,0,
state,RO,Etanol Total,flow,Oct (1),117,316,0,0,0,0,0.0,0,
state,RO,Etanol Total,flow,Oct (2),123,269,0,0,0,0,0.0,0,
state,RO,Etanol Total,flow,Nov (1),161,252,0,0,0,0,0.0,0,
state,RO,Etanol Total,flow,Nov (2),30,223,0,0,0,0,0.0,0,
state,RO,Etanol Total,flow,Dec (1),25,176,0,0,0,0,0.0,0,
state,RO,Etanol Total,flow,Dec (2),22,118,0,0,0,0,0.0,0,
state,RO,Etanol Total,flow,Jan (1),0,61,0,0,0,0,0.0,0,
state,RO,Etanol Total,flow,Jan (2),0,5,0,0,0,0,0.0,0,
state,RO,Etanol Total,flow,Feb (1),33,0,0,0,0,0,0.0,0,
state,RO,Etanol Total,flow,Feb (2),0,0,0,0,0,0,0.0,0,
state,RO,Etanol Total,flow,Mar (1),55,0,0,0,0,0,0.0,0,
state,RO,Etanol Total,flow,Mar (2),24,0,0,0,0,0,0.0,0,
state,RO,Hidratado Entradas,flow,Apr (1),7,37,14,0,0,14,0.0,0,0.0
state,RO,Hidratado Entradas,flow,Apr (2),0,0,0,0,14,0,0.0,0,0.0
state,RO,Hidratado Entradas,flow,May (1),0,0,0,14,0,0,0.0,0,0.0
state,RO,Hidratado Entradas,flow,May (2),0,0,0,0,0,0,0.0,0,0.0
state,RO,Hidratado Entradas,flow,Jun (1),0,0,0,0,0,0,0.0,0,0.0
state,RO,Hidratado Entradas,flow,Jun (2),0,0,0,0,0,0,0.0,0,0.0
state,RO,Hidratado Entradas,flow,Jul (1),0,0,0,0,0,0,0.0,0,0.0
state,RO,Hidratado Entradas,flow,Jul (2),0,0,0,0,0,0,0.0,0,0.0
state,RO,Hidratado Entradas,flow,Aug (1),0,0,0,0,0,0,0.0,0,
state,RO,Hidratado Entradas,flow,Aug (2),0,0,0,0,0,0,0.0,0,
state,RO,Hidratado Entradas,flow,Sep (1),0,0,0,0,0,0,0.0,0,
state,RO,Hidratado Entradas,flow,Sep (2),0,0,0,0,0,0,0.0,0,
state,RO,Hidratado Entradas,flow,Oct (1),0,0,0,0,0,0,0.0,0,
state,RO,Hidratado Entradas,flow,Oct (2),0,0,0,0,0,0,0.0,0,
state,RO,Hidratado Entradas,flow,Nov (1),0,0,0,0,0,0,0.0,0,
state,RO,Hidratado Entradas,flow,Nov (2),0,0,0,0,0,0,0.0,0,
state,RO,Hidratado Entradas,flow,Dec (1),0,0,0,0,0,0,0.0,0,
state,RO,Hidratado Entradas,flow,Dec (2),0,0,0,0,0,0,0.0,0,
state,RO,Hidratado Entradas,flow,Jan (1),0,0,0,0,0,0,0.0,0,
state,RO,Hidratado Entradas,flow,Jan (2),0,0,0,0,0,0,0.0,0,
state,RO,Hidratado Entradas,flow,Feb (1),0,0,0,0,0,0,0.0,0,
state,RO,Hidratado Entradas,flow,Feb (2),0,0,0,0,0,0,0.0,0,
state,RO,Hidratado Entradas,flow,Mar (1),0,0,0,0,0,0,0.0,0,
state,RO,Hidratado Entradas,flow,Mar (2),0,0,0,0,0,0,0.0,0,
state,RO,Hidratado Estoque E.Disp,stock,Apr (1),0,177,0,0,0,0,0.0,0,0.0
state,RO,Hidratado Estoque E.Disp,stock,Apr (2),0,84,0,0,0,0,0.0,0,0.0
state,RO,Hidratado Estoque E.Disp,stock,May (1),0,112,0,0,0,0,0.0,0,0.0
state,RO,Hidratado Estoque E.Disp,stock,May (2),0,17,0,0,0,0,0.0,0,0.0
state,RO,Hidratado Estoque E.Disp,stock,Jun (1),0,256,0,0,0,0,0.0,0,0.0
state,RO,Hidratado Estoque E.Disp,stock,Jun (2),0,256,0,0,0,0,0.0,0,0.0
state,RO,Hidratado Estoque E.Disp,stock,Jul (1),0,99,0,0,0,0,0.0,0,0.0
state,RO,Hidratado Estoque E.Disp,stock,Jul (2),0,39,0,0,0,0,0.0,0,0.0
state,RO,Hidratado Estoque E.Disp,stock,Aug (1),0,77,0,0,0,0,0.0,0,
state,RO,Hidratado Estoque E.Disp,stock,Aug (2),69,42,0,0,0,0,0.0,0,
state,RO,Hidratado Estoque E.Disp,stock,Sep (1),7,44,0,0,0,0,0.0,0,
state,RO,Hidratado Estoque E.Disp,stock,Sep (2),48,23,0,0,0,0,0.0,0,
state,RO,Hidratado Estoque E.Disp,stock,Oct (1),24,62,0,0,0,0,0.0,0,
state,RO,Hidratado Estoque E.Disp,stock,Oct (2),16,0,0,0,0,0,0.0,0,
state,RO,Hidratado Estoque E.Disp,stock,Nov (1),72,10,0,0,0,0,0.0,0,
state,RO,Hidratado Estoque E.Disp,stock,Nov (2),69,3,0,0,0,0,0.0,0,
state,RO,Hidratado Estoque E.Disp,stock,Dec (1),28,0,0,0,0,0,0.0,0,
state,RO,Hidratado Estoque E.Disp,stock,Dec (2),47,8,0,0,0,0,0.0,0,
state,RO,Hidratado Estoque E.Disp,stock,Jan (1),47,9,0,0,0,0,0.0,0,
state,RO,Hidratado Estoque E.Disp,stock,Jan (2),47,14,0,0,0,0,0.0,0,
state,RO,Hidratado Estoque E.Disp,stock,Feb (1),47,14,0,0,0,0,0.0,0,
state,RO,Hidratado Estoque E.Disp,stock,Feb (2),79,14,0,0,0,0,0.0,0,
state,RO,Hidratado Estoque E.Disp,stock,Mar (1),13,14,0,0,0,0,0.0,0,
state,RO,Hidratado Estoque E.Disp,stock,Mar (2),37,14,0,0,0,0,0.0,0,
state,RO,Hidratado Estoque E.Fisico,stock,Apr (1),7,177,14,0,0,0,0.0,0,0.0
state,RO,Hidratado Estoque E.Fisico,stock,Apr (2),7,84,14,0,14,0,0.0,0,0.0
state,RO,Hidratado Estoque E.Fisico,stock,May (1),7,112,14,14,14,0,0.0,0,0.0
state,RO,Hidratado Estoque E.Fisico,stock,May (2),7,17,14,14,14,0,0.0,0,0.0
state,RO,Hidratado Estoque E.Fisico,stock,Jun (1),7,256,14,14,14,0,0.0,0,0.0
state,RO,Hidratado Estoque E.Fisico,stock,Jun (2),7,256,14,14,14,0,0.0,0,0.0
state,RO,Hidratado Estoque E.Fisico,stock,Jul (1),7,99,14,14,14,0,0.0,0,0.0
state,RO,Hidratado Estoque E.Fisico,stock,Jul (2),138,39,14,14,14,0,0.0,0,0.0
state,RO,Hidratado Estoque E.Fisico,stock,Aug (1),71,77,14,14,14,0,0.0,0,
state,RO,Hidratado Estoque E.Fisico,stock,Aug (2),69,42,14,14,14,0,0.0,0,
state,RO,Hidratado Estoque E.Fisico,stock,Sep (1),7,44,14,14,14,0,0.0,0,
state,RO,Hidratado Estoque E.Fisico,stock,Sep (2),48,23,14,14,14,0,0.0,0,
state,RO,Hidratado Estoque E.Fisico,stock,Oct (1),24,62,14,14,14,0,0.0,0,
state,RO,Hidratado Estoque E.Fisico,stock,Oct (2),16,0,14,14,14,0,0.0,0,
state,RO,Hidratado Estoque E.Fisico,stock,Nov (1),72,10,14,14,14,0,0.0,0,
state,RO,Hidratado Estoque E.Fisico,stock,Nov (2),69,3,14,14,14,0,0.0,0,
state,RO,Hidratado Estoque E.Fisico,stock,Dec (1),28,0,14,14,14,0,0.0,0,
state,RO,Hidratado Estoque E.Fisico,stock,Dec (2),47,8,14,14,14,0,0.0,0,
state,RO,Hidratado Estoque E.Fisico,stock,Jan (1),47,9,14,14,14,0,0.0,0,
state,RO,Hidratado Estoque E.Fisico,stock,Jan (2),47,14,14,14,14,0,0.0,0,
state,RO,Hidratado Estoque E.Fisico,stock,Feb (1),79,14,14,14,14,0,0.0,0,
state,RO,Hidratado Estoque E.Fisico,stock,Feb (2),79,14,14,14,14,0,0.0,0,
state,RO,Hidratado Estoque E.Fisico,stock,Mar (1),13,14,14,14,14,0,0.0,0,
state,RO,Hidratado Estoque E.Fisico,stock,Mar (2),37,14,14,14,14,0,0.0,0,
state,RO,Hidratado Producao,flow,Apr (1),0,141,0,0,0,0,0.0,0,0.0
state,RO,Hidratado Producao,flow,Apr (2),0,92,0,0,0,0,0.0,0,0.0
state,RO,Hidratado Producao,flow,May (1),0,151,0,0,0,0,0.0,0,0.0
state,RO,Hidratado Producao,flow,May (2),0,241,0,0,0,0,0.0,0,0.0
state,RO,Hidratado Producao,flow,Jun (1),0,359,0,0,0,0,0.0,0,0.0
state,RO,Hidratado Producao,flow,Jun (2),0,0,0,0,0,0,0.0,0,0.0
state,RO,Hidratado Producao,flow,Jul (1),0,566,0,0,0,0,0.0,0,0.0
state,RO,Hidratado Producao,flow,Jul (2),131,247,0,0,0,0,0.0,0,0.0
state,RO,Hidratado Producao,flow,Aug (1),223,467,0,0,0,0,0.0,0,
state,RO,Hidratado Producao,flow,Aug (2),189,326,0,0,0,0,0.0,0,
state,RO,Hidratado Producao,flow,Sep (1),148,259,0,0,0,0,0.0,0,
state,RO,Hidratado Producao,flow,Sep (2),222,354,0,0,0,0,0.0,0,
state,RO,Hidratado Producao,flow,Oct (1),117,316,0,0,0,0,0.0,0,
state,RO,Hidratado Producao,flow,Oct (2),123,269,0,0,0,0,0.0,0,
state,RO,Hidratado Producao,flow,Nov (1),161,252,0,0,0,0,0.0,0,
state,RO,Hidratado Producao,flow,Nov (2),30,223,0,0,0,0,0.0,0,
state,RO,Hidratado Producao,flow,Dec (1),25,176,0,0,0,0,0.0,0,
state,RO,Hidratado Producao,flow,Dec (2),22,118,0,0,0,0,0.0,0,
state,RO,Hidratado Producao,flow,Jan (1),0,61,0,0,0,0,0.0,0,
state,RO,Hidratado Producao,flow,Jan (2),0,5,0,0,0,0,0.0,0,
state,RO,Hidratado Producao,flow,Feb (1),33,0,0,0,0,0,0.0,0,
state,RO,Hidratado Producao,flow,Feb (2),0,0,0,0,0,0,0.0,0,
state,RO,Hidratado Producao,flow,Mar (1),55,0,0,0,0,0,0.0,0,
state,RO,Hidratado Producao,flow,Mar (2),24,0,0,0,0,0,0.0,0,
state,RO,Hidratado Saidas Distrib,flow,Apr (1),0,0,0,0,0,0,0.0,0,0.0
state,RO,Hidratado Saidas Distrib,flow,Apr (2),0,185,0,0,0,0,0.0,0,0.0
state,RO,Hidratado Saidas Distrib,flow,May (1),0,123,0,0,0,0,0.0,0,0.0
state,RO,Hidratado Saidas Distrib,flow,May (2),0,334,0,0,0,0,0.0,0,0.0
state,RO,Hidratado Saidas Distrib,flow,Jun (1),0,119,0,0,0,0,0.0,0,0.0
state,RO,Hidratado Saidas Distrib,flow,Jun (2),0,0,0,0,0,0,0.0,0,0.0
state,RO,Hidratado Saidas Distrib,flow,Jul (1),0,722,0,0,0,0,0.0,0,0.0
state,RO,Hidratado Saidas Distrib,flow,Jul (2),0,306,0,0,0,0,0.0,0,0.0
state,RO,Hidratado Saidas Distrib,flow,Aug (1),290,428,0,0,0,0,0.0,0,
state,RO,Hidratado Saidas Distrib,flow,Aug (2),185,361,0,0,0,0,0.0,0,
state,RO,Hidratado Saidas Distrib,flow,Sep (1),210,256,0,0,0,0,0.0,0,
state,RO,Hidratado Saidas Distrib,flow,Sep (2),179,373,0,0,0,0,0.0,0,
state,RO,Hidratado Saidas Distrib,flow,Oct (1),140,277,0,0,0,0,0.0,0,
state,RO,Hidratado Saidas Distrib,flow,Oct (2),123,330,0,0,0,0,0.0,0,
state,RO,Hidratado Saidas Distrib,flow,Nov (1),103,242,0,0,0,0,0.0,0,
state,RO,Hidratado Saidas Distrib,flow,Nov (2),30,227,0,0,0,0,0.0,0,
state,RO,Hidratado Saidas Distrib,flow,Dec (1),62,178,0,0,0,0,0.0,0,
state,RO,Hidratado Saidas Distrib,flow,Dec (2),0,108,0,0,0,0,0.0,0,
state,RO,Hidratado Saidas Distrib,flow,Jan (1),0,59,0,0,0,0,0.0,0,
state,RO,Hidratado Saidas Distrib,flow,Jan (2),0,0,0,0,0,0,0.0,0,
state,RO,Hidratado Saidas Distrib,flow,Feb (1),0,0,0,0,0,0,0.0,0,
state,RO,Hidratado Saidas Distrib,flow,Feb (2),0,0,0,0,0,0,0.0,0,
state,RO,Hidratado Saidas Distrib,flow,Mar (1),121,0,0,0,0,0,0.0,0,
state,RO,Hidratado Saidas Distrib,flow,Mar (2),0,0,0,0,0,0,0.0,0,
state,RO,Hidratado Saidas M.Ext,flow,Apr (1),0,0,0,0,0,0,0.0,0,0.0
state,RO,Hidratado Saidas M.Ext,flow,Apr (2),0,0,0,0,0,0,0.0,0,0.0
state,RO,Hidratado Saidas M.Ext,flow,May (1),0,0,0,0,0,0,0.0,0,0.0
state,RO,Hidratado Saidas M.Ext,flow,May (2),0,0,0,0,0,0,0.0,0,0.0
state,RO,Hidratado Saidas M.Ext,flow,Jun (1),0,0,0,0,0,0,0.0,0,0.0
state,RO,Hidratado Saidas M.Ext,flow,Jun (2),0,0,0,0,0,0,0.0,0,0.0
state,RO,Hidratado Saidas M.Ext,flow,Jul (1),0,0,0,0,0,0,0.0,0,0.0
state,RO,Hidratado Saidas M.Ext,flow,Jul (2),0,0,0,0,0,0,0.0,0,0.0
state,RO,Hidratado Saidas M.Ext,flow,Aug (1),0,0,0,0,0,0,0.0,0,
state,RO,Hidratado Saidas M.Ext,flow,Aug (2),0,0,0,0,0,0,0.0,0,
state,RO,Hidratado Saidas M.Ext,flow,Sep (1),0,0,0,0,0,0,0.0,0,
state,RO,Hidratado Saidas M.Ext,flow,Sep (2),0,0,0,0,0,0,0.0,0,
state,RO,Hidratado Saidas M.Ext,flow,Oct (1),0,0,0,0,0,0,0.0,0,
state,RO,Hidratado Saidas M.Ext,flow,Oct (2),0,0,0,0,0,0,0.0,0,
state,RO,Hidratado Saidas M.Ext,flow,Nov (1),0,0,0,0,0,0,0.0,0,
state,RO,Hidratado Saidas M.Ext,flow,Nov (2),0,0,0,0,0,0,0.0,0,
state,RO,Hidratado Saidas M.Ext,flow,Dec (1),0,0,0,0,0,0,0.0,0,
state,RO,Hidratado Saidas M.Ext,flow,Dec (2),0,0,0,0,0,0,0.0,0,
state,RO,Hidratado Saidas M.Ext,flow,Jan (1),0,0,0,0,0,0,0.0,0,
state,RO,Hidratado Saidas M.Ext,flow,Jan (2),0,0,0,0,0,0,0.0,0,
state,RO,Hidratado Saidas M.Ext,flow,Feb (1),0,0,0,0,0,0,0.0,0,
state,RO,Hidratado Saidas M.Ext,flow,Feb (2),0,0,0,0,0,0,0.0,0,
state,RO,Hidratado Saidas M.Ext,flow,Mar (1),0,0,0,0,0,0,0.0,0,
state,RO,Hidratado Saidas M.Ext,flow,Mar (2),0,0,0,0,0,0,0.0,0,
state,RO,Hidratado Saidas Outras,flow,Apr (1),0,1,0,0,0,14,0.0,0,0.0
state,RO,Hidratado Saidas Outras,flow,Apr (2),0,0,0,0,0,0,0.0,0,0.0
state,RO,Hidratado Saidas Outras,flow,May (1),0,0,0,0,0,0,0.0,0,0.0
state,RO,Hidratado Saidas Outras,flow,May (2),0,2,0,0,0,0,0.0,0,0.0
state,RO,Hidratado Saidas Outras,flow,Jun (1),0,1,0,0,0,0,0.0,0,0.0
state,RO,Hidratado Saidas Outras,flow,Jun (2),0,0,0,0,0,0,0.0,0,0.0
state,RO,Hidratado Saidas Outras,flow,Jul (1),0,1,0,0,0,0,0.0,0,0.0
state,RO,Hidratado Saidas Outras,flow,Jul (2),0,1,0,0,0,0,0.0,0,0.0
state,RO,Hidratado Saidas Outras,flow,Aug (1),0,1,0,0,0,0,0.0,0,
state,RO,Hidratado Saidas Outras,flow,Aug (2),6,0,0,0,0,0,0.0,0,
state,RO,Hidratado Saidas Outras,flow,Sep (1),0,1,0,0,0,0,0.0,0,
state,RO,Hidratado Saidas Outras,flow,Sep (2),2,2,0,0,0,0,0.0,0,
state,RO,Hidratado Saidas Outras,flow,Oct (1),1,0,0,0,0,0,0.0,0,
state,RO,Hidratado Saidas Outras,flow,Oct (2),8,1,0,0,0,0,0.0,0,
state,RO,Hidratado Saidas Outras,flow,Nov (1),2,0,0,0,0,0,0.0,0,
state,RO,Hidratado Saidas Outras,flow,Nov (2),3,3,0,0,0,0,0.0,0,
state,RO,Hidratado Saidas Outras,flow,Dec (1),4,1,0,0,0,0,0.0,0,
state,RO,Hidratado Saidas Outras,flow,Dec (2),3,2,0,0,0,0,0.0,0,
state,RO,Hidratado Saidas Outras,flow,Jan (1),0,1,0,0,0,0,0.0,0,
state,RO,Hidratado Saidas Outras,flow,Jan (2),0,0,0,0,0,0,0.0,0,
state,RO,Hidratado Saidas Outras,flow,Feb (1),1,0,0,0,0,0,0.0,0,
state,RO,Hidratado Saidas Outras,flow,Feb (2),0,0,0,0,0,0,0.0,0,
state,RO,Hidratado Saidas Outras,flow,Mar (1),0,0,0,0,0,0,0.0,0,
state,RO,Hidratado Saidas Outras,flow,Mar (2),0,0,0,0,0,0,0.0,0,
state,RS,Acucar,flow,Apr (1),0,0,0,0,0,0,0.0,0,0.0
state,RS,Acucar,flow,Apr (2),0,0,0,0,0,0,0.0,0,0.0
state,RS,Acucar,flow,May (1),0,0,0,0,0,0,0.0,0,0.0
state,RS,Acucar,flow,May (2),0,0,0,0,0,0,0.0,0,0.0
state,RS,Acucar,flow,Jun (1),0,0,0,0,0,0,0.0,0,0.0
state,RS,Acucar,flow,Jun (2),0,0,0,0,0,0,0.0,0,0.0
state,RS,Acucar,flow,Jul (1),0,0,0,0,0,0,0.0,0,0.0
state,RS,Acucar,flow,Jul (2),0,0,0,0,0,0,0.0,0,0.0
state,RS,Acucar,flow,Aug (1),0,0,0,0,0,0,0.0,0,
state,RS,Acucar,flow,Aug (2),0,0,0,0,0,0,0.0,0,
state,RS,Acucar,flow,Sep (1),0,0,0,0,0,0,0.0,0,
state,RS,Acucar,flow,Sep (2),0,0,0,0,0,0,0.0,0,
state,RS,Acucar,flow,Oct (1),0,0,0,0,0,0,0.0,0,
state,RS,Acucar,flow,Oct (2),0,0,0,0,0,0,0.0,0,
state,RS,Acucar,flow,Nov (1),0,0,0,0,0,0,0.0,0,
state,RS,Acucar,flow,Nov (2),0,0,0,0,0,0,0.0,0,
state,RS,Acucar,flow,Dec (1),0,0,0,0,0,0,0.0,0,
state,RS,Acucar,flow,Dec (2),0,0,0,0,0,0,0.0,0,
state,RS,Acucar,flow,Jan (1),0,0,0,0,0,0,0.0,0,
state,RS,Acucar,flow,Jan (2),0,0,0,0,0,0,0.0,0,
state,RS,Acucar,flow,Feb (1),0,0,0,0,0,0,0.0,0,
state,RS,Acucar,flow,Feb (2),0,0,0,0,0,0,0.0,0,
state,RS,Acucar,flow,Mar (1),0,0,0,0,0,0,0.0,0,
state,RS,Acucar,flow,Mar (2),0,0,0,0,0,0,0.0,0,
state,RS,Anidro Entradas,flow,Apr (1),0,0,0,0,0,4,16.0,16,16.0
state,RS,Anidro Entradas,flow,Apr (2),0,0,0,0,0,0,0.0,0,0.0
state,RS,Anidro Entradas,flow,May (1),0,0,0,0,0,0,0.0,0,0.0
state,RS,Anidro Entradas,flow,May (2),0,0,0,0,0,0,0.0,0,0.0
state,RS,Anidro Entradas,flow,Jun (1),0,0,0,0,0,0,0.0,0,0.0
state,RS,Anidro Entradas,flow,Jun (2),0,0,0,0,0,0,0.0,0,0.0
state,RS,Anidro Entradas,flow,Jul (1),0,0,0,0,0,0,0.0,0,0.0
state,RS,Anidro Entradas,flow,Jul (2),0,0,36,0,0,0,0.0,0,0.0
state,RS,Anidro Entradas,flow,Aug (1),0,0,0,0,0,0,0.0,0,
state,RS,Anidro Entradas,flow,Aug (2),0,0,0,0,0,0,0.0,0,
state,RS,Anidro Entradas,flow,Sep (1),0,0,0,0,0,0,0.0,0,
state,RS,Anidro Entradas,flow,Sep (2),0,0,0,0,0,0,0.0,0,
state,RS,Anidro Entradas,flow,Oct (1),0,0,0,0,1,0,0.0,0,
state,RS,Anidro Entradas,flow,Oct (2),0,0,0,0,0,0,0.0,0,
state,RS,Anidro Entradas,flow,Nov (1),0,0,0,0,0,0,0.0,0,
state,RS,Anidro Entradas,flow,Nov (2),0,0,0,0,0,0,0.0,0,
state,RS,Anidro Entradas,flow,Dec (1),0,0,0,0,0,0,0.0,0,
state,RS,Anidro Entradas,flow,Dec (2),0,0,0,0,0,0,0.0,0,
state,RS,Anidro Entradas,flow,Jan (1),0,0,0,0,0,0,0.0,0,
state,RS,Anidro Entradas,flow,Jan (2),0,0,0,0,0,0,0.0,0,
state,RS,Anidro Entradas,flow,Feb (1),0,0,0,0,0,0,0.0,0,
state,RS,Anidro Entradas,flow,Feb (2),0,0,0,0,0,0,0.0,0,
state,RS,Anidro Entradas,flow,Mar (1),0,0,0,0,0,0,0.0,0,
state,RS,Anidro Entradas,flow,Mar (2),0,0,0,0,0,0,0.0,0,
state,RS,Anidro Estoque E.Disp,stock,Apr (1),0,0,0,0,0,0,0.0,0,0.0
state,RS,Anidro Estoque E.Disp,stock,Apr (2),0,0,0,0,0,0,0.0,0,0.0
state,RS,Anidro Estoque E.Disp,stock,May (1),0,0,0,0,0,2,0.0,0,0.0
state,RS,Anidro Estoque E.Disp,stock,May (2),0,0,0,0,0,2,0.0,0,0.0
state,RS,Anidro Estoque E.Disp,stock,Jun (1),0,0,0,0,0,2,0.0,0,0.0
state,RS,Anidro Estoque E.Disp,stock,Jun (2),0,0,0,0,0,2,0.0,0,0.0
state,RS,Anidro Estoque E.Disp,stock,Jul (1),0,0,0,0,0,2,0.0,0,0.0
state,RS,Anidro Estoque E.Disp,stock,Jul (2),0,0,0,0,0,2,0.0,0,0.0
state,RS,Anidro Estoque E.Disp,stock,Aug (1),0,0,0,0,0,2,0.0,0,
state,RS,Anidro Estoque E.Disp,stock,Aug (2),0,0,0,0,0,2,0.0,0,
state,RS,Anidro Estoque E.Disp,stock,Sep (1),0,0,0,0,0,2,0.0,0,
state,RS,Anidro Estoque E.Disp,stock,Sep (2),0,0,0,0,0,2,0.0,0,
state,RS,Anidro Estoque E.Disp,stock,Oct (1),0,0,0,0,2,2,0.0,0,
state,RS,Anidro Estoque E.Disp,stock,Oct (2),0,0,0,0,2,2,0.0,0,
state,RS,Anidro Estoque E.Disp,stock,Nov (1),0,0,0,0,2,2,0.0,0,
state,RS,Anidro Estoque E.Disp,stock,Nov (2),0,0,0,0,2,2,0.0,0,
state,RS,Anidro Estoque E.Disp,stock,Dec (1),0,0,0,0,2,2,0.0,0,
state,RS,Anidro Estoque E.Disp,stock,Dec (2),0,0,0,0,2,2,0.0,0,
state,RS,Anidro Estoque E.Disp,stock,Jan (1),0,0,0,0,2,2,0.0,0,
state,RS,Anidro Estoque E.Disp,stock,Jan (2),0,0,0,0,2,2,0.0,0,
state,RS,Anidro Estoque E.Disp,stock,Feb (1),0,0,0,0,2,2,0.0,0,
state,RS,Anidro Estoque E.Disp,stock,Feb (2),0,0,0,0,2,2,0.0,0,
state,RS,Anidro Estoque E.Disp,stock,Mar (1),0,0,0,0,2,2,0.0,0,
state,RS,Anidro Estoque E.Disp,stock,Mar (2),0,0,0,0,2,2,0.0,0,
state,RS,Anidro Estoque E.Fisico,stock,Apr (1),0,0,0,0,0,4,16.0,16,16.0
state,RS,Anidro Estoque E.Fisico,stock,Apr (2),0,0,0,0,0,4,16.0,16,16.0
state,RS,Anidro Estoque E.Fisico,stock,May (1),0,0,0,0,0,5,16.0,16,16.0
state,RS,Anidro Estoque E.Fisico,stock,May (2),0,0,0,0,0,5,16.0,16,16.0
state,RS,Anidro Estoque E.Fisico,stock,Jun (1),0,0,0,0,0,7,16.0,16,16.0
state,RS,Anidro Estoque E.Fisico,stock,Jun (2),0,0,0,0,0,9,16.0,16,16.0
state,RS,Anidro Estoque E.Fisico,stock,Jul (1),0,0,0,0,0,9,16.0,16,16.0
state,RS,Anidro Estoque E.Fisico,stock,Jul (2),0,0,36,0,0,9,16.0,16,16.0
state,RS,Anidro Estoque E.Fisico,stock,Aug (1),0,0,0,0,0,9,16.0,16,
state,RS,Anidro Estoque E.Fisico,stock,Aug (2),0,0,0,0,0,11,16.0,16,
state,RS,Anidro Estoque E.Fisico,stock,Sep (1),0,0,0,0,0,12,16.0,16,
state,RS,Anidro Estoque E.Fisico,stock,Sep (2),0,0,0,0,0,13,16.0,16,
state,RS,Anidro Estoque E.Fisico,stock,Oct (1),0,0,0,0,2,14,16.0,16,
state,RS,Anidro Estoque E.Fisico,stock,Oct (2),0,0,0,0,2,14,16.0,16,
state,RS,Anidro Estoque E.Fisico,stock,Nov (1),0,0,0,0,2,14,16.0,16,
state,RS,Anidro Estoque E.Fisico,stock,Nov (2),0,0,0,0,2,15,16.0,16,
state,RS,Anidro Estoque E.Fisico,stock,Dec (1),0,0,0,0,2,16,16.0,16,
state,RS,Anidro Estoque E.Fisico,stock,Dec (2),0,0,0,0,2,16,16.0,16,
state,RS,Anidro Estoque E.Fisico,stock,Jan (1),0,0,0,0,2,16,16.0,16,
state,RS,Anidro Estoque E.Fisico,stock,Jan (2),0,0,0,0,2,16,16.0,16,
state,RS,Anidro Estoque E.Fisico,stock,Feb (1),0,0,0,0,2,16,16.0,16,
state,RS,Anidro Estoque E.Fisico,stock,Feb (2),0,0,0,0,2,16,16.0,16,
state,RS,Anidro Estoque E.Fisico,stock,Mar (1),0,0,0,0,3,16,16.0,16,
state,RS,Anidro Estoque E.Fisico,stock,Mar (2),0,0,0,0,4,16,16.0,16,
state,RS,Anidro Producao,flow,Apr (1),0,0,0,0,0,0,0.0,0,0.0
state,RS,Anidro Producao,flow,Apr (2),0,0,0,0,0,0,0.0,0,0.0
state,RS,Anidro Producao,flow,May (1),0,0,0,0,0,1,0.0,0,0.0
state,RS,Anidro Producao,flow,May (2),0,0,0,0,0,0,0.0,0,0.0
state,RS,Anidro Producao,flow,Jun (1),0,0,0,0,0,2,0.0,0,0.0
state,RS,Anidro Producao,flow,Jun (2),0,0,0,0,0,2,0.0,0,0.0
state,RS,Anidro Producao,flow,Jul (1),0,0,0,0,0,0,0.0,0,0.0
state,RS,Anidro Producao,flow,Jul (2),0,0,0,0,0,0,0.0,0,0.0
state,RS,Anidro Producao,flow,Aug (1),0,0,0,0,0,0,0.0,0,
state,RS,Anidro Producao,flow,Aug (2),0,0,0,0,0,2,0.0,0,
state,RS,Anidro Producao,flow,Sep (1),0,0,0,0,0,1,0.0,0,
state,RS,Anidro Producao,flow,Sep (2),0,0,0,0,0,1,0.0,0,
state,RS,Anidro Producao,flow,Oct (1),0,0,0,0,1,1,0.0,0,
state,RS,Anidro Producao,flow,Oct (2),0,0,0,0,0,0,0.0,0,
state,RS,Anidro Producao,flow,Nov (1),0,0,0,0,0,0,0.0,0,
state,RS,Anidro Producao,flow,Nov (2),0,0,0,0,0,1,0.0,0,
state,RS,Anidro Producao,flow,Dec (1),0,0,0,0,0,1,0.0,0,
state,RS,Anidro Producao,flow,Dec (2),0,0,0,0,0,0,0.0,0,
state,RS,Anidro Producao,flow,Jan (1),0,0,0,0,0,0,0.0,0,
state,RS,Anidro Producao,flow,Jan (2),0,0,0,0,0,0,0.0,0,
state,RS,Anidro Producao,flow,Feb (1),0,0,0,0,0,0,0.0,0,
state,RS,Anidro Producao,flow,Feb (2),0,0,0,0,0,0,0.0,0,
state,RS,Anidro Producao,flow,Mar (1),0,0,0,0,1,0,0.0,0,
state,RS,Anidro Producao,flow,Mar (2),0,0,0,0,1,0,0.0,0,
state,RS,Anidro Saidas Distrib,flow,Apr (1),0,0,0,0,0,0,0.0,0,0.0
state,RS,Anidro Saidas Distrib,flow,Apr (2),0,0,0,0,0,0,0.0,0,0.0
state,RS,Anidro Saidas Distrib,flow,May (1),0,0,0,0,0,0,0.0,0,0.0
state,RS,Anidro Saidas Distrib,flow,May (2),0,0,0,0,0,0,0.0,0,0.0
state,RS,Anidro Saidas Distrib,flow,Jun (1),0,0,0,0,0,0,0.0,0,0.0
state,RS,Anidro Saidas Distrib,flow,Jun (2),0,0,0,0,0,0,0.0,0,0.0
state,RS,Anidro Saidas Distrib,flow,Jul (1),0,0,0,0,0,0,0.0,0,0.0
state,RS,Anidro Saidas Distrib,flow,Jul (2),0,0,0,0,0,0,0.0,0,0.0
state,RS,Anidro Saidas Distrib,flow,Aug (1),0,0,0,0,0,0,0.0,0,
state,RS,Anidro Saidas Distrib,flow,Aug (2),0,0,0,0,0,0,0.0,0,
state,RS,Anidro Saidas Distrib,flow,Sep (1),0,0,0,0,0,0,0.0,0,
state,RS,Anidro Saidas Distrib,flow,Sep (2),0,0,0,0,0,0,0.0,0,
state,RS,Anidro Saidas Distrib,flow,Oct (1),0,0,0,0,0,0,0.0,0,
state,RS,Anidro Saidas Distrib,flow,Oct (2),0,0,0,0,0,0,0.0,0,
state,RS,Anidro Saidas Distrib,flow,Nov (1),0,0,0,0,0,0,0.0,0,
state,RS,Anidro Saidas Distrib,flow,Nov (2),0,0,0,0,0,0,0.0,0,
state,RS,Anidro Saidas Distrib,flow,Dec (1),0,0,0,0,0,0,0.0,0,
state,RS,Anidro Saidas Distrib,flow,Dec (2),0,0,0,0,0,0,0.0,0,
state,RS,Anidro Saidas Distrib,flow,Jan (1),0,0,0,0,0,0,0.0,0,
state,RS,Anidro Saidas Distrib,flow,Jan (2),0,0,0,0,0,0,0.0,0,
state,RS,Anidro Saidas Distrib,flow,Feb (1),0,0,0,0,0,0,0.0,0,
state,RS,Anidro Saidas Distrib,flow,Feb (2),0,0,0,0,0,0,0.0,0,
state,RS,Anidro Saidas Distrib,flow,Mar (1),0,0,0,0,0,0,0.0,0,
state,RS,Anidro Saidas Distrib,flow,Mar (2),0,0,0,0,0,0,0.0,0,
state,RS,Anidro Saidas M.Ext,flow,Apr (1),0,0,0,0,0,0,0.0,0,0.0
state,RS,Anidro Saidas M.Ext,flow,Apr (2),0,0,0,0,0,0,0.0,0,0.0
state,RS,Anidro Saidas M.Ext,flow,May (1),0,0,0,0,0,0,0.0,0,0.0
state,RS,Anidro Saidas M.Ext,flow,May (2),0,0,0,0,0,0,0.0,0,0.0
state,RS,Anidro Saidas M.Ext,flow,Jun (1),0,0,0,0,0,0,0.0,0,0.0
state,RS,Anidro Saidas M.Ext,flow,Jun (2),0,0,0,0,0,0,0.0,0,0.0
state,RS,Anidro Saidas M.Ext,flow,Jul (1),0,0,0,0,0,0,0.0,0,0.0
state,RS,Anidro Saidas M.Ext,flow,Jul (2),0,0,0,0,0,0,0.0,0,0.0
state,RS,Anidro Saidas M.Ext,flow,Aug (1),0,0,0,0,0,0,0.0,0,
state,RS,Anidro Saidas M.Ext,flow,Aug (2),0,0,0,0,0,0,0.0,0,
state,RS,Anidro Saidas M.Ext,flow,Sep (1),0,0,0,0,0,0,0.0,0,
state,RS,Anidro Saidas M.Ext,flow,Sep (2),0,0,0,0,0,0,0.0,0,
state,RS,Anidro Saidas M.Ext,flow,Oct (1),0,0,0,0,0,0,0.0,0,
state,RS,Anidro Saidas M.Ext,flow,Oct (2),0,0,0,0,0,0,0.0,0,
state,RS,Anidro Saidas M.Ext,flow,Nov (1),0,0,0,0,0,0,0.0,0,
state,RS,Anidro Saidas M.Ext,flow,Nov (2),0,0,0,0,0,0,0.0,0,
state,RS,Anidro Saidas M.Ext,flow,Dec (1),0,0,0,0,0,0,0.0,0,
state,RS,Anidro Saidas M.Ext,flow,Dec (2),0,0,0,0,0,0,0.0,0,
state,RS,Anidro Saidas M.Ext,flow,Jan (1),0,0,0,0,0,0,0.0,0,
state,RS,Anidro Saidas M.Ext,flow,Jan (2),0,0,0,0,0,0,0.0,0,
state,RS,Anidro Saidas M.Ext,flow,Feb (1),0,0,0,0,0,0,0.0,0,
state,RS,Anidro Saidas M.Ext,flow,Feb (2),0,0,0,0,0,0,0.0,0,
state,RS,Anidro Saidas M.Ext,flow,Mar (1),0,0,0,0,0,0,0.0,0,
state,RS,Anidro Saidas M.Ext,flow,Mar (2),0,0,0,0,0,0,0.0,0,
state,RS,Anidro Saidas Outras,flow,Apr (1),0,0,0,0,0,0,0.0,0,0.0
state,RS,Anidro Saidas Outras,flow,Apr (2),0,0,0,0,0,0,0.0,0,0.0
state,RS,Anidro Saidas Outras,flow,May (1),0,0,0,0,0,0,0.0,0,0.0
state,RS,Anidro Saidas Outras,flow,May (2),0,0,0,0,0,0,0.0,0,0.0
state,RS,Anidro Saidas Outras,flow,Jun (1),0,0,0,0,0,0,0.0,0,0.0
state,RS,Anidro Saidas Outras,flow,Jun (2),0,0,0,0,0,0,0.0,0,0.0
state,RS,Anidro Saidas Outras,flow,Jul (1),0,0,0,0,0,0,0.0,0,0.0
state,RS,Anidro Saidas Outras,flow,Jul (2),0,0,0,0,0,0,0.0,0,0.0
state,RS,Anidro Saidas Outras,flow,Aug (1),0,0,36,0,0,0,0.0,0,
state,RS,Anidro Saidas Outras,flow,Aug (2),0,0,0,0,0,0,0.0,0,
state,RS,Anidro Saidas Outras,flow,Sep (1),0,0,0,0,0,0,0.0,0,
state,RS,Anidro Saidas Outras,flow,Sep (2),0,0,0,0,0,0,0.0,0,
state,RS,Anidro Saidas Outras,flow,Oct (1),0,0,0,0,0,0,0.0,0,
state,RS,Anidro Saidas Outras,flow,Oct (2),0,0,0,0,0,0,0.0,0,
state,RS,Anidro Saidas Outras,flow,Nov (1),0,0,0,0,0,0,0.0,0,
state,RS,Anidro Saidas Outras,flow,Nov (2),0,0,0,0,0,0,0.0,0,
state,RS,Anidro Saidas Outras,flow,Dec (1),0,0,0,0,0,0,0.0,0,
state,RS,Anidro Saidas Outras,flow,Dec (2),0,0,0,0,0,0,0.0,0,
state,RS,Anidro Saidas Outras,flow,Jan (1),0,0,0,0,0,0,0.0,0,
state,RS,Anidro Saidas Outras,flow,Jan (2),0,0,0,0,0,0,0.0,0,
state,RS,Anidro Saidas Outras,flow,Feb (1),0,0,0,0,0,0,0.0,0,
state,RS,Anidro Saidas Outras,flow,Feb (2),0,0,0,0,0,0,0.0,0,
state,RS,Anidro Saidas Outras,flow,Mar (1),0,0,0,0,0,0,0.0,0,
state,RS,Anidro Saidas Outras,flow,Mar (2),0,0,0,0,0,0,0.0,0,
state,RS,Cana,flow,Apr (1),0,0,0,0,0,0,0.0,0,0.0
state,RS,Cana,flow,Apr (2),0,0,0,0,0,0,0.0,0,0.0
state,RS,Cana,flow,May (1),0,0,0,0,0,0,0.0,0,0.0
state,RS,Cana,flow,May (2),0,0,0,0,0,0,0.0,0,0.0
state,RS,Cana,flow,Jun (1),0,0,0,0,0,0,0.0,0,0.0
state,RS,Cana,flow,Jun (2),0,0,0,0,0,0,0.0,0,0.0
state,RS,Cana,flow,Jul (1),1140,0,0,0,0,0,0.0,0,0.0
state,RS,Cana,flow,Jul (2),3740,2098,0,0,0,0,0.0,0,0.0
state,RS,Cana,flow,Aug (1),8481,4619,0,0,0,0,0.0,0,
state,RS,Cana,flow,Aug (2),6003,7497,215126,0,0,0,0.0,0,
state,RS,Cana,flow,Sep (1),5722,3683,0,0,0,0,0.0,0,
state,RS,Cana,flow,Sep (2),5605,6277,0,0,0,0,0.0,0,
state,RS,Cana,flow,Oct (1),2723,3047,2580,0,0,0,0.0,0,
state,RS,Cana,flow,Oct (2),5672,2277,0,0,0,0,0.0,0,
state,RS,Cana,flow,Nov (1),0,735,0,0,0,0,0.0,0,
state,RS,Cana,flow,Nov (2),0,724,0,0,0,0,0.0,0,
state,RS,Cana,flow,Dec (1),0,0,0,0,0,0,0.0,0,
state,RS,Cana,flow,Dec (2),0,0,0,0,0,0,0.0,0,
state,RS,Cana,flow,Jan (1),0,0,0,0,0,0,0.0,0,
state,RS,Cana,flow,Jan (2),0,0,0,0,0,0,0.0,0,
state,RS,Cana,flow,Feb (1),0,0,0,0,0,0,0.0,0,
state,RS,Cana,flow,Feb (2),0,0,0,0,0,0,0.0,0,
state,RS,Cana,flow,Mar (1),0,0,0,0,0,0,0.0,0,
state,RS,Cana,flow,Mar (2),0,0,0,0,0,0,0.0,0,
state,RS,Etanol Total,flow,Apr (1),0,0,0,0,0,19,0.0,1,2.0
state,RS,Etanol Total,flow,Apr (2),0,0,0,0,0,0,0.0,1,0.0
state,RS,Etanol Total,flow,May (1),0,0,0,0,0,1,0.0,2,0.0
state,RS,Etanol Total,flow,May (2),0,0,0,0,0,0,0.0,2,0.0
state,RS,Etanol Total,flow,Jun (1),0,0,0,0,0,2,0.0,0,0.0
state,RS,Etanol Total,flow,Jun (2),0,0,0,0,0,2,1.0,1,1.0
state,RS,Etanol Total,flow,Jul (1),42,0,0,0,0,2,2.0,0,1.0
state,RS,Etanol Total,flow,Jul (2),213,115,0,0,0,3,2.0,0,0.0
state,RS,Etanol Total,flow,Aug (1),467,255,0,0,0,0,1.0,0,
state,RS,Etanol Total,flow,Aug (2),343,419,88,0,0,4,1.0,0,
state,RS,Etanol Total,flow,Sep (1),326,203,0,0,0,3,2.0,0,
state,RS,Etanol Total,flow,Sep (2),320,345,0,0,0,2,1.0,1,
state,RS,Etanol Total,flow,Oct (1),155,152,142,0,1,4,1.0,2,
state,RS,Etanol Total,flow,Oct (2),323,91,0,0,1,1,0.0,2,
state,RS,Etanol Total,flow,Nov (1),0,29,0,0,0,2,0.0,1,
state,RS,Etanol Total,flow,Nov (2),0,29,0,0,0,3,0.0,0,
state,RS,Etanol Total,flow,Dec (1),0,0,0,0,0,3,0.0,0,
state,RS,Etanol Total,flow,Dec (2),0,0,0,0,0,0,1.0,0,
state,RS,Etanol Total,flow,Jan (1),0,0,0,0,0,0,0.0,0,
state,RS,Etanol Total,flow,Jan (2),0,0,0,0,0,1,0.0,2,
state,RS,Etanol Total,flow,Feb (1),0,0,0,0,1,0,1.0,1,
state,RS,Etanol Total,flow,Feb (2),0,0,0,0,1,1,0.0,1,
state,RS,Etanol Total,flow,Mar (1),0,0,0,0,1,1,2.0,0,
state,RS,Etanol Total,flow,Mar (2),0,0,0,251,1,0,1.0,0,
state,RS,Hidratado Entradas,flow,Apr (1),0,0,384,0,1,4,29.0,25,17.0
state,RS,Hidratado Entradas,flow,Apr (2),0,0,0,0,0,0,0.0,0,0.0
state,RS,Hidratado Entradas,flow,May (1),0,0,0,0,0,0,0.0,0,0.0
state,RS,Hidratado Entradas,flow,May (2),0,0,0,0,0,0,0.0,0,0.0
state,RS,Hidratado Entradas,flow,Jun (1),0,0,0,0,0,0,0.0,0,0.0
state,RS,Hidratado Entradas,flow,Jun (2),0,0,0,0,0,0,0.0,0,0.0
state,RS,Hidratado Entradas,flow,Jul (1),0,0,0,0,0,0,0.0,0,0.0
state,RS,Hidratado Entradas,flow,Jul (2),0,0,0,0,0,0,0.0,0,0.0
state,RS,Hidratado Entradas,flow,Aug (1),0,40,0,0,0,0,0.0,0,
state,RS,Hidratado Entradas,flow,Aug (2),0,0,0,0,0,0,0.0,0,
state,RS,Hidratado Entradas,flow,Sep (1),32,0,0,0,0,0,0.0,0,
state,RS,Hidratado Entradas,flow,Sep (2),0,0,0,0,0,0,0.0,0,
state,RS,Hidratado Entradas,flow,Oct (1),0,0,0,0,0,0,0.0,0,
state,RS,Hidratado Entradas,flow,Oct (2),0,0,0,0,0,0,0.0,0,
state,RS,Hidratado Entradas,flow,Nov (1),0,0,0,0,0,0,0.0,0,
state,RS,Hidratado Entradas,flow,Nov (2),0,0,0,0,0,0,0.0,0,
state,RS,Hidratado Entradas,flow,Dec (1),0,0,0,0,0,0,0.0,0,
state,RS,Hidratado Entradas,flow,Dec (2),0,0,0,0,0,0,0.0,0,
state,RS,Hidratado Entradas,flow,Jan (1),0,0,0,0,0,0,0.0,0,
state,RS,Hidratado Entradas,flow,Jan (2),0,0,0,0,0,0,0.0,0,
state,RS,Hidratado Entradas,flow,Feb (1),0,0,0,0,0,0,0.0,0,
state,RS,Hidratado Entradas,flow,Feb (2),0,0,0,0,0,0,0.0,0,
state,RS,Hidratado Entradas,flow,Mar (1),0,0,0,0,0,0,0.0,0,
state,RS,Hidratado Entradas,flow,Mar (2),0,0,0,0,0,0,0.0,0,
state,RS,Hidratado Estoque E.Disp,stock,Apr (1),0,0,0,0,0,19,0.0,17,3.0
state,RS,Hidratado Estoque E.Disp,stock,Apr (2),0,0,0,0,0,19,0.0,18,3.0
state,RS,Hidratado Estoque E.Disp,stock,May (1),0,0,0,0,0,20,0.0,20,3.0
state,RS,Hidratado Estoque E.Disp,stock,May (2),0,0,0,0,0,20,0.0,22,3.0
state,RS,Hidratado Estoque E.Disp,stock,Jun (1),0,0,0,0,0,20,0.0,22,3.0
state,RS,Hidratado Estoque E.Disp,stock,Jun (2),0,0,254,0,0,3,1.0,23,4.0
state,RS,Hidratado Estoque E.Disp,stock,Jul (1),42,0,254,0,0,5,3.0,23,5.0
state,RS,Hidratado Estoque E.Disp,stock,Jul (2),127,75,219,0,0,6,5.0,3,5.0
state,RS,Hidratado Estoque E.Disp,stock,Aug (1),477,290,219,0,0,6,6.0,23,
state,RS,Hidratado Estoque E.Disp,stock,Aug (2),212,624,260,0,0,8,7.0,3,
state,RS,Hidratado Estoque E.Disp,stock,Sep (1),210,703,140,0,0,10,9.0,3,
state,RS,Hidratado Estoque E.Disp,stock,Sep (2),257,658,50,0,0,11,10.0,4,
state,RS,Hidratado Estoque E.Disp,stock,Oct (1),41,370,50,0,0,13,11.0,6,
state,RS,Hidratado Estoque E.Disp,stock,Oct (2),284,388,31,0,1,14,11.0,8,
state,RS,Hidratado Estoque E.Disp,stock,Nov (1),67,355,25,0,1,15,11.0,9,
state,RS,Hidratado Estoque E.Disp,stock,Nov (2),67,384,20,0,1,17,11.0,9,
state,RS,Hidratado Estoque E.Disp,stock,Dec (1),67,384,20,0,1,18,11.0,4,
state,RS,Hidratado Estoque E.Disp,stock,Dec (2),30,384,20,0,1,18,12.0,4,
state,RS,Hidratado Estoque E.Disp,stock,Jan (1),0,384,20,0,1,18,12.0,4,
state,RS,Hidratado Estoque E.Disp,stock,Jan (2),0,384,20,0,1,19,12.0,6,
state,RS,Hidratado Estoque E.Disp,stock,Feb (1),0,384,20,0,1,19,13.0,7,
state,RS,Hidratado Estoque E.Disp,stock,Feb (2),0,384,20,0,1,20,13.0,8,
state,RS,Hidratado Estoque E.Disp,stock,Mar (1),0,384,20,0,1,21,15.0,8,
state,RS,Hidratado Estoque E.Disp,stock,Mar (2),0,384,0,1,1,21,16.0,8,
state,RS,Hidratado Estoque E.Fisico,stock,Apr (1),0,0,384,0,1,23,29.0,26,14.0
state,RS,Hidratado Estoque E.Fisico,stock,Apr (2),0,0,384,0,1,23,29.0,27,14.0
state,RS,Hidratado Estoque E.Fisico,stock,May (1),0,0,384,0,1,23,29.0,29,14.0
state,RS,Hidratado Estoque E.Fisico,stock,May (2),0,0,384,0,1,23,9.0,31,14.0
state,RS,Hidratado Estoque E.Fisico,stock,Jun (1),0,0,384,0,1,23,9.0,31,14.0
state,RS,Hidratado Estoque E.Fisico,stock,Jun (2),0,0,307,0,1,6,10.0,32,15.0
state,RS,Hidratado Estoque E.Fisico,stock,Jul (1),42,0,307,0,1,8,12.0,32,16.0
state,RS,Hidratado Estoque E.Fisico,stock,Jul (2),127,75,219,0,1,11,14.0,12,16.0
state,RS,Hidratado Estoque E.Fisico,stock,Aug (1),477,290,219,0,1,11,15.0,32,
state,RS,Hidratado Estoque E.Fisico,stock,Aug (2),732,624,260,0,1,13,16.0,12,
state,RS,Hidratado Estoque E.Fisico,stock,Sep (1),550,703,140,0,1,15,18.0,12,
state,RS,Hidratado Estoque E.Fisico,stock,Sep (2),603,698,50,0,1,16,19.0,13,
state,RS,Hidratado Estoque E.Fisico,stock,Oct (1),358,521,133,0,1,19,20.0,15,
state,RS,Hidratado Estoque E.Fisico,stock,Oct (2),533,407,31,0,2,20,20.0,17,
state,RS,Hidratado Estoque E.Fisico,stock,Nov (1),400,355,25,0,2,22,20.0,18,
state,RS,Hidratado Estoque E.Fisico,stock,Nov (2),177,384,20,0,2,24,20.0,18,
state,RS,Hidratado Estoque E.Fisico,stock,Dec (1),117,384,20,0,2,26,20.0,13,
state,RS,Hidratado Estoque E.Fisico,stock,Dec (2),87,384,20,0,2,26,21.0,13,
state,RS,Hidratado Estoque E.Fisico,stock,Jan (1),0,384,20,0,2,26,21.0,13,
state,RS,Hidratado Estoque E.Fisico,stock,Jan (2),0,384,20,0,2,27,21.0,15,
state,RS,Hidratado Estoque E.Fisico,stock,Feb (1),0,384,20,0,3,27,22.0,16,
state,RS,Hidratado Estoque E.Fisico,stock,Feb (2),0,384,20,0,4,28,22.0,17,
state,RS,Hidratado Estoque E.Fisico,stock,Mar (1),0,384,20,0,4,29,24.0,17,
state,RS,Hidratado Estoque E.Fisico,stock,Mar (2),0,384,0,38,4,29,25.0,17,
state,RS,Hidratado Producao,flow,Apr (1),0,0,0,0,0,19,0.0,1,2.0
state,RS,Hidratado Producao,flow,Apr (2),0,0,0,0,0,0,0.0,1,0.0
state,RS,Hidratado Producao,flow,May (1),0,0,0,0,0,0,0.0,2,0.0
state,RS,Hidratado Producao,flow,May (2),0,0,0,0,0,0,0.0,2,0.0
state,RS,Hidratado Producao,flow,Jun (1),0,0,0,0,0,0,0.0,0,0.0
state,RS,Hidratado Producao,flow,Jun (2),0,0,0,0,0,0,1.0,1,1.0
state,RS,Hidratado Producao,flow,Jul (1),42,0,0,0,0,2,2.0,0,1.0
state,RS,Hidratado Producao,flow,Jul (2),213,115,0,0,0,3,2.0,0,0.0
state,RS,Hidratado Producao,flow,Aug (1),467,255,0,0,0,0,1.0,0,
state,RS,Hidratado Producao,flow,Aug (2),343,419,88,0,0,2,1.0,0,
state,RS,Hidratado Producao,flow,Sep (1),326,203,0,0,0,2,2.0,0,
state,RS,Hidratado Producao,flow,Sep (2),320,345,0,0,0,1,1.0,1,
state,RS,Hidratado Producao,flow,Oct (1),155,152,142,0,0,3,1.0,2,
state,RS,Hidratado Producao,flow,Oct (2),323,91,0,0,1,1,0.0,2,
state,RS,Hidratado Producao,flow,Nov (1),0,29,0,0,0,2,0.0,1,
state,RS,Hidratado Producao,flow,Nov (2),0,29,0,0,0,2,0.0,0,
state,RS,Hidratado Producao,flow,Dec (1),0,0,0,0,0,2,0.0,0,
state,RS,Hidratado Producao,flow,Dec (2),0,0,0,0,0,0,1.0,0,
state,RS,Hidratado Producao,flow,Jan (1),0,0,0,0,0,0,0.0,0,
state,RS,Hidratado Producao,flow,Jan (2),0,0,0,0,0,1,0.0,2,
state,RS,Hidratado Producao,flow,Feb (1),0,0,0,0,1,0,1.0,1,
state,RS,Hidratado Producao,flow,Feb (2),0,0,0,0,1,1,0.0,1,
state,RS,Hidratado Producao,flow,Mar (1),0,0,0,0,0,1,2.0,0,
state,RS,Hidratado Producao,flow,Mar (2),0,0,0,251,0,0,1.0,0,
state,RS,Hidratado Saidas Distrib,flow,Apr (1),0,0,0,0,0,0,0.0,0,5.0
state,RS,Hidratado Saidas Distrib,flow,Apr (2),0,0,0,0,0,0,0.0,0,0.0
state,RS,Hidratado Saidas Distrib,flow,May (1),0,0,0,0,0,0,0.0,0,0.0
state,RS,Hidratado Saidas Distrib,flow,May (2),0,0,0,0,0,0,20.0,0,0.0
state,RS,Hidratado Saidas Distrib,flow,Jun (1),0,0,0,0,0,0,0.0,0,0.0
state,RS,Hidratado Saidas Distrib,flow,Jun (2),0,0,22,0,0,17,0.0,0,0.0
state,RS,Hidratado Saidas Distrib,flow,Jul (1),0,0,0,0,0,0,0.0,0,0.0
state,RS,Hidratado Saidas Distrib,flow,Jul (2),128,0,0,0,0,0,0.0,20,0.0
state,RS,Hidratado Saidas Distrib,flow,Aug (1),117,0,0,0,0,0,0.0,-20,
state,RS,Hidratado Saidas Distrib,flow,Aug (2),88,45,0,0,0,0,0.0,20,
state,RS,Hidratado Saidas Distrib,flow,Sep (1),540,88,0,0,0,0,0.0,0,
state,RS,Hidratado Saidas Distrib,flow,Sep (2),267,314,0,0,0,0,0.0,0,
state,RS,Hidratado Saidas Distrib,flow,Oct (1),400,289,0,0,0,0,0.0,0,
state,RS,Hidratado Saidas Distrib,flow,Oct (2),148,205,0,0,0,0,0.0,0,
state,RS,Hidratado Saidas Distrib,flow,Nov (1),133,41,0,0,0,0,0.0,0,
state,RS,Hidratado Saidas Distrib,flow,Nov (2),223,0,0,0,0,0,0.0,0,
state,RS,Hidratado Saidas Distrib,flow,Dec (1),60,0,0,0,0,0,0.0,5,
state,RS,Hidratado Saidas Distrib,flow,Dec (2),30,0,0,0,0,0,0.0,0,
state,RS,Hidratado Saidas Distrib,flow,Jan (1),30,0,0,0,0,0,0.0,0,
state,RS,Hidratado Saidas Distrib,flow,Jan (2),0,0,0,0,0,0,0.0,0,
state,RS,Hidratado Saidas Distrib,flow,Feb (1),0,0,0,0,0,0,0.0,0,
state,RS,Hidratado Saidas Distrib,flow,Feb (2),0,0,0,0,0,0,0.0,0,
state,RS,Hidratado Saidas Distrib,flow,Mar (1),0,0,0,0,0,0,0.0,0,
state,RS,Hidratado Saidas Distrib,flow,Mar (2),0,0,0,0,0,0,0.0,0,
state,RS,Hidratado Saidas M.Ext,flow,Apr (1),0,0,0,0,0,0,0.0,0,0.0
state,RS,Hidratado Saidas M.Ext,flow,Apr (2),0,0,0,0,0,0,0.0,0,0.0
state,RS,Hidratado Saidas M.Ext,flow,May (1),0,0,0,0,0,0,0.0,0,0.0
state,RS,Hidratado Saidas M.Ext,flow,May (2),0,0,0,0,0,0,0.0,0,0.0
state,RS,Hidratado Saidas M.Ext,flow,Jun (1),0,0,0,0,0,0,0.0,0,0.0
state,RS,Hidratado Saidas M.Ext,flow,Jun (2),0,0,0,0,0,0,0.0,0,0.0
state,RS,Hidratado Saidas M.Ext,flow,Jul (1),0,0,0,0,0,0,0.0,0,0.0
state,RS,Hidratado Saidas M.Ext,flow,Jul (2),0,0,0,0,0,0,0.0,0,0.0
state,RS,Hidratado Saidas M.Ext,flow,Aug (1),0,0,0,0,0,0,0.0,0,
state,RS,Hidratado Saidas M.Ext,flow,Aug (2),0,0,0,0,0,0,0.0,0,
state,RS,Hidratado Saidas M.Ext,flow,Sep (1),0,0,0,0,0,0,0.0,0,
state,RS,Hidratado Saidas M.Ext,flow,Sep (2),0,0,0,0,0,0,0.0,0,
state,RS,Hidratado Saidas M.Ext,flow,Oct (1),0,0,0,0,0,0,0.0,0,
state,RS,Hidratado Saidas M.Ext,flow,Oct (2),0,0,0,0,0,0,0.0,0,
state,RS,Hidratado Saidas M.Ext,flow,Nov (1),0,0,0,0,0,0,0.0,0,
state,RS,Hidratado Saidas M.Ext,flow,Nov (2),0,0,0,0,0,0,0.0,0,
state,RS,Hidratado Saidas M.Ext,flow,Dec (1),0,0,0,0,0,0,0.0,0,
state,RS,Hidratado Saidas M.Ext,flow,Dec (2),0,0,0,0,0,0,0.0,0,
state,RS,Hidratado Saidas M.Ext,flow,Jan (1),0,0,0,0,0,0,0.0,0,
state,RS,Hidratado Saidas M.Ext,flow,Jan (2),0,0,0,0,0,0,0.0,0,
state,RS,Hidratado Saidas M.Ext,flow,Feb (1),0,0,0,0,0,0,0.0,0,
state,RS,Hidratado Saidas M.Ext,flow,Feb (2),0,0,0,0,0,0,0.0,0,
state,RS,Hidratado Saidas M.Ext,flow,Mar (1),0,0,0,0,0,0,0.0,0,
state,RS,Hidratado Saidas M.Ext,flow,Mar (2),0,0,0,0,0,0,0.0,0,
state,RS,Hidratado Saidas Outras,flow,Apr (1),0,0,0,0,0,0,0.0,0,0.0
state,RS,Hidratado Saidas Outras,flow,Apr (2),0,0,0,0,0,0,0.0,0,0.0
state,RS,Hidratado Saidas Outras,flow,May (1),0,0,0,0,0,0,0.0,0,0.0
state,RS,Hidratado Saidas Outras,flow,May (2),0,0,0,0,0,0,0.0,0,0.0
state,RS,Hidratado Saidas Outras,flow,Jun (1),0,0,0,0,0,0,0.0,0,0.0
state,RS,Hidratado Saidas Outras,flow,Jun (2),0,0,55,0,0,0,0.0,0,0.0
state,RS,Hidratado Saidas Outras,flow,Jul (1),0,0,0,0,0,0,0.0,0,0.0
state,RS,Hidratado Saidas Outras,flow,Jul (2),0,40,88,0,0,0,0.0,0,0.0
state,RS,Hidratado Saidas Outras,flow,Aug (1),0,80,0,0,0,0,0.0,0,
state,RS,Hidratado Saidas Outras,flow,Aug (2),0,40,47,0,0,0,0.0,0,
state,RS,Hidratado Saidas Outras,flow,Sep (1),0,36,120,0,0,0,0.0,0,
state,RS,Hidratado Saidas Outras,flow,Sep (2),0,36,90,0,0,0,0.0,0,
state,RS,Hidratado Saidas Outras,flow,Oct (1),0,40,59,0,0,0,0.0,0,
state,RS,Hidratado Saidas Outras,flow,Oct (2),0,0,102,0,0,0,0.0,0,
state,RS,Hidratado Saidas Outras,flow,Nov (1),0,40,6,0,0,0,0.0,0,
state,RS,Hidratado Saidas Outras,flow,Nov (2),0,0,5,0,0,0,0.0,0,
state,RS,Hidratado Saidas Outras,flow,Dec (1),0,0,0,0,0,0,0.0,0,
state,RS,Hidratado Saidas Outras,flow,Dec (2),0,0,0,0,0,0,0.0,0,
state,RS,Hidratado Saidas Outras,flow,Jan (1),57,0,0,0,0,0,0.0,0,
state,RS,Hidratado Saidas Outras,flow,Jan (2),0,0,0,0,0,0,0.0,0,
state,RS,Hidratado Saidas Outras,flow,Feb (1),0,0,0,0,0,0,0.0,0,
state,RS,Hidratado Saidas Outras,flow,Feb (2),0,0,0,0,0,0,0.0,0,
state,RS,Hidratado Saidas Outras,flow,Mar (1),0,0,0,0,0,0,0.0,0,
state,RS,Hidratado Saidas Outras,flow,Mar (2),0,0,20,213,0,0,0.0,0,
state,SE,Acucar,flow,Apr (1),0,0,0,0,0,0,0.0,0,0.0
state,SE,Acucar,flow,Apr (2),0,0,0,0,0,0,0.0,0,0.0
state,SE,Acucar,flow,May (1),0,0,0,0,0,0,0.0,0,0.0
state,SE,Acucar,flow,May (2),0,0,0,0,0,0,0.0,0,0.0
state,SE,Acucar,flow,Jun (1),0,0,0,0,0,0,0.0,0,0.0
state,SE,Acucar,flow,Jun (2),0,0,0,0,0,0,0.0,0,0.0
state,SE,Acucar,flow,Jul (1),0,0,0,0,0,0,0.0,0,0.0
state,SE,Acucar,flow,Jul (2),0,0,0,0,0,0,0.0,0,0.0
state,SE,Acucar,flow,Aug (1),0,0,0,0,0,0,0.0,0,
state,SE,Acucar,flow,Aug (2),0,0,0,0,0,0,0.0,0,
state,SE,Acucar,flow,Sep (1),0,0,0,0,0,703,17.0,0,
state,SE,Acucar,flow,Sep (2),6608,2686,834,3638,5986,8810,9208.0,1476,
state,SE,Acucar,flow,Oct (1),8794,6988,9840,8235,11607,12137,11617.0,5636,
state,SE,Acucar,flow,Oct (2),9713,8844,10423,8766,10540,12611,13871.0,7896,
state,SE,Acucar,flow,Nov (1),11361,8524,10741,11256,10130,12145,12298.0,8741,
state,SE,Acucar,flow,Nov (2),9667,9054,11222,10550,10161,12199,13222.0,7970,
state,SE,Acucar,flow,Dec (1),9809,9464,12220,9959,4934,12097,13595.0,9146,
state,SE,Acucar,flow,Dec (2),10356,10010,12772,7697,9824,10297,12239.0,9833,
state,SE,Acucar,flow,Jan (1),8970,8381,12540,9591,8519,8046,7883.0,7927,
state,SE,Acucar,flow,Jan (2),10641,10045,12077,9834,10866,10146,10011.0,9082,
state,SE,Acucar,flow,Feb (1),8236,7649,10630,9647,8619,9049,6665.0,7309,
state,SE,Acucar,flow,Feb (2),5135,507,9168,7529,6532,4414,2574.0,6875,
state,SE,Acucar,flow,Mar (1),0,0,5118,659,8801,4721,0.0,5946,
state,SE,Acucar,flow,Mar (2),0,4,0,22,5717,1144,563.0,953,
state,SE,Anidro Entradas,flow,Apr (1),0,0,0,0,0,0,0.0,0,0.0
state,SE,Anidro Entradas,flow,Apr (2),0,0,0,0,0,0,0.0,0,0.0
state,SE,Anidro Entradas,flow,May (1),0,0,0,0,0,0,0.0,0,0.0
state,SE,Anidro Entradas,flow,May (2),0,0,0,0,0,0,0.0,0,0.0
state,SE,Anidro Entradas,flow,Jun (1),0,0,0,0,0,0,0.0,0,0.0
state,SE,Anidro Entradas,flow,Jun (2),0,0,0,0,0,0,0.0,0,0.0
state,SE,Anidro Entradas,flow,Jul (1),0,0,0,0,0,0,0.0,0,0.0
state,SE,Anidro Entradas,flow,Jul (2),0,0,0,0,0,0,0.0,0,0.0
state,SE,Anidro Entradas,flow,Aug (1),0,0,0,0,0,0,0.0,0,
state,SE,Anidro Entradas,flow,Aug (2),0,0,0,0,0,0,0.0,0,
state,SE,Anidro Entradas,flow,Sep (1),0,0,0,0,0,0,0.0,0,
state,SE,Anidro Entradas,flow,Sep (2),0,0,0,0,0,0,0.0,0,
state,SE,Anidro Entradas,flow,Oct (1),0,0,0,0,0,0,0.0,0,
state,SE,Anidro Entradas,flow,Oct (2),0,0,0,0,0,0,0.0,0,
state,SE,Anidro Entradas,flow,Nov (1),0,0,0,0,0,0,0.0,0,
state,SE,Anidro Entradas,flow,Nov (2),0,0,0,0,0,0,0.0,0,
state,SE,Anidro Entradas,flow,Dec (1),0,0,0,0,0,0,0.0,0,
state,SE,Anidro Entradas,flow,Dec (2),0,0,0,0,0,0,0.0,0,
state,SE,Anidro Entradas,flow,Jan (1),0,0,0,0,0,0,0.0,0,
state,SE,Anidro Entradas,flow,Jan (2),0,0,0,0,0,0,0.0,0,
state,SE,Anidro Entradas,flow,Feb (1),0,0,0,0,0,0,0.0,0,
state,SE,Anidro Entradas,flow,Feb (2),0,0,0,0,0,0,0.0,0,
state,SE,Anidro Entradas,flow,Mar (1),0,0,0,0,0,0,0.0,0,
state,SE,Anidro Entradas,flow,Mar (2),0,36,6,9,30,0,2006.0,2000,
state,SE,Anidro Estoque E.Disp,stock,Apr (1),0,0,0,0,0,0,0.0,0,0.0
state,SE,Anidro Estoque E.Disp,stock,Apr (2),0,0,0,0,0,0,0.0,0,0.0
state,SE,Anidro Estoque E.Disp,stock,May (1),0,0,0,0,0,0,0.0,0,0.0
state,SE,Anidro Estoque E.Disp,stock,May (2),0,0,0,0,0,0,0.0,0,0.0
state,SE,Anidro Estoque E.Disp,stock,Jun (1),0,0,0,0,0,0,0.0,0,0.0
state,SE,Anidro Estoque E.Disp,stock,Jun (2),0,0,0,0,0,0,0.0,0,0.0
state,SE,Anidro Estoque E.Disp,stock,Jul (1),0,0,0,0,0,0,0.0,0,0.0
state,SE,Anidro Estoque E.Disp,stock,Jul (2),0,0,0,0,0,0,0.0,0,0.0
state,SE,Anidro Estoque E.Disp,stock,Aug (1),0,0,0,0,0,0,0.0,0,
state,SE,Anidro Estoque E.Disp,stock,Aug (2),0,0,0,0,0,0,0.0,0,
state,SE,Anidro Estoque E.Disp,stock,Sep (1),0,0,0,0,0,0,0.0,0,
state,SE,Anidro Estoque E.Disp,stock,Sep (2),502,0,0,0,158,186,0.0,0,
state,SE,Anidro Estoque E.Disp,stock,Oct (1),827,181,312,1114,1265,1304,86.0,174,
state,SE,Anidro Estoque E.Disp,stock,Oct (2),1284,1246,1764,1490,1763,942,1385.0,620,
state,SE,Anidro Estoque E.Disp,stock,Nov (1),3172,1559,2234,2166,2282,1153,1945.0,1062,
state,SE,Anidro Estoque E.Disp,stock,Nov (2),4739,2726,2675,2709,3046,1592,2879.0,536,
state,SE,Anidro Estoque E.Disp,stock,Dec (1),3380,3907,3277,3682,2586,1580,3957.0,625,
state,SE,Anidro Estoque E.Disp,stock,Dec (2),1799,3355,3600,3121,2178,1901,3764.0,1631,
state,SE,Anidro Estoque E.Disp,stock,Jan (1),2327,3019,4297,4141,3137,2115,3929.0,874,
state,SE,Anidro Estoque E.Disp,stock,Jan (2),4018,3939,5700,4426,3419,3211,4431.0,2210,
state,SE,Anidro Estoque E.Disp,stock,Feb (1),4197,4789,4917,4095,4345,4103,4028.0,2453,
state,SE,Anidro Estoque E.Disp,stock,Feb (2),4483,3509,4708,4335,3928,4471,3815.0,3176,
state,SE,Anidro Estoque E.Disp,stock,Mar (1),3850,3161,4655,3541,4448,4641,2628.0,3636,
state,SE,Anidro Estoque E.Disp,stock,Mar (2),0,2,0,0,0,0,0.0,0,
state,SE,Anidro Estoque E.Fisico,stock,Apr (1),0,0,0,0,0,0,0.0,0,0.0
state,SE,Anidro Estoque E.Fisico,stock,Apr (2),0,0,0,0,0,0,0.0,0,0.0
state,SE,Anidro Estoque E.Fisico,stock,May (1),0,0,0,0,0,0,0.0,0,0.0
state,SE,Anidro Estoque E.Fisico,stock,May (2),0,0,0,0,0,0,0.0,0,0.0
state,SE,Anidro Estoque E.Fisico,stock,Jun (1),0,0,0,0,0,0,0.0,0,0.0
state,SE,Anidro Estoque E.Fisico,stock,Jun (2),0,0,0,0,0,0,0.0,0,0.0
state,SE,Anidro Estoque E.Fisico,stock,Jul (1),0,0,0,0,0,0,0.0,0,0.0
state,SE,Anidro Estoque E.Fisico,stock,Jul (2),0,0,0,0,0,0,0.0,0,0.0
state,SE,Anidro Estoque E.Fisico,stock,Aug (1),0,0,0,0,0,0,0.0,0,
state,SE,Anidro Estoque E.Fisico,stock,Aug (2),0,0,0,0,0,0,0.0,0,
state,SE,Anidro Estoque E.Fisico,stock,Sep (1),0,0,0,0,0,0,0.0,0,
state,SE,Anidro Estoque E.Fisico,stock,Sep (2),502,0,0,0,158,186,0.0,0,
state,SE,Anidro Estoque E.Fisico,stock,Oct (1),827,181,312,1114,1265,1304,86.0,174,
state,SE,Anidro Estoque E.Fisico,stock,Oct (2),1284,1246,1764,1490,1763,942,1385.0,620,
state,SE,Anidro Estoque E.Fisico,stock,Nov (1),3172,1559,2234,2166,2282,1153,1945.0,1062,
state,SE,Anidro Estoque E.Fisico,stock,Nov (2),4739,2726,2675,2709,3046,1592,2879.0,536,
state,SE,Anidro Estoque E.Fisico,stock,Dec (1),3380,3907,3277,3682,2586,1580,3957.0,625,
state,SE,Anidro Estoque E.Fisico,stock,Dec (2),1799,3355,3600,3121,2178,1901,3764.0,1631,
state,SE,Anidro Estoque E.Fisico,stock,Jan (1),2327,3019,4297,4141,3137,2115,3929.0,874,
state,SE,Anidro Estoque E.Fisico,stock,Jan (2),4018,3939,5700,4426,3419,3211,4431.0,2210,
state,SE,Anidro Estoque E.Fisico,stock,Feb (1),4197,4789,4917,4095,4345,4103,4028.0,2453,
state,SE,Anidro Estoque E.Fisico,stock,Feb (2),4483,3509,4708,4335,3928,4471,3815.0,3176,
state,SE,Anidro Estoque E.Fisico,stock,Mar (1),3850,3161,4655,3541,4448,4641,2628.0,3636,
state,SE,Anidro Estoque E.Fisico,stock,Mar (2),0,2,0,0,0,0,0.0,0,
state,SE,Anidro Producao,flow,Apr (1),0,0,0,0,0,0,0.0,0,0.0
state,SE,Anidro Producao,flow,Apr (2),0,0,0,0,0,0,0.0,0,0.0
state,SE,Anidro Producao,flow,May (1),0,0,0,0,0,0,0.0,0,0.0
state,SE,Anidro Producao,flow,May (2),0,0,0,0,0,0,0.0,0,0.0
state,SE,Anidro Producao,flow,Jun (1),0,0,0,0,0,0,0.0,0,0.0
state,SE,Anidro Producao,flow,Jun (2),0,0,0,0,0,0,0.0,0,0.0
state,SE,Anidro Producao,flow,Jul (1),0,0,0,0,0,0,0.0,0,0.0
state,SE,Anidro Producao,flow,Jul (2),0,0,0,0,0,0,0.0,0,0.0
state,SE,Anidro Producao,flow,Aug (1),0,0,0,0,0,0,0.0,0,
state,SE,Anidro Producao,flow,Aug (2),0,0,0,0,0,0,0.0,0,
state,SE,Anidro Producao,flow,Sep (1),0,0,0,0,0,0,0.0,0,
state,SE,Anidro Producao,flow,Sep (2),502,0,0,0,158,186,0.0,0,
state,SE,Anidro Producao,flow,Oct (1),1266,1111,1102,1427,1847,1667,1151.0,719,
state,SE,Anidro Producao,flow,Oct (2),1385,2058,3338,1886,1321,1392,1788.0,1690,
state,SE,Anidro Producao,flow,Nov (1),3034,1699,2495,2060,1658,1477,1656.0,1740,
state,SE,Anidro Producao,flow,Nov (2),3890,3816,1676,2071,1494,1686,1638.0,1159,
state,SE,Anidro Producao,flow,Dec (1),1553,4126,2695,2671,641,1885,1785.0,2009,
state,SE,Anidro Producao,flow,Dec (2),1704,3070,2523,2491,1759,1813,1702.0,1693,
state,SE,Anidro Producao,flow,Jan (1),1612,1366,2594,2485,1533,1414,1134.0,994,
state,SE,Anidro Producao,flow,Jan (2),1831,3040,2667,1603,1759,1791,1788.0,1952,
state,SE,Anidro Producao,flow,Feb (1),1597,1708,910,1511,1618,1659,610.0,1676,
state,SE,Anidro Producao,flow,Feb (2),725,3,670,942,1227,1192,788.0,1568,
state,SE,Anidro Producao,flow,Mar (1),0,0,449,0,1667,845,0.0,1668,
state,SE,Anidro Producao,flow,Mar (2),0,0,0,0,1672,0,0.0,173,
state,SE,Anidro Saidas Distrib,flow,Apr (1),0,0,0,0,0,0,0.0,0,0.0
state,SE,Anidro Saidas Distrib,flow,Apr (2),0,0,0,0,0,0,0.0,0,0.0
state,SE,Anidro Saidas Distrib,flow,May (1),0,0,0,0,0,0,0.0,0,0.0
state,SE,Anidro Saidas Distrib,flow,May (2),0,0,0,0,0,0,0.0,0,0.0
state,SE,Anidro Saidas Distrib,flow,Jun (1),0,0,0,0,0,0,0.0,0,0.0
state,SE,Anidro Saidas Distrib,flow,Jun (2),0,0,0,0,0,0,0.0,0,0.0
state,SE,Anidro Saidas Distrib,flow,Jul (1),0,0,0,0,0,0,0.0,0,0.0
state,SE,Anidro Saidas Distrib,flow,Jul (2),0,0,0,0,0,0,0.0,0,0.0
state,SE,Anidro Saidas Distrib,flow,Aug (1),0,0,0,0,0,0,0.0,0,
state,SE,Anidro Saidas Distrib,flow,Aug (2),0,0,0,0,0,0,0.0,0,
state,SE,Anidro Saidas Distrib,flow,Sep (1),0,0,0,0,0,0,0.0,0,
state,SE,Anidro Saidas Distrib,flow,Sep (2),0,0,0,0,0,0,0.0,0,
state,SE,Anidro Saidas Distrib,flow,Oct (1),941,930,790,313,739,549,1065.0,545,
state,SE,Anidro Saidas Distrib,flow,Oct (2),927,992,1886,1509,823,1753,488.0,1243,
state,SE,Anidro Saidas Distrib,flow,Nov (1),1146,1386,2025,1384,1139,1265,1095.0,1298,
state,SE,Anidro Saidas Distrib,flow,Nov (2),2321,2648,1234,1527,728,1246,704.0,1685,
state,SE,Anidro Saidas Distrib,flow,Dec (1),2909,2945,2092,1696,1101,1896,706.0,1919,
state,SE,Anidro Saidas Distrib,flow,Dec (2),3264,3620,2199,3046,2166,1492,1894.0,686,
state,SE,Anidro Saidas Distrib,flow,Jan (1),1083,1701,1896,1464,574,1200,968.0,1751,
state,SE,Anidro Saidas Distrib,flow,Jan (2),139,2119,1264,1308,1475,694,1285.0,615,
state,SE,Anidro Saidas Distrib,flow,Feb (1),1418,858,1691,1841,691,766,1012.0,1433,
state,SE,Anidro Saidas Distrib,flow,Feb (2),438,1281,879,701,1644,823,1001.0,844,
state,SE,Anidro Saidas Distrib,flow,Mar (1),631,347,487,792,1145,674,1186.0,1207,
state,SE,Anidro Saidas Distrib,flow,Mar (2),3074,5073,5235,3213,9607,4835,2737.0,2812,
state,SE,Anidro Saidas M.Ext,flow,Apr (1),0,0,0,0,0,0,0.0,0,0.0
state,SE,Anidro Saidas M.Ext,flow,Apr (2),0,0,0,0,0,0,0.0,0,0.0
state,SE,Anidro Saidas M.Ext,flow,May (1),0,0,0,0,0,0,0.0,0,0.0
state,SE,Anidro Saidas M.Ext,flow,May (2),0,0,0,0,0,0,0.0,0,0.0
state,SE,Anidro Saidas M.Ext,flow,Jun (1),0,0,0,0,0,0,0.0,0,0.0
state,SE,Anidro Saidas M.Ext,flow,Jun (2),0,0,0,0,0,0,0.0,0,0.0
state,SE,Anidro Saidas M.Ext,flow,Jul (1),0,0,0,0,0,0,0.0,0,0.0
state,SE,Anidro Saidas M.Ext,flow,Jul (2),0,0,0,0,0,0,0.0,0,0.0
state,SE,Anidro Saidas M.Ext,flow,Aug (1),0,0,0,0,0,0,0.0,0,
state,SE,Anidro Saidas M.Ext,flow,Aug (2),0,0,0,0,0,0,0.0,0,
state,SE,Anidro Saidas M.Ext,flow,Sep (1),0,0,0,0,0,0,0.0,0,
state,SE,Anidro Saidas M.Ext,flow,Sep (2),0,0,0,0,0,0,0.0,0,
state,SE,Anidro Saidas M.Ext,flow,Oct (1),0,0,0,0,0,0,0.0,0,
state,SE,Anidro Saidas M.Ext,flow,Oct (2),0,0,0,0,0,0,0.0,0,
state,SE,Anidro Saidas M.Ext,flow,Nov (1),0,0,0,0,0,0,0.0,0,
state,SE,Anidro Saidas M.Ext,flow,Nov (2),0,0,0,0,0,0,0.0,0,
state,SE,Anidro Saidas M.Ext,flow,Dec (1),0,0,0,0,0,0,0.0,0,
state,SE,Anidro Saidas M.Ext,flow,Dec (2),0,0,0,0,0,0,0.0,0,
state,SE,Anidro Saidas M.Ext,flow,Jan (1),0,0,0,0,0,0,0.0,0,
state,SE,Anidro Saidas M.Ext,flow,Jan (2),0,0,0,0,0,0,0.0,0,
state,SE,Anidro Saidas M.Ext,flow,Feb (1),0,0,0,0,0,0,0.0,0,
state,SE,Anidro Saidas M.Ext,flow,Feb (2),0,0,0,0,0,0,0.0,0,
state,SE,Anidro Saidas M.Ext,flow,Mar (1),0,0,0,0,0,0,0.0,0,
state,SE,Anidro Saidas M.Ext,flow,Mar (2),0,0,0,0,0,0,0.0,0,
state,SE,Anidro Saidas Outras,flow,Apr (1),0,0,0,0,0,0,0.0,0,0.0
state,SE,Anidro Saidas Outras,flow,Apr (2),0,0,0,0,0,0,0.0,0,0.0
state,SE,Anidro Saidas Outras,flow,May (1),0,0,0,0,0,0,0.0,0,0.0
state,SE,Anidro Saidas Outras,flow,May (2),0,0,0,0,0,0,0.0,0,0.0
state,SE,Anidro Saidas Outras,flow,Jun (1),0,0,0,0,0,0,0.0,0,0.0
state,SE,Anidro Saidas Outras,flow,Jun (2),0,0,0,0,0,0,0.0,0,0.0
state,SE,Anidro Saidas Outras,flow,Jul (1),0,0,0,0,0,0,0.0,0,0.0
state,SE,Anidro Saidas Outras,flow,Jul (2),0,0,0,0,0,0,0.0,0,0.0
state,SE,Anidro Saidas Outras,flow,Aug (1),0,0,0,0,0,0,0.0,0,
state,SE,Anidro Saidas Outras,flow,Aug (2),0,0,0,0,0,0,0.0,0,
state,SE,Anidro Saidas Outras,flow,Sep (1),0,0,0,0,0,0,0.0,0,
state,SE,Anidro Saidas Outras,flow,Sep (2),0,0,0,0,0,0,0.0,0,
state,SE,Anidro Saidas Outras,flow,Oct (1),0,0,0,0,1,0,0.0,0,
state,SE,Anidro Saidas Outras,flow,Oct (2),1,1,0,1,0,1,1.0,1,
state,SE,Anidro Saidas Outras,flow,Nov (1),0,0,0,0,0,1,1.0,0,
state,SE,Anidro Saidas Outras,flow,Nov (2),2,1,1,1,2,1,0.0,0,
state,SE,Anidro Saidas Outras,flow,Dec (1),3,0,1,2,0,1,1.0,1,
state,SE,Anidro Saidas Outras,flow,Dec (2),21,2,1,6,1,0,1.0,1,
state,SE,Anidro Saidas Outras,flow,Jan (1),1,1,1,1,0,0,1.0,0,
state,SE,Anidro Saidas Outras,flow,Jan (2),1,1,0,10,2,1,1.0,1,
state,SE,Anidro Saidas Outras,flow,Feb (1),0,0,2,1,1,1,1.0,0,
state,SE,Anidro Saidas Outras,flow,Feb (2),1,2,0,1,0,1,0.0,1,
state,SE,Anidro Saidas Outras,flow,Mar (1),2,1,15,2,2,1,1.0,1,
state,SE,Anidro Saidas Outras,flow,Mar (2),776,168,1622,337,6,2188,3441.0,2997,
state,SE,Cana,flow,Apr (1),0,0,0,0,0,0,0.0,0,0.0
state,SE,Cana,flow,Apr (2),0,0,0,0,0,0,0.0,0,0.0
state,SE,Cana,flow,May (1),0,0,0,0,0,0,0.0,0,0.0
state,SE,Cana,flow,May (2),0,0,0,0,0,0,0.0,0,0.0
state,SE,Cana,flow,Jun (1),0,0,0,0,0,0,0.0,0,0.0
state,SE,Cana,flow,Jun (2),0,0,0,0,0,0,0.0,0,0.0
state,SE,Cana,flow,Jul (1),0,0,0,0,0,0,0.0,0,0.0
state,SE,Cana,flow,Jul (2),0,0,0,0,0,0,0.0,0,0.0
state,SE,Cana,flow,Aug (1),0,0,0,0,0,0,0.0,0,
state,SE,Cana,flow,Aug (2),0,0,0,0,0,0,0.0,0,
state,SE,Cana,flow,Sep (1),0,3115,0,1665,0,32068,50374.0,0,
state,SE,Cana,flow,Sep (2),123159,86681,49315,21483,114390,208590,201824.0,48256,
state,SE,Cana,flow,Oct (1),158535,181367,180592,263669,187630,216552,225676.0,142770,
state,SE,Cana,flow,Oct (2),239723,223818,226629,250918,176472,232322,254191.0,190126,
state,SE,Cana,flow,Nov (1),217318,218463,212698,253612,190682,225627,229651.0,189400,
state,SE,Cana,flow,Nov (2),209230,215681,215632,233594,181180,233667,231473.0,177951,
state,SE,Cana,flow,Dec (1),217324,210550,225074,229294,142294,233184,211769.0,185706,
state,SE,Cana,flow,Dec (2),212702,224546,222792,201073,205801,215477,186675.0,184665,
state,SE,Cana,flow,Jan (1),199482,204386,202904,215073,191580,181119,120160.0,164962,
state,SE,Cana,flow,Jan (2),173203,210475,229531,207031,226207,228995,171905.0,188595,
state,SE,Cana,flow,Feb (1),98010,140218,191865,173245,199431,184513,129424.0,153662,
state,SE,Cana,flow,Feb (2),47570,17951,139390,122980,147534,135360,30498.0,147194,
state,SE,Cana,flow,Mar (1),0,3700,115293,21897,179611,107889,5931.0,137003,
state,SE,Cana,flow,Mar (2),0,6400,31841,0,321041,30075,0.0,109450,
state,SE,Etanol Total,flow,Apr (1),0,0,0,0,0,0,0.0,0,0.0
state,SE,Etanol Total,flow,Apr (2),0,0,0,0,0,0,0.0,0,0.0
state,SE,Etanol Total,flow,May (1),0,0,0,0,0,0,0.0,0,0.0
state,SE,Etanol Total,flow,May (2),0,0,0,0,0,0,0.0,0,0.0
state,SE,Etanol Total,flow,Jun (1),0,0,0,0,0,0,0.0,0,0.0
state,SE,Etanol Total,flow,Jun (2),0,0,0,0,0,0,0.0,0,0.0
state,SE,Etanol Total,flow,Jul (1),0,0,0,0,0,0,0.0,0,0.0
state,SE,Etanol Total,flow,Jul (2),0,0,0,0,0,0,0.0,0,0.0
state,SE,Etanol Total,flow,Aug (1),0,0,0,0,0,0,0.0,0,
state,SE,Etanol Total,flow,Aug (2),0,0,0,0,0,0,0.0,0,
state,SE,Etanol Total,flow,Sep (1),0,154,0,32,0,171,2368.0,0,
state,SE,Etanol Total,flow,Sep (2),3294,3339,2226,1678,3029,5066,8109.0,917,
state,SE,Etanol Total,flow,Oct (1),7661,9003,6702,9493,6904,11472,10607.0,6750,
state,SE,Etanol Total,flow,Oct (2),12584,12096,11555,13120,6751,9563,12178.0,8914,
state,SE,Etanol Total,flow,Nov (1),12699,12535,9612,11558,7071,9935,11608.0,9055,
state,SE,Etanol Total,flow,Nov (2),12380,12476,10819,11474,6908,11752,11665.0,9356,
state,SE,Etanol Total,flow,Dec (1),13312,12592,10504,10355,6947,11710,10712.0,9314,
state,SE,Etanol Total,flow,Dec (2),12866,13922,10644,9516,9690,11204,8665.0,9537,
state,SE,Etanol Total,flow,Jan (1),11916,13179,9265,9871,6686,9446,5514.0,8898,
state,SE,Etanol Total,flow,Jan (2),9065,12618,11532,8740,7927,11524,7601.0,9998,
state,SE,Etanol Total,flow,Feb (1),3604,6698,9127,6601,7848,7875,5410.0,8656,
state,SE,Etanol Total,flow,Feb (2),1521,1808,5972,5104,5933,5539,1001.0,7171,
state,SE,Etanol Total,flow,Mar (1),0,254,7037,1542,7046,4178,456.0,6220,
state,SE,Etanol Total,flow,Mar (2),0,535,2751,0,16031,1803,0.0,2779,
state,SE,Hidratado Entradas,flow,Apr (1),0,0,1,0,0,0,0.0,0,0.0
state,SE,Hidratado Entradas,flow,Apr (2),0,0,0,0,0,0,0.0,0,0.0
state,SE,Hidratado Entradas,flow,May (1),0,0,0,0,0,0,0.0,0,0.0
state,SE,Hidratado Entradas,flow,May (2),0,514,0,0,0,0,0.0,0,0.0
state,SE,Hidratado Entradas,flow,Jun (1),0,-514,0,0,0,0,0.0,0,0.0
state,SE,Hidratado Entradas,flow,Jun (2),0,0,0,0,0,0,0.0,0,0.0
state,SE,Hidratado Entradas,flow,Jul (1),0,0,0,0,0,0,0.0,0,0.0
state,SE,Hidratado Entradas,flow,Jul (2),0,0,0,0,0,0,0.0,0,0.0
state,SE,Hidratado Entradas,flow,Aug (1),0,0,0,0,0,0,0.0,0,
state,SE,Hidratado Entradas,flow,Aug (2),0,0,0,0,0,0,0.0,0,
state,SE,Hidratado Entradas,flow,Sep (1),770,514,0,650,141,1354,136.0,61,
state,SE,Hidratado Entradas,flow,Sep (2),0,0,0,0,0,0,0.0,0,
state,SE,Hidratado Entradas,flow,Oct (1),0,43,0,0,0,0,0.0,0,
state,SE,Hidratado Entradas,flow,Oct (2),0,122,0,0,0,0,0.0,88,
state,SE,Hidratado Entradas,flow,Nov (1),0,0,0,56,0,0,0.0,0,
state,SE,Hidratado Entradas,flow,Nov (2),0,0,0,0,0,0,0.0,0,
state,SE,Hidratado Entradas,flow,Dec (1),0,0,0,0,0,0,0.0,0,
state,SE,Hidratado Entradas,flow,Dec (2),0,0,0,0,0,0,0.0,0,
state,SE,Hidratado Entradas,flow,Jan (1),0,0,0,0,0,0,0.0,0,
state,SE,Hidratado Entradas,flow,Jan (2),0,46,0,0,0,0,127.0,0,
state,SE,Hidratado Entradas,flow,Feb (1),0,0,0,0,0,0,0.0,0,
state,SE,Hidratado Entradas,flow,Feb (2),0,0,0,0,0,0,0.0,594,
state,SE,Hidratado Entradas,flow,Mar (1),0,0,0,0,0,0,0.0,0,
state,SE,Hidratado Entradas,flow,Mar (2),831,55,1692,298,6,2282,8.0,1042,
state,SE,Hidratado Estoque E.Disp,stock,Apr (1),0,0,0,0,0,0,0.0,0,0.0
state,SE,Hidratado Estoque E.Disp,stock,Apr (2),0,0,0,0,0,0,0.0,0,0.0
state,SE,Hidratado Estoque E.Disp,stock,May (1),0,0,0,0,0,0,0.0,0,0.0
state,SE,Hidratado Estoque E.Disp,stock,May (2),0,0,0,0,0,0,0.0,0,0.0
state,SE,Hidratado Estoque E.Disp,stock,Jun (1),0,0,0,0,0,0,0.0,0,0.0
state,SE,Hidratado Estoque E.Disp,stock,Jun (2),0,0,0,0,0,0,0.0,0,0.0
state,SE,Hidratado Estoque E.Disp,stock,Jul (1),0,0,0,0,0,0,0.0,0,0.0
state,SE,Hidratado Estoque E.Disp,stock,Jul (2),0,0,0,0,0,0,0.0,0,0.0
state,SE,Hidratado Estoque E.Disp,stock,Aug (1),0,0,0,0,0,0,0.0,0,
state,SE,Hidratado Estoque E.Disp,stock,Aug (2),0,0,0,0,0,0,0.0,0,
state,SE,Hidratado Estoque E.Disp,stock,Sep (1),740,641,0,676,0,1349,1118.0,0,
state,SE,Hidratado Estoque E.Disp,stock,Sep (2),1293,2393,1491,1654,2019,3470,4962.0,323,
state,SE,Hidratado Estoque E.Disp,stock,Oct (1),1120,3083,2053,3334,4744,6263,9431.0,2369,
state,SE,Hidratado Estoque E.Disp,stock,Oct (2),3108,3517,1515,6661,2853,7865,9751.0,3156,
state,SE,Hidratado Estoque E.Disp,stock,Nov (1),4840,5341,1410,6168,2078,9950,8789.0,3540,
state,SE,Hidratado Estoque E.Disp,stock,Nov (2),3641,4495,1796,5167,1189,9801,6664.0,3778,
state,SE,Hidratado Estoque E.Disp,stock,Dec (1),5571,3070,1015,4101,1731,7708,2720.0,1024,
state,SE,Hidratado Estoque E.Disp,stock,Dec (2),6919,1435,1808,4479,1901,3298,1254.0,688,
state,SE,Hidratado Estoque E.Disp,stock,Jan (1),4480,3263,2034,4133,2348,1565,1278.0,1043,
state,SE,Hidratado Estoque E.Disp,stock,Jan (2),4891,2803,3687,6023,4341,2165,1511.0,3306,
state,SE,Hidratado Estoque E.Disp,stock,Feb (1),2766,2897,3874,6343,6113,1165,3394.0,2878,
state,SE,Hidratado Estoque E.Disp,stock,Feb (2),2714,2454,4355,7113,7220,368,2287.0,4309,
state,SE,Hidratado Estoque E.Disp,stock,Mar (1),1956,1198,4034,4844,9082,1039,932.0,3925,
state,SE,Hidratado Estoque E.Disp,stock,Mar (2),513,2,655,141,1354,139,61.0,74,
state,SE,Hidratado Estoque E.Fisico,stock,Apr (1),0,0,1,0,0,0,0.0,0,0.0
state,SE,Hidratado Estoque E.Fisico,stock,Apr (2),0,0,1,0,0,0,0.0,0,0.0
state,SE,Hidratado Estoque E.Fisico,stock,May (1),0,0,1,0,0,0,0.0,0,0.0
state,SE,Hidratado Estoque E.Fisico,stock,May (2),0,514,1,0,0,0,0.0,0,0.0
state,SE,Hidratado Estoque E.Fisico,stock,Jun (1),0,0,1,0,0,0,0.0,0,0.0
state,SE,Hidratado Estoque E.Fisico,stock,Jun (2),0,0,1,0,0,0,0.0,0,0.0
state,SE,Hidratado Estoque E.Fisico,stock,Jul (1),0,0,1,0,0,0,0.0,0,0.0
state,SE,Hidratado Estoque E.Fisico,stock,Jul (2),0,0,1,0,0,0,0.0,0,0.0
state,SE,Hidratado Estoque E.Fisico,stock,Aug (1),0,0,1,0,0,0,0.0,0,
state,SE,Hidratado Estoque E.Fisico,stock,Aug (2),0,0,1,0,0,0,0.0,0,
state,SE,Hidratado Estoque E.Fisico,stock,Sep (1),764,668,1,676,141,1469,1119.0,61,
state,SE,Hidratado Estoque E.Fisico,stock,Sep (2),1294,2393,1491,1654,2019,3678,4957.0,323,
state,SE,Hidratado Estoque E.Fisico,stock,Oct (1),1121,3083,2053,5438,4744,6263,9432.0,2370,
state,SE,Hidratado Estoque E.Fisico,stock,Oct (2),3109,3517,1515,6661,2853,7865,9751.0,3157,
state,SE,Hidratado Estoque E.Fisico,stock,Nov (1),4841,5341,1410,6168,2078,9950,8789.0,3541,
state,SE,Hidratado Estoque E.Fisico,stock,Nov (2),3642,4495,1796,5167,1189,9801,6664.0,3779,
state,SE,Hidratado Estoque E.Fisico,stock,Dec (1),5572,3070,1015,4101,1731,7708,2720.0,1025,
state,SE,Hidratado Estoque E.Fisico,stock,Dec (2),6920,1435,1808,4479,1901,3298,1254.0,689,
state,SE,Hidratado Estoque E.Fisico,stock,Jan (1),4481,3263,2034,4133,2348,1565,1278.0,1044,
state,SE,Hidratado Estoque E.Fisico,stock,Jan (2),4892,2803,3687,6023,4341,2165,1511.0,3307,
state,SE,Hidratado Estoque E.Fisico,stock,Feb (1),2767,2897,3874,6343,6022,1165,3324.0,2879,
state,SE,Hidratado Estoque E.Fisico,stock,Feb (2),2715,2454,4355,7113,7220,368,2217.0,4310,
state,SE,Hidratado Estoque E.Fisico,stock,Mar (1),1957,1198,4034,4844,9082,1039,932.0,3926,
state,SE,Hidratado Estoque E.Fisico,stock,Mar (2),514,2,655,141,1354,139,61.0,75,
state,SE,Hidratado Producao,flow,Apr (1),0,0,0,0,0,0,0.0,0,0.0
state,SE,Hidratado Producao,flow,Apr (2),0,0,0,0,0,0,0.0,0,0.0
state,SE,Hidratado Producao,flow,May (1),0,0,0,0,0,0,0.0,0,0.0
state,SE,Hidratado Producao,flow,May (2),0,0,0,0,0,0,0.0,0,0.0
state,SE,Hidratado Producao,flow,Jun (1),0,0,0,0,0,0,0.0,0,0.0
state,SE,Hidratado Producao,flow,Jun (2),0,0,0,0,0,0,0.0,0,0.0
state,SE,Hidratado Producao,flow,Jul (1),0,0,0,0,0,0,0.0,0,0.0
state,SE,Hidratado Producao,flow,Jul (2),0,0,0,0,0,0,0.0,0,0.0
state,SE,Hidratado Producao,flow,Aug (1),0,0,0,0,0,0,0.0,0,
state,SE,Hidratado Producao,flow,Aug (2),0,0,0,0,0,0,0.0,0,
state,SE,Hidratado Producao,flow,Sep (1),0,154,0,32,0,171,2368.0,0,
state,SE,Hidratado Producao,flow,Sep (2),2792,3339,2226,1678,2871,4880,8109.0,917,
state,SE,Hidratado Producao,flow,Oct (1),6395,7892,5600,8066,5057,9805,9456.0,6031,
state,SE,Hidratado Producao,flow,Oct (2),11199,10038,8217,11234,5430,8171,10390.0,7224,
state,SE,Hidratado Producao,flow,Nov (1),9665,10836,7117,9498,5413,8458,9952.0,7315,
state,SE,Hidratado Producao,flow,Nov (2),8490,8660,9143,9403,5414,10066,10027.0,8197,
state,SE,Hidratado Producao,flow,Dec (1),11759,8466,7809,7684,6306,9825,8927.0,7305,
state,SE,Hidratado Producao,flow,Dec (2),11162,10852,8121,7025,7931,9391,6963.0,7844,
state,SE,Hidratado Producao,flow,Jan (1),10304,11813,6671,7386,5153,8032,4380.0,7904,
state,SE,Hidratado Producao,flow,Jan (2),7234,9578,8865,7137,6168,9733,5813.0,8046,
state,SE,Hidratado Producao,flow,Feb (1),2007,4990,8217,5090,6230,6216,4800.0,6980,
state,SE,Hidratado Producao,flow,Feb (2),796,1805,5302,4162,4706,4347,213.0,5603,
state,SE,Hidratado Producao,flow,Mar (1),0,254,6588,1542,5379,3333,456.0,4552,
state,SE,Hidratado Producao,flow,Mar (2),0,535,2751,0,14359,1803,0.0,2606,
state,SE,Hidratado Saidas Distrib,flow,Apr (1),0,0,0,0,0,0,0.0,0,0.0
state,SE,Hidratado Saidas Distrib,flow,Apr (2),0,0,0,0,0,0,0.0,0,0.0
state,SE,Hidratado Saidas Distrib,flow,May (1),0,0,0,0,0,0,0.0,0,0.0
state,SE,Hidratado Saidas Distrib,flow,May (2),0,0,0,0,0,0,0.0,0,0.0
state,SE,Hidratado Saidas Distrib,flow,Jun (1),0,0,0,0,0,0,0.0,0,0.0
state,SE,Hidratado Saidas Distrib,flow,Jun (2),0,0,0,0,0,0,0.0,0,0.0
state,SE,Hidratado Saidas Distrib,flow,Jul (1),0,0,0,0,0,0,0.0,0,0.0
state,SE,Hidratado Saidas Distrib,flow,Jul (2),0,0,0,0,0,0,0.0,0,0.0
state,SE,Hidratado Saidas Distrib,flow,Aug (1),0,0,0,0,0,0,0.0,0,
state,SE,Hidratado Saidas Distrib,flow,Aug (2),0,0,0,0,0,0,0.0,0,
state,SE,Hidratado Saidas Distrib,flow,Sep (1),0,0,0,5,0,49,1378.0,0,
state,SE,Hidratado Saidas Distrib,flow,Sep (2),2243,1593,721,690,935,2654,4245.0,653,
state,SE,Hidratado Saidas Distrib,flow,Oct (1),6503,7143,5019,4128,2245,7193,4957.0,3944,
state,SE,Hidratado Saidas Distrib,flow,Oct (2),9168,9650,8725,9820,7126,6536,10046.0,6453,
state,SE,Hidratado Saidas Distrib,flow,Nov (1),7808,8966,7209,9942,5999,6247,10881.0,6818,
state,SE,Hidratado Saidas Distrib,flow,Nov (2),9651,9434,8602,10238,6152,10161,12124.0,7831,
state,SE,Hidratado Saidas Distrib,flow,Dec (1),9751,9771,8463,8655,5571,11809,12841.0,9868,
state,SE,Hidratado Saidas Distrib,flow,Dec (2),9761,12398,7132,6480,7584,13748,8386.0,7965,
state,SE,Hidratado Saidas Distrib,flow,Jan (1),12665,9893,6337,7508,4567,9634,4282.0,7313,
state,SE,Hidratado Saidas Distrib,flow,Jan (2),6740,10008,7097,5065,4000,9055,5663.0,5714,
state,SE,Hidratado Saidas Distrib,flow,Feb (1),4100,4881,7919,4693,4387,7178,2942.0,7356,
state,SE,Hidratado Saidas Distrib,flow,Feb (2),841,2233,4786,3324,3375,5116,1313.0,4712,
state,SE,Hidratado Saidas Distrib,flow,Mar (1),727,1462,6706,3749,3371,2643,1734.0,4889,
state,SE,Hidratado Saidas Distrib,flow,Mar (2),2184,2026,9067,4921,25748,5441,995.0,7457,
state,SE,Hidratado Saidas M.Ext,flow,Apr (1),0,0,0,0,0,0,0.0,0,0.0
state,SE,Hidratado Saidas M.Ext,flow,Apr (2),0,0,0,0,0,0,0.0,0,0.0
state,SE,Hidratado Saidas M.Ext,flow,May (1),0,0,0,0,0,0,0.0,0,0.0
state,SE,Hidratado Saidas M.Ext,flow,May (2),0,0,0,0,0,0,0.0,0,0.0
state,SE,Hidratado Saidas M.Ext,flow,Jun (1),0,0,0,0,0,0,0.0,0,0.0
state,SE,Hidratado Saidas M.Ext,flow,Jun (2),0,0,0,0,0,0,0.0,0,0.0
state,SE,Hidratado Saidas M.Ext,flow,Jul (1),0,0,0,0,0,0,0.0,0,0.0
state,SE,Hidratado Saidas M.Ext,flow,Jul (2),0,0,0,0,0,0,0.0,0,0.0
state,SE,Hidratado Saidas M.Ext,flow,Aug (1),0,0,0,0,0,0,0.0,0,
state,SE,Hidratado Saidas M.Ext,flow,Aug (2),0,0,0,0,0,0,0.0,0,
state,SE,Hidratado Saidas M.Ext,flow,Sep (1),0,0,0,0,0,0,0.0,0,
state,SE,Hidratado Saidas M.Ext,flow,Sep (2),0,0,0,0,0,0,0.0,0,
state,SE,Hidratado Saidas M.Ext,flow,Oct (1),0,0,0,0,0,0,0.0,0,
state,SE,Hidratado Saidas M.Ext,flow,Oct (2),0,0,0,0,0,0,0.0,0,
state,SE,Hidratado Saidas M.Ext,flow,Nov (1),0,0,0,0,0,0,0.0,0,
state,SE,Hidratado Saidas M.Ext,flow,Nov (2),0,0,0,0,0,0,0.0,0,
state,SE,Hidratado Saidas M.Ext,flow,Dec (1),0,0,0,0,0,0,0.0,0,
state,SE,Hidratado Saidas M.Ext,flow,Dec (2),0,0,0,0,0,0,0.0,0,
state,SE,Hidratado Saidas M.Ext,flow,Jan (1),0,0,0,0,0,0,0.0,0,
state,SE,Hidratado Saidas M.Ext,flow,Jan (2),0,0,0,0,0,0,0.0,0,
state,SE,Hidratado Saidas M.Ext,flow,Feb (1),0,0,0,0,0,0,0.0,0,
state,SE,Hidratado Saidas M.Ext,flow,Feb (2),0,0,0,0,0,0,0.0,0,
state,SE,Hidratado Saidas M.Ext,flow,Mar (1),0,0,0,0,0,0,0.0,0,
state,SE,Hidratado Saidas M.Ext,flow,Mar (2),0,0,0,0,22,0,0.0,0,
state,SE,Hidratado Saidas Outras,flow,Apr (1),0,0,0,0,0,0,0.0,0,0.0
state,SE,Hidratado Saidas Outras,flow,Apr (2),0,0,0,0,0,0,0.0,0,0.0
state,SE,Hidratado Saidas Outras,flow,May (1),0,0,0,0,0,0,0.0,0,0.0
state,SE,Hidratado Saidas Outras,flow,May (2),0,0,0,0,0,0,0.0,0,0.0
state,SE,Hidratado Saidas Outras,flow,Jun (1),0,0,0,0,0,0,0.0,0,0.0
state,SE,Hidratado Saidas Outras,flow,Jun (2),0,0,0,0,0,0,0.0,0,0.0
state,SE,Hidratado Saidas Outras,flow,Jul (1),0,0,0,0,0,0,0.0,0,0.0
state,SE,Hidratado Saidas Outras,flow,Jul (2),0,0,0,0,0,0,0.0,0,0.0
state,SE,Hidratado Saidas Outras,flow,Aug (1),0,0,0,0,0,0,0.0,0,
state,SE,Hidratado Saidas Outras,flow,Aug (2),0,0,0,0,0,0,0.0,0,
state,SE,Hidratado Saidas Outras,flow,Sep (1),6,0,0,1,0,7,7.0,0,
state,SE,Hidratado Saidas Outras,flow,Sep (2),19,21,15,10,58,17,26.0,2,
state,SE,Hidratado Saidas Outras,flow,Oct (1),65,102,19,154,87,27,24.0,40,
state,SE,Hidratado Saidas Outras,flow,Oct (2),43,76,30,191,195,33,25.0,72,
state,SE,Hidratado Saidas Outras,flow,Nov (1),125,46,13,105,189,126,33.0,113,
state,SE,Hidratado Saidas Outras,flow,Nov (2),38,72,155,166,151,54,28.0,128,
state,SE,Hidratado Saidas Outras,flow,Dec (1),78,120,127,95,193,109,30.0,191,
state,SE,Hidratado Saidas Outras,flow,Dec (2),53,89,196,167,177,53,43.0,215,
state,SE,Hidratado Saidas Outras,flow,Jan (1),78,92,108,224,139,131,74.0,236,
state,SE,Hidratado Saidas Outras,flow,Jan (2),83,76,115,182,175,78,44.0,69,
state,SE,Hidratado Saidas Outras,flow,Feb (1),32,15,111,77,162,38,45.0,52,
state,SE,Hidratado Saidas Outras,flow,Feb (2),7,15,35,68,133,28,7.0,54,
state,SE,Hidratado Saidas Outras,flow,Mar (1),31,48,203,62,146,19,7.0,47,
state,SE,Hidratado Saidas Outras,flow,Mar (2),90,770,181,80,395,148,106.0,42,
state,SP,Acucar,flow,Apr (1),489616,215457,634338,310673,38631,318848,534668.0,456605,471039.0
state,SP,Acucar,flow,Apr (2),983111,705375,1444098,950686,580254,654277,1287052.0,556464,1204846.0
state,SP,Acucar,flow,May (1),1330667,1140799,1741907,1604077,1027546,1698353,1725460.0,1593826,1458713.0
state,SP,Acucar,flow,May (2),903367,1307675,1756551,1792330,1569016,1908967,1830915.0,1881145,1398477.0
state,SP,Acucar,flow,Jun (1),1431978,1266827,1774737,1333913,1590674,1583055,2076429.0,1514431,1503969.0
state,SP,Acucar,flow,Jun (2),1499415,1384815,1855931,1983617,1645244,1679983,2152726.0,1860495,971058.0
state,SP,Acucar,flow,Jul (1),1564945,1460371,2055502,2115733,1891096,2323789,1956728.0,2185208,2077592.0
state,SP,Acucar,flow,Jul (2),1728267,1775658,2339238,2066757,2354243,2431515,2367443.0,2350573,1881912.0
state,SP,Acucar,flow,Aug (1),1084787,1361970,2170770,2050172,1705924,2294951,1954614.0,2369317,
state,SP,Acucar,flow,Aug (2),1424460,1790223,2084324,1984132,2174822,2347701,2075475.0,2551984,
state,SP,Acucar,flow,Sep (1),1639866,1384928,2160332,1715111,1865350,2087181,1969154.0,2369795,
state,SP,Acucar,flow,Sep (2),816865,1250793,1945362,1628063,1171991,2231682,1819647.0,2010792,
state,SP,Acucar,flow,Oct (1),703010,1369995,1778606,844767,1295096,1491354,1575261.0,1664796,
state,SP,Acucar,flow,Oct (2),605395,1086224,1187545,509594,1500587,1692828,1135997.0,1345271,
state,SP,Acucar,flow,Nov (1),577246,544018,847876,389911,1177759,1511724,530342.0,685731,
state,SP,Acucar,flow,Nov (2),318731,233985,244490,77155,630645,1040755,740904.0,555774,
state,SP,Acucar,flow,Dec (1),267979,20940,45228,9923,140561,714429,187095.0,177098,
state,SP,Acucar,flow,Dec (2),19254,3047,-49,2872,74590,135110,21942.0,30508,
state,SP,Acucar,flow,Jan (1),759077,2192,30,-810,0,53155,5318.0,3387,
state,SP,Acucar,flow,Jan (2),4584,0,0,0,0,14755,-1771.0,200,
state,SP,Acucar,flow,Feb (1),680,0,-30,0,-13,8226,50.0,1626,
state,SP,Acucar,flow,Feb (2),-15962,0,1191,1566,41,4611,1181.0,0,
state,SP,Acucar,flow,Mar (1),5297,21798,3550,35652,6150,34607,5327.0,1009,
state,SP,Acucar,flow,Mar (2),52571,102989,15606,2023,47367,221695,46915.0,60786,
state,SP,Anidro Entradas,flow,Apr (1),762215,585834,810049,536142,584491,462578,678853.0,462867,472777.0
state,SP,Anidro Entradas,flow,Apr (2),72178,80953,96121,39591,53243,45059,49690.0,47031,30826.0
state,SP,Anidro Entradas,flow,May (1),15014,113633,61588,24718,68643,44128,60213.0,62700,32310.0
state,SP,Anidro Entradas,flow,May (2),26049,61494,67477,32223,32163,35361,114219.0,51363,39106.0
state,SP,Anidro Entradas,flow,Jun (1),24924,53406,54296,45273,61845,51642,39522.0,42513,32179.0
state,SP,Anidro Entradas,flow,Jun (2),25783,47150,67320,48896,46837,60493,40073.0,46996,59835.0
state,SP,Anidro Entradas,flow,Jul (1),34194,54820,60550,31772,52884,48161,30956.0,42586,38648.0
state,SP,Anidro Entradas,flow,Jul (2),76889,77971,31857,37584,43451,106474,33474.0,46386,32268.0
state,SP,Anidro Entradas,flow,Aug (1),103656,81618,22691,32266,60590,36480,58468.0,71727,
state,SP,Anidro Entradas,flow,Aug (2),138137,63834,52957,40271,38595,36726,56468.0,31907,
state,SP,Anidro Entradas,flow,Sep (1),92744,35559,27380,58802,53078,45657,32664.0,24963,
state,SP,Anidro Entradas,flow,Sep (2),144221,83322,37280,46197,91959,32669,41562.0,50386,
state,SP,Anidro Entradas,flow,Oct (1),84175,44647,41929,78326,68623,53789,76132.0,51328,
state,SP,Anidro Entradas,flow,Oct (2),62590,46526,77777,93355,72487,69692,70120.0,62323,
state,SP,Anidro Entradas,flow,Nov (1),62163,61548,65467,106897,68375,62450,71101.0,61584,
state,SP,Anidro Entradas,flow,Nov (2),63656,68859,111275,101050,61418,85392,95469.0,58100,
state,SP,Anidro Entradas,flow,Dec (1),83617,108086,70908,112025,77484,58744,70734.0,72214,
state,SP,Anidro Entradas,flow,Dec (2),26628,163096,63364,84782,52915,32879,85381.0,29353,
state,SP,Anidro Entradas,flow,Jan (1),80010,55935,15651,57470,53397,25996,42398.0,42525,
state,SP,Anidro Entradas,flow,Jan (2),105631,116007,64234,41291,71194,75074,30728.0,73348,
state,SP,Anidro Entradas,flow,Feb (1),42677,59413,50906,71875,47236,59093,84697.0,54567,
state,SP,Anidro Entradas,flow,Feb (2),20711,54495,24659,59993,25004,62162,23646.0,58804,
state,SP,Anidro Entradas,flow,Mar (1),34071,106918,71681,39139,31003,72464,34075.0,40856,
state,SP,Anidro Entradas,flow,Mar (2),48487,158439,47990,62756,33519,64919,52425.0,74588,
state,SP,Anidro Estoque E.Disp,stock,Apr (1),426607,329026,683116,287095,273013,334753,492567.0,295424,311893.0
state,SP,Anidro Estoque E.Disp,stock,Apr (2),516477,324797,844132,269288,210139,267326,498654.0,187739,370172.0
state,SP,Anidro Estoque E.Disp,stock,May (1),666199,527741,941330,400709,336515,433625,653387.0,257559,517044.0
state,SP,Anidro Estoque E.Disp,stock,May (2),856174,627060,1111903,564483,478453,657172,856489.0,391556,595900.0
state,SP,Anidro Estoque E.Disp,stock,Jun (1),934141,841338,1202810,706631,653316,793657,1010451.0,500970,677025.0
state,SP,Anidro Estoque E.Disp,stock,Jun (2),1235610,1077339,1352824,972352,774652,942760,1214336.0,665222,717372.0
state,SP,Anidro Estoque E.Disp,stock,Jul (1),1466173,1219173,1464644,1216683,1033495,1150175,1381113.0,833670,941323.0
state,SP,Anidro Estoque E.Disp,stock,Jul (2),1685254,1449638,1548770,1448481,1261061,1340446,1612441.0,1029332,1031854.0
state,SP,Anidro Estoque E.Disp,stock,Aug (1),1856982,1598725,1675560,1646606,1471214,1605334,1771455.0,1236175,
state,SP,Anidro Estoque E.Disp,stock,Aug (2),2018827,1748700,1717560,1919762,1673467,1704601,1919323.0,1454439,
state,SP,Anidro Estoque E.Disp,stock,Sep (1),2229211,1947050,1835001,2119862,1915703,1935598,2075175.0,1602491,
state,SP,Anidro Estoque E.Disp,stock,Sep (2),2345387,2017575,1962430,2299125,1903265,2089792,2228518.0,1740879,
state,SP,Anidro Estoque E.Disp,stock,Oct (1),2406082,2170336,2166365,2379588,2062584,2250371,2304960.0,1860104,
state,SP,Anidro Estoque E.Disp,stock,Oct (2),2403900,2293728,2185552,2411069,2133524,2297096,2360936.0,1929195,
state,SP,Anidro Estoque E.Disp,stock,Nov (1),2366612,2287819,2169915,2390823,2260422,2420498,2249260.0,1954562,
state,SP,Anidro Estoque E.Disp,stock,Nov (2),2281044,2201920,2111370,2246146,2150227,2392167,2174922.0,1933124,
state,SP,Anidro Estoque E.Disp,stock,Dec (1),2093472,2096095,1931103,2133166,2002115,2320887,2051555.0,1807513,
state,SP,Anidro Estoque E.Disp,stock,Dec (2),1923400,1927647,1717920,1923720,1684905,2155673,1820705.0,1612898,
state,SP,Anidro Estoque E.Disp,stock,Jan (1),1689861,1729136,1524150,1708871,1541005,1875487,1561268.0,1420818,
state,SP,Anidro Estoque E.Disp,stock,Jan (2),1510241,1538357,1265767,1478934,1262727,1589812,1314180.0,1176962,
state,SP,Anidro Estoque E.Disp,stock,Feb (1),1251760,1240238,1049049,1224569,1003500,1399409,1087031.0,939230,
state,SP,Anidro Estoque E.Disp,stock,Feb (2),1042797,982870,861851,1032741,841672,1176596,877074.0,782985,
state,SP,Anidro Estoque E.Disp,stock,Mar (1),751713,766575,646970,787845,651326,920283,613010.0,584204,
state,SP,Anidro Estoque E.Disp,stock,Mar (2),393096,581079,392222,500903,387502,607633,331576.0,369105,
state,SP,Anidro Estoque E.Fisico,stock,Apr (1),536584,406473,752868,352456,343780,362600,524057.0,312305,327998.0
state,SP,Anidro Estoque E.Fisico,stock,Apr (2),639362,417496,895348,345560,276607,308516,530827.0,239460,420074.0
state,SP,Anidro Estoque E.Fisico,stock,May (1),785213,611637,1055490,501672,404527,495087,693481.0,320789,574368.0
state,SP,Anidro Estoque E.Fisico,stock,May (2),998433,706618,1182408,671123,538724,695412,895040.0,454851,714504.0
state,SP,Anidro Estoque E.Fisico,stock,Jun (1),1128989,941513,1293003,833054,735778,835465,1096751.0,559782,791401.0
state,SP,Anidro Estoque E.Fisico,stock,Jun (2),1391934,1188632,1430357,1079336,855549,994364,1314137.0,719396,793634.0
state,SP,Anidro Estoque E.Fisico,stock,Jul (1),1649976,1359609,1567184,1343222,1141988,1219070,1504405.0,916021,1023615.0
state,SP,Anidro Estoque E.Fisico,stock,Jul (2),1879807,1586985,1647398,1582346,1376363,1398859,1723649.0,1105855,1135261.0
state,SP,Anidro Estoque E.Fisico,stock,Aug (1),2053523,1736231,1801853,1808183,1582508,1654893,1865234.0,1291494,
state,SP,Anidro Estoque E.Fisico,stock,Aug (2),2219797,1879478,1859431,2085444,1761152,1786451,2011457.0,1504477,
state,SP,Anidro Estoque E.Fisico,stock,Sep (1),2445322,2091065,2001008,2312971,2006120,2005320,2192983.0,1665090,
state,SP,Anidro Estoque E.Fisico,stock,Sep (2),2541466,2156123,2110817,2484388,2013487,2179803,2354723.0,1805032,
state,SP,Anidro Estoque E.Fisico,stock,Oct (1),2593046,2324397,2363686,2576774,2187244,2335663,2453436.0,1940151,
state,SP,Anidro Estoque E.Fisico,stock,Oct (2),2556352,2446407,2360222,2614914,2260811,2417130,2503992.0,2008660,
state,SP,Anidro Estoque E.Fisico,stock,Nov (1),2537138,2486665,2368688,2591337,2399491,2521712,2387447.0,2053444,
state,SP,Anidro Estoque E.Fisico,stock,Nov (2),2437346,2394032,2302718,2437946,2277580,2472474,2324403.0,2022115,
state,SP,Anidro Estoque E.Fisico,stock,Dec (1),2247259,2295139,2147287,2253158,2109784,2435207,2192989.0,1897511,
state,SP,Anidro Estoque E.Fisico,stock,Dec (2),2087343,2111470,1910184,2024711,1805525,2284980,1953801.0,1696051,
state,SP,Anidro Estoque E.Fisico,stock,Jan (1),1892476,1918240,1716815,1809447,1618224,2019484,1701040.0,1493535,
state,SP,Anidro Estoque E.Fisico,stock,Jan (2),1653123,1718251,1444941,1588486,1327470,1751453,1439218.0,1227378,
state,SP,Anidro Estoque E.Fisico,stock,Feb (1),1377779,1426837,1218728,1345027,1092978,1542821,1214087.0,1010779,
state,SP,Anidro Estoque E.Fisico,stock,Feb (2),1151229,1152314,1000176,1130662,890067,1291238,986483.0,827707,
state,SP,Anidro Estoque E.Fisico,stock,Mar (1),861107,890474,780691,900390,693557,1027699,737207.0,629091,
state,SP,Anidro Estoque E.Fisico,stock,Mar (2),476560,701280,474016,572230,428039,640877,420616.0,388081,
state,SP,Anidro Producao,flow,Apr (1),105757,63629,128740,54822,7006,113761,113328.0,99175,124831.0
state,SP,Anidro Producao,flow,Apr (2),245034,195583,266049,173901,168062,157102,216439.0,102782,296419.0
state,SP,Anidro Producao,flow,May (1),358025,353415,302220,342262,303548,417447,372474.0,285837,384710.0
state,SP,Anidro Producao,flow,May (2),316111,431865,307890,452957,394907,472268,419514.0,378831,320140.0
state,SP,Anidro Producao,flow,Jun (1),401264,424032,313107,378795,398165,354882,451976.0,301849,337860.0
state,SP,Anidro Producao,flow,Jun (2),454632,460653,311131,478244,415766,370049,440306.0,350009,221933.0
state,SP,Anidro Producao,flow,Jul (1),434319,406928,361406,500146,470786,483689,416923.0,404461,430800.0
state,SP,Anidro Producao,flow,Jul (2),478719,486349,401116,520944,520063,482477,478010.0,420571,388281.0
state,SP,Anidro Producao,flow,Aug (1),322452,416496,370943,470825,411566,451097,392745.0,421410,
state,SP,Anidro Producao,flow,Aug (2),415682,489396,352046,487045,496281,458246,399326.0,440633,
state,SP,Anidro Producao,flow,Sep (1),387701,404739,384143,459367,420201,419918,395463.0,415465,
state,SP,Anidro Producao,flow,Sep (2),251935,350520,436884,420823,318921,420834,382071.0,374497,
state,SP,Anidro Producao,flow,Oct (1),225449,376743,417505,257808,336346,302878,324364.0,347723,
state,SP,Anidro Producao,flow,Oct (2),191314,383594,327201,185789,384206,341245,265185.0,307014,
state,SP,Anidro Producao,flow,Nov (1),162590,243651,225906,114756,304816,325471,115021.0,226098,
state,SP,Anidro Producao,flow,Nov (2),62373,127405,78933,36668,156647,243941,142131.0,159018,
state,SP,Anidro Producao,flow,Dec (1),21609,14347,11656,7990,27703,170396,54164.0,64105,
state,SP,Anidro Producao,flow,Dec (2),4916,6029,2016,1792,11083,20860,2844.0,11474,
state,SP,Anidro Producao,flow,Jan (1),257182,1649,1739,1505,1881,33692,2389.0,7202,
state,SP,Anidro Producao,flow,Jan (2),7335,1348,690,1497,1402,13301,2694.0,5898,
state,SP,Anidro Producao,flow,Feb (1),1486,1084,4058,48,1774,7591,3525.0,6693,
state,SP,Anidro Producao,flow,Feb (2),1021,671,0,-8,1257,6965,3489.0,6229,
state,SP,Anidro Producao,flow,Mar (1),3438,393,0,0,1,13081,1190.0,1155,
state,SP,Anidro Producao,flow,Mar (2),27615,18150,-109,0,1230,100847,1099.0,15590,
state,SP,Anidro Saidas Distrib,flow,Apr (1),181685,179867,108329,171061,173481,187883,221361.0,208458,223311.0
state,SP,Anidro Saidas Distrib,flow,Apr (2),151394,168362,151073,172313,192361,223590,215270.0,183389,212293.0
state,SP,Anidro Saidas Distrib,flow,May (1),162390,231298,151995,199049,208789,235156,241495.0,234883,246696.0
state,SP,Anidro Saidas Distrib,flow,May (2),110413,245076,159629,239106,247202,247445,276487.0,252591,200651.0
state,SP,Anidro Saidas Distrib,flow,Jun (1),259340,188346,172128,219102,208557,236570,267749.0,200427,255689.0
state,SP,Anidro Saidas Distrib,flow,Jun (2),162948,171223,184772,203867,189860,226036,219612.0,186208,246164.0
state,SP,Anidro Saidas Distrib,flow,Jul (1),146742,188901,199047,244848,212474,241641,219610.0,220560,206752.0
state,SP,Anidro Saidas Distrib,flow,Jul (2),184381,227542,232371,235386,207854,242503,235847.0,222828,278050.0
state,SP,Anidro Saidas Distrib,flow,Aug (1),194312,230038,196238,211740,199617,207490,238978.0,264559,
state,SP,Anidro Saidas Distrib,flow,Aug (2),213443,227661,256897,216084,267555,206308,253758.0,209340,
state,SP,Anidro Saidas Distrib,flow,Sep (1),177949,182436,187032,262495,177999,221020,223851.0,248908,
state,SP,Anidro Saidas Distrib,flow,Sep (2),173281,189517,230693,219324,215088,196130,221762.0,244503,
state,SP,Anidro Saidas Distrib,flow,Oct (1),175526,178516,176452,213960,195397,182376,244054.0,237285,
state,SP,Anidro Saidas Distrib,flow,Oct (2),193503,198475,238294,200294,218669,241571,224841.0,254063,
state,SP,Anidro Saidas Distrib,flow,Nov (1),159372,208414,202811,202418,199518,231596,247109.0,219914,
state,SP,Anidro Saidas Distrib,flow,Nov (2),192376,216394,207187,235414,207434,214315,227509.0,214974,
state,SP,Anidro Saidas Distrib,flow,Dec (1),223152,210906,215952,244923,242987,229588,225892.0,241602,
state,SP,Anidro Saidas Distrib,flow,Dec (2),153588,272916,226346,242436,229781,159674,266187.0,216131,
state,SP,Anidro Saidas Distrib,flow,Jan (1),480156,233916,184557,232220,215577,270881,259651.0,236082,
state,SP,Anidro Saidas Distrib,flow,Jan (2),234260,212284,248708,210988,229121,273953,234264.0,273770,
state,SP,Anidro Saidas Distrib,flow,Feb (1),211898,218441,247729,252070,243696,236411,245077.0,261061,
state,SP,Anidro Saidas Distrib,flow,Feb (2),168709,198741,174718,231491,157494,212840,210087.0,232140,
state,SP,Anidro Saidas Distrib,flow,Mar (1),228170,231246,212212,231100,196374,296434,238246.0,221867,
state,SP,Anidro Saidas Distrib,flow,Mar (2),286039,243490,218663,286698,247348,353006,295146.0,290378,
state,SP,Anidro Saidas M.Ext,flow,Apr (1),4364,33,0,5854,15163,16429,1011.0,11464,28330.0
state,SP,Anidro Saidas M.Ext,flow,Apr (2),31416,34993,30036,8986,39419,13941,24264.0,16746,7770.0
state,SP,Anidro Saidas M.Ext,flow,May (1),46764,0,9906,0,11574,17413,0.0,7232,0.0
state,SP,Anidro Saidas M.Ext,flow,May (2),9624,104542,51135,64315,31696,42940,38979.0,13063,13.0
state,SP,Anidro Saidas M.Ext,flow,Jun (1),22040,38800,62440,18184,24629,16460,7510.0,14789,18905.0
state,SP,Anidro Saidas M.Ext,flow,Jun (2),35254,55422,12260,55539,140923,34448,23367.0,21724,8651.0
state,SP,Anidro Saidas M.Ext,flow,Jul (1),40594,73600,48079,0,4314,52739,27000.0,3036,11855.0
state,SP,Anidro Saidas M.Ext,flow,Jul (2),106521,68999,105170,55686,96048,124176,38758.0,21097,3904.0
state,SP,Anidro Saidas M.Ext,flow,Aug (1),11550,71008,28172,42466,41255,7735,57983.0,23190,
state,SP,Anidro Saidas M.Ext,flow,Aug (2),89969,128102,71743,20148,75830,136036,28636.0,25131,
state,SP,Anidro Saidas M.Ext,flow,Sep (1),20067,23000,65681,2236,30665,9030,0.0,11859,
state,SP,Anidro Saidas M.Ext,flow,Sep (2),50018,95067,122349,55302,168659,68397,12025.0,15385,
state,SP,Anidro Saidas M.Ext,flow,Oct (1),30706,52453,15535,2424,15259,0,383.0,0,
state,SP,Anidro Saidas M.Ext,flow,Oct (2),64525,90074,145773,18864,142360,70963,30578.0,15948,
state,SP,Anidro Saidas M.Ext,flow,Nov (1),52195,40010,61885,12136,13489,30630,33860.0,1417,
state,SP,Anidro Saidas M.Ext,flow,Nov (2),10551,53000,28826,35291,105124,136222,30784.0,13988,
state,SP,Anidro Saidas M.Ext,flow,Dec (1),46141,1,33,24990,4474,12574,1449.0,0,
state,SP,Anidro Saidas M.Ext,flow,Dec (2),10945,28420,41303,40809,115076,31162,34581.0,9036,
state,SP,Anidro Saidas M.Ext,flow,Jan (1),21405,0,9966,12996,4656,32409,7934.0,114,
state,SP,Anidro Saidas M.Ext,flow,Jan (2),21570,39000,50829,20375,100554,40654,33089.0,42705,
state,SP,Anidro Saidas M.Ext,flow,Feb (1),46285,21022,113,12168,15307,1352,21481.0,0,
state,SP,Anidro Saidas M.Ext,flow,Feb (2),15075,61446,36524,1339,53077,22664,10234.0,0,
state,SP,Anidro Saidas M.Ext,flow,Mar (1),35725,29027,1277,940,16622,2849,6083.0,877,
state,SP,Anidro Saidas M.Ext,flow,Mar (2),94635,52627,17682,46922,36589,104553,15080.0,9811,
state,SP,Anidro Saidas Outras,flow,Apr (1),145339,63090,77592,61593,59073,9427,45752.0,29815,17969.0
state,SP,Anidro Saidas Outras,flow,Apr (2),31624,62158,38581,39089,56698,18714,19825.0,22523,15106.0
state,SP,Anidro Saidas Outras,flow,May (1),18034,41609,41765,11819,23908,22435,28538.0,25093,16030.0
state,SP,Anidro Saidas Outras,flow,May (2),8903,48760,37685,12308,13975,16919,16708.0,30478,18446.0
state,SP,Anidro Saidas Outras,flow,Jun (1),14252,15397,22240,24851,29770,13441,14528.0,24215,18548.0
state,SP,Anidro Saidas Outras,flow,Jun (2),19268,34039,44065,21452,12049,11159,20014.0,29459,24720.0
state,SP,Anidro Saidas Outras,flow,Jul (1),23135,28270,38003,23184,20443,12764,11001.0,26826,20860.0
state,SP,Anidro Saidas Outras,flow,Jul (2),34875,40403,15218,28332,25237,42483,17635.0,33198,26949.0
state,SP,Anidro Saidas Outras,flow,Aug (1),46530,47822,14769,23048,25139,16318,12667.0,19749,
state,SP,Anidro Saidas Outras,flow,Aug (2),84133,54220,18785,13823,12847,21070,27177.0,25086,
state,SP,Anidro Saidas Outras,flow,Sep (1),56904,23275,17233,25911,19647,16656,22750.0,19048,
state,SP,Anidro Saidas Outras,flow,Sep (2),76713,84200,11313,20977,19766,14493,28106.0,25053,
state,SP,Anidro Saidas Outras,flow,Oct (1),51812,22147,14578,27364,20556,18431,57346.0,26647,
state,SP,Anidro Saidas Outras,flow,Oct (2),32570,19561,24375,21846,22097,16936,29330.0,30817,
state,SP,Anidro Saidas Outras,flow,Nov (1),32400,16517,18211,30676,21504,21113,21698.0,21567,
state,SP,Anidro Saidas Outras,flow,Nov (2),22894,19503,20165,20404,27418,28034,42351.0,19485,
state,SP,Anidro Saidas Outras,flow,Dec (1),26020,10419,22010,34890,25522,24245,28971.0,19321,
state,SP,Anidro Saidas Outras,flow,Dec (2),26927,51458,34834,31776,23400,13130,26645.0,17120,
state,SP,Anidro Saidas Outras,flow,Jan (1),30498,16898,16236,29023,22346,21894,29963.0,16047,
state,SP,Anidro Saidas Outras,flow,Jan (2),96489,66060,37261,32386,33675,41799,27891.0,28928,
state,SP,Anidro Saidas Outras,flow,Feb (1),61324,112448,33335,51144,24499,37553,46795.0,16798,
state,SP,Anidro Saidas Outras,flow,Feb (2),64498,69502,31969,41520,18601,85206,34418.0,15965,
state,SP,Anidro Saidas Outras,flow,Mar (1),63736,108878,77677,37371,14518,49801,40212.0,17883,
state,SP,Anidro Saidas Outras,flow,Mar (2),79975,69666,118211,57296,16330,95029,59889.0,30999,
state,SP,Cana,flow,Apr (1),13593705,7311471,14762955,7484419,1652347,8352063,11874838.0,9969100,12820970.0
state,SP,Cana,flow,Apr (2),20935106,18844637,24148253,16633821,13010548,12283462,21697646.0,9909491,22618615.0
state,SP,Cana,flow,May (1),25595251,23669817,26540995,24374148,18397171,26180723,26248184.0,23769317,24872875.0
state,SP,Cana,flow,May (2),19207278,26264070,25686621,25797717,25504951,27368020,26526888.0,27737802,22491844.0
state,SP,Cana,flow,Jun (1),23961642,24548631,24849247,19887232,24183655,21605087,28558501.0,21004208,21500488.0
state,SP,Cana,flow,Jun (2),26283925,25782691,24955260,26910878,23536426,23356341,28293658.0,24456823,15973887.0
state,SP,Cana,flow,Jul (1),24869381,25027784,27385020,27747398,25431254,30180309,25328940.0,28078989,28975793.0
state,SP,Cana,flow,Jul (2),26819662,29998687,29847412,27325140,29827820,30795632,29621213.0,28742807,25886316.0
state,SP,Cana,flow,Aug (1),18006945,23864868,27180047,26163364,21627802,27766788,24434536.0,27725617,
state,SP,Cana,flow,Aug (2),22575931,28193417,25134158,25028712,26298394,27787571,26449354.0,28906235,
state,SP,Cana,flow,Sep (1),25085833,22846241,29274484,22124896,22136731,24439496,24432871.0,26238876,
state,SP,Cana,flow,Sep (2),14993604,20925172,23530263,21317089,14642605,26215672,22871559.0,22818339,
state,SP,Cana,flow,Oct (1),14399931,22868098,21407619,11841157,17224883,18850684,19810617.0,19349809,
state,SP,Cana,flow,Oct (2),12809570,19949344,16113132,8091260,19506821,21266657,15423424.0,17656996,
state,SP,Cana,flow,Nov (1),11799750,11453074,11886636,5986691,16565256,21721313,8452527.0,12196317,
state,SP,Cana,flow,Nov (2),7106238,5773938,3700355,1167181,8170445,16354842,12037324.0,9515281,
state,SP,Cana,flow,Dec (1),6702550,1039674,647216,187500,2091637,13437486,3816901.0,4184092,
state,SP,Cana,flow,Dec (2),570722,186247,22904,33476,972999,2323114,486121.0,889530,
state,SP,Cana,flow,Jan (1),14539599,126790,10265,-1,0,1457757,38350.0,215328,
state,SP,Cana,flow,Jan (2),173130,9821,0,0,0,412640,0.0,0,
state,SP,Cana,flow,Feb (1),82507,456601,0,0,0,195555,0.0,27043,
state,SP,Cana,flow,Feb (2),10,0,16595,0,17480,184764,0.0,47449,
state,SP,Cana,flow,Mar (1),441391,618841,215915,392771,101197,873477,261284.0,44526,
state,SP,Cana,flow,Mar (2),3979984,3857722,-1948864,679150,2003318,3490234,905485.0,1792290,
state,SP,Etanol Total,flow,Apr (1),554666,339247,576134,265752,69801,316340,419081.0,350302,490757.0
state,SP,Etanol Total,flow,Apr (2),910659,764633,875885,577726,459748,386477,692736.0,331399,840829.0
state,SP,Etanol Total,flow,May (1),1093345,977004,1000271,893685,699916,850204,893682.0,712558,904125.0
state,SP,Etanol Total,flow,May (2),926369,1138697,981741,982729,945827,971865,935001.0,873556,767752.0
state,SP,Etanol Total,flow,Jun (1),1170520,1086582,932709,777914,868305,753376,991495.0,674721,791135.0
state,SP,Etanol Total,flow,Jun (2),1193598,1184334,959053,1033948,875497,753217,1014514.0,776642,542765.0
state,SP,Etanol Total,flow,Jul (1),1186891,1125141,1034800,1071774,972756,1029466,929722.0,881342,968924.0
state,SP,Etanol Total,flow,Jul (2),1313794,1396605,1173721,1081779,1140623,1045268,1101419.0,931108,895200.0
state,SP,Etanol Total,flow,Aug (1),924277,1184173,1098505,1034635,870875,997700,970960.0,917996,
state,SP,Etanol Total,flow,Aug (2),1122253,1410699,1056394,1044866,1024857,1043237,1048653.0,1003043,
state,SP,Etanol Total,flow,Sep (1),1269696,1188593,1097020,961609,889189,903516,1083141.0,953826,
state,SP,Etanol Total,flow,Sep (2),772038,1118615,1046933,938118,597425,980537,997346.0,899639,
state,SP,Etanol Total,flow,Oct (1),693687,1201749,983655,562182,622670,761336,905396.0,830672,
state,SP,Etanol Total,flow,Oct (2),632632,1119802,767309,383810,740568,781311,676699.0,760883,
state,SP,Etanol Total,flow,Nov (1),512930,673226,535330,249395,612850,760067,342726.0,508452,
state,SP,Etanol Total,flow,Nov (2),313458,351332,186494,65024,321930,613671,455376.0,454045,
state,SP,Etanol Total,flow,Dec (1),324231,72862,39115,11776,96101,480955,164033.0,203278,
state,SP,Etanol Total,flow,Dec (2),39669,15223,3545,3685,41170,109453,25133.0,55077,
state,SP,Etanol Total,flow,Jan (1),835354,5463,2475,1505,3627,68082,4809.0,20291,
state,SP,Etanol Total,flow,Jan (2),14847,2011,1119,1497,1402,99732,3201.0,5916,
state,SP,Etanol Total,flow,Feb (1),5670,1255,4091,219,1775,14746,5077.0,8021,
state,SP,Etanol Total,flow,Feb (2),1233,695,897,108,2239,15097,4395.0,9091,
state,SP,Etanol Total,flow,Mar (1),22859,20998,10714,0,3269,29128,6234.0,2747,
state,SP,Etanol Total,flow,Mar (2),183790,185460,111920,55453,167888,168880,28247.0,54851,
state,SP,Hidratado Entradas,flow,Apr (1),346927,478076,589806,728423,644881,625657,1011839.0,699134,487888.0
state,SP,Hidratado Entradas,flow,Apr (2),58734,38833,35987,60290,181668,45309,45704.0,71637,64865.0
state,SP,Hidratado Entradas,flow,May (1),41773,46778,65018,41843,69995,49674,64790.0,67335,40802.0
state,SP,Hidratado Entradas,flow,May (2),20837,52306,101351,43449,47620,50964,51560.0,86784,31485.0
state,SP,Hidratado Entradas,flow,Jun (1),28076,55574,62084,66200,30913,49122,45255.0,74257,42996.0
state,SP,Hidratado Entradas,flow,Jun (2),74629,27942,74703,63432,32694,118806,48507.0,81441,48980.0
state,SP,Hidratado Entradas,flow,Jul (1),66812,66930,81109,66778,55289,45821,65570.0,81198,49159.0
state,SP,Hidratado Entradas,flow,Jul (2),114359,78065,64790,93797,47232,58888,72236.0,78717,45214.0
state,SP,Hidratado Entradas,flow,Aug (1),70680,81630,67810,72448,64687,49946,63427.0,87716,
state,SP,Hidratado Entradas,flow,Aug (2),92007,73723,76933,83778,57629,48425,114848.0,84431,
state,SP,Hidratado Entradas,flow,Sep (1),46530,74059,60016,63543,51670,59335,76502.0,81055,
state,SP,Hidratado Entradas,flow,Sep (2),77286,130417,74292,75511,84204,72692,96243.0,85056,
state,SP,Hidratado Entradas,flow,Oct (1),44916,63234,53951,55432,68785,61420,135337.0,80909,
state,SP,Hidratado Entradas,flow,Oct (2),52570,89924,41811,52579,85662,64427,137327.0,96889,
state,SP,Hidratado Entradas,flow,Nov (1),51140,57124,43336,47237,54002,60848,70653.0,100403,
state,SP,Hidratado Entradas,flow,Nov (2),37631,65403,54885,83022,57716,88201,106698.0,155482,
state,SP,Hidratado Entradas,flow,Dec (1),18852,52887,63799,50677,80611,68071,97153.0,77355,
state,SP,Hidratado Entradas,flow,Dec (2),46720,83296,109788,56116,104461,53164,123939.0,-28095,
state,SP,Hidratado Entradas,flow,Jan (1),56852,62032,38427,47581,65367,45169,85814.0,63488,
state,SP,Hidratado Entradas,flow,Jan (2),92558,71527,45399,79124,56976,91062,90749.0,69952,
state,SP,Hidratado Entradas,flow,Feb (1),88829,69799,37888,60019,65468,74309,71819.0,57299,
state,SP,Hidratado Entradas,flow,Feb (2),93560,58255,45815,49499,67932,110989,84869.0,84188,
state,SP,Hidratado Entradas,flow,Mar (1),58980,78619,89845,47549,47146,72910,95056.0,81345,
state,SP,Hidratado Entradas,flow,Mar (2),56973,45895,98492,95634,65779,114410,102917.0,100970,
state,SP,Hidratado Estoque E.Disp,stock,Apr (1),334685,249114,619955,540197,380493,513496,740072.0,533619,451696.0
state,SP,Hidratado Estoque E.Disp,stock,Apr (2),677541,376382,963719,637320,573694,573463,847606.0,444224,638949.0
state,SP,Hidratado Estoque E.Disp,stock,May (1),1041067,572067,1307152,876686,761638,801176,978393.0,559761,820075.0
state,SP,Hidratado Estoque E.Disp,stock,May (2),1271100,754752,1632626,1091319,1013764,1072213,1110748.0,710341,894577.0
state,SP,Hidratado Estoque E.Disp,stock,Jun (1),1598210,1029778,1834240,1201012,1234433,1210460,1281552.0,791430,1035110.0
state,SP,Hidratado Estoque E.Disp,stock,Jun (2),1975323,1288422,2113761,1377526,1386634,1375227,1532193.0,918855,1000164.0
state,SP,Hidratado Estoque E.Disp,stock,Jul (1),2319551,1543349,2438689,1677821,1620778,1657328,1742283.0,1138239,1284089.0
state,SP,Hidratado Estoque E.Disp,stock,Jul (2),2685971,1887944,2785648,1881784,1942611,1942861,2017358.0,1337994,1454235.0
state,SP,Hidratado Estoque E.Disp,stock,Aug (1),2856553,2213544,3201009,2152942,2131175,2186807,2253593.0,1524935,
state,SP,Hidratado Estoque E.Disp,stock,Aug (2),3075535,2630493,3403899,2380503,2312764,2438290,2529266.0,1769850,
state,SP,Hidratado Estoque E.Disp,stock,Sep (1),3277026,2961907,3700732,2561709,2502465,2642536,2868370.0,1954049,
state,SP,Hidratado Estoque E.Disp,stock,Sep (2),3322143,3176674,3859187,2717738,2365597,2901554,3033982.0,2160659,
state,SP,Hidratado Estoque E.Disp,stock,Oct (1),3603511,3496988,3955535,2756846,2316943,2990148,3253141.0,2290264,
state,SP,Hidratado Estoque E.Disp,stock,Oct (2),3490700,3685218,3770132,2673621,2370649,3034859,3295656.0,2383209,
state,SP,Hidratado Estoque E.Disp,stock,Nov (1),3470729,3661133,3611982,2577853,2361634,3185868,3142324.0,2333332,
state,SP,Hidratado Estoque E.Disp,stock,Nov (2),3313101,3425902,3267300,2333006,2229175,3164367,3112372.0,2352378,
state,SP,Hidratado Estoque E.Disp,stock,Dec (1),3107131,3077126,2932175,2157907,2026303,3068839,2906053.0,2112059,
state,SP,Hidratado Estoque E.Disp,stock,Dec (2),2684850,2574255,2528261,1909805,1751251,2840963,2598890.0,1894167,
state,SP,Hidratado Estoque E.Disp,stock,Jan (1),2343341,2153059,2281722,1764466,1634848,2490691,2311618.0,1640315,
state,SP,Hidratado Estoque E.Disp,stock,Jan (2),1861390,1798680,1939142,1614975,1396721,2183699,1953342.0,1346754,
state,SP,Hidratado Estoque E.Disp,stock,Feb (1),1353772,1435170,1597759,1386420,1204294,1906153,1648122.0,1083977,
state,SP,Hidratado Estoque E.Disp,stock,Feb (2),973328,1051956,1179149,1213456,1038524,1571653,1348003.0,885975,
state,SP,Hidratado Estoque E.Disp,stock,Mar (1),662668,779859,861872,1038326,848336,1234018,1086120.0,639737,
state,SP,Hidratado Estoque E.Disp,stock,Mar (2),325829,492240,554397,644156,366503,838177,773971.0,361603,
state,SP,Hidratado Estoque E.Fisico,stock,Apr (1),448051,318055,746185,646212,437429,562395,802910.0,571742,488488.0
state,SP,Hidratado Estoque E.Fisico,stock,Apr (2),797679,477667,1067960,733390,627648,606479,878203.0,472046,691935.0
state,SP,Hidratado Estoque E.Fisico,stock,May (1),1197722,689850,1442816,979366,835169,841850,1030442.0,601210,866392.0
state,SP,Hidratado Estoque E.Fisico,stock,May (2),1483485,873568,1806473,1195969,1083613,1113082,1157204.0,752599,974845.0
state,SP,Hidratado Estoque E.Fisico,stock,Jun (1),1861369,1139844,2064630,1326765,1305501,1256850,1322137.0,829214,1095060.0
state,SP,Hidratado Estoque E.Fisico,stock,Jun (2),2268471,1403551,2348135,1518322,1449403,1422225,1594044.0,967321,1065092.0
state,SP,Hidratado Estoque E.Fisico,stock,Jul (1),2673346,1673231,2698991,1825492,1691970,1707088,1798093.0,1190026,1330187.0
state,SP,Hidratado Estoque E.Fisico,stock,Jul (2),3085412,2054757,3050261,2023257,2027719,1993605,2075713.0,1391306,1509794.0
state,SP,Hidratado Estoque E.Fisico,stock,Aug (1),3284170,2369288,3463913,2353748,2206899,2254150,2317964.0,1624659,
state,SP,Hidratado Estoque E.Fisico,stock,Aug (2),3556245,2798912,3717103,2588153,2384752,2494064,2584950.0,1874227,
state,SP,Hidratado Estoque E.Fisico,stock,Sep (1),3882992,3157157,4031898,2806188,2583417,2709882,2956917.0,2075144,
state,SP,Hidratado Estoque E.Fisico,stock,Sep (2),3921673,3395467,4224807,2984771,2444818,2976176,3138925.0,2283568,
state,SP,Hidratado Estoque E.Fisico,stock,Oct (1),3923445,3784834,4391688,3015130,2411274,3082984,3392140.0,2440304,
state,SP,Hidratado Estoque E.Fisico,stock,Oct (2),3812819,3974038,4224214,2933972,2470653,3114110,3418611.0,2526463,
state,SP,Hidratado Estoque E.Fisico,stock,Nov (1),3717010,3934004,4065405,2808923,2490816,3284827,3250524.0,2452284,
state,SP,Hidratado Estoque E.Fisico,stock,Nov (2),3486926,3683409,3661225,2504832,2359818,3270143,3211353.0,2487325,
state,SP,Hidratado Estoque E.Fisico,stock,Dec (1),3281175,3286784,3284562,2280887,2151015,3197442,3009924.0,2249144,
state,SP,Hidratado Estoque E.Fisico,stock,Dec (2),2841861,2766374,2834280,2019479,1870557,2948831,2702463.0,2005830,
state,SP,Hidratado Estoque E.Fisico,stock,Jan (1),2484250,2315025,2517619,1864533,1730221,2623756,2402842.0,1757715,
state,SP,Hidratado Estoque E.Fisico,stock,Jan (2),1982217,1947894,2143147,1705201,1462478,2284757,2029440.0,1468768,
state,SP,Hidratado Estoque E.Fisico,stock,Feb (1),1502034,1594667,1774938,1475471,1284021,1997541,1719271.0,1176653,
state,SP,Hidratado Estoque E.Fisico,stock,Feb (2),1141168,1188939,1373495,1284550,1073046,1666985,1414508.0,971924,
state,SP,Hidratado Estoque E.Fisico,stock,Mar (1),767884,892198,1020200,1112826,882826,1314350,1143764.0,715874,
state,SP,Hidratado Estoque E.Fisico,stock,Mar (2),417170,590211,674718,713682,584482,910015,830348.0,390642,
state,SP,Hidratado Producao,flow,Apr (1),448909,275618,447394,210930,62795,202579,305753.0,251127,365926.0
state,SP,Hidratado Producao,flow,Apr (2),665625,569050,609836,403825,291686,229375,476297.0,228617,544410.0
state,SP,Hidratado Producao,flow,May (1),735320,623589,698051,551423,396368,432757,521208.0,426721,519415.0
state,SP,Hidratado Producao,flow,May (2),610258,706832,673851,529772,550920,499597,515487.0,494725,447612.0
state,SP,Hidratado Producao,flow,Jun (1),769256,662550,619602,399119,470140,398494,539519.0,372872,453275.0
state,SP,Hidratado Producao,flow,Jun (2),738966,723681,647922,555704,459731,383168,574208.0,426633,320832.0
state,SP,Hidratado Producao,flow,Jul (1),752572,718213,673394,571628,501970,545777,512799.0,476881,538124.0
state,SP,Hidratado Producao,flow,Jul (2),835075,910256,772605,560835,620560,562791,623409.0,510537,506919.0
state,SP,Hidratado Producao,flow,Aug (1),601825,767677,727562,563810,459309,546603,578215.0,496586,
state,SP,Hidratado Producao,flow,Aug (2),706571,921303,704348,557821,528576,584991,649327.0,562410,
state,SP,Hidratado Producao,flow,Sep (1),881995,783854,712877,502242,468988,483598,687678.0,538361,
state,SP,Hidratado Producao,flow,Sep (2),520103,768095,610049,517295,278504,559703,615275.0,525142,
state,SP,Hidratado Producao,flow,Oct (1),468238,825006,566150,304374,286324,458458,581032.0,482949,
state,SP,Hidratado Producao,flow,Oct (2),441318,736208,440108,198021,356362,440066,411514.0,453869,
state,SP,Hidratado Producao,flow,Nov (1),350340,429575,309424,134639,308034,434596,227705.0,282354,
state,SP,Hidratado Producao,flow,Nov (2),251085,223927,107561,28356,165283,369730,313245.0,295027,
state,SP,Hidratado Producao,flow,Dec (1),302622,58515,27459,3786,68398,310559,109869.0,139173,
state,SP,Hidratado Producao,flow,Dec (2),34753,9194,1529,1893,30087,88593,22289.0,43603,
state,SP,Hidratado Producao,flow,Jan (1),578172,3814,736,0,1746,34390,2420.0,13089,
state,SP,Hidratado Producao,flow,Jan (2),7512,663,429,0,0,86431,507.0,18,
state,SP,Hidratado Producao,flow,Feb (1),4184,171,33,171,1,7155,1552.0,1328,
state,SP,Hidratado Producao,flow,Feb (2),212,24,897,116,982,8132,906.0,2862,
state,SP,Hidratado Producao,flow,Mar (1),19421,20605,10714,0,3268,16047,5044.0,1592,
state,SP,Hidratado Producao,flow,Mar (2),156175,167310,112029,55453,166658,68033,27148.0,39261,
state,SP,Hidratado Saidas Distrib,flow,Apr (1),295389,383107,210015,258406,232591,180253,378166.0,316843,329846.0
state,SP,Hidratado Saidas Distrib,flow,Apr (2),317000,411391,269783,305653,205951,184375,381188.0,323928,355726.0
state,SP,Hidratado Saidas Distrib,flow,May (1),331186,414599,297123,285026,202189,198098,389698.0,306331,349404.0
state,SP,Hidratado Saidas Distrib,flow,May (2),252837,520086,274451,260141,242485,229996,362568.0,338206,311332.0
state,SP,Hidratado Saidas Distrib,flow,Jun (1),379758,401438,292266,243708,216521,205942,363250.0,300858,325164.0
state,SP,Hidratado Saidas Distrib,flow,Jun (2),322939,381045,278111,276296,211965,224181,294655.0,291815,269707.0
state,SP,Hidratado Saidas Distrib,flow,Jul (1),326492,425318,280369,243561,240777,229590,302863.0,271475,217299.0
state,SP,Hidratado Saidas Distrib,flow,Jul (2),414925,496921,307701,261492,251582,206488,328172.0,285395,303304.0
state,SP,Hidratado Saidas Distrib,flow,Aug (1),377981,439184,268332,217902,245598,230714,312665.0,270062,
state,SP,Hidratado Saidas Distrib,flow,Aug (2),429178,457022,301346,254375,260349,262390,313268.0,285465,
state,SP,Hidratado Saidas Distrib,flow,Sep (1),481594,395849,285725,242120,236960,236225,308931.0,297836,
state,SP,Hidratado Saidas Distrib,flow,Sep (2),436735,439020,341312,228267,276572,280699,346383.0,338679,
state,SP,Hidratado Saidas Distrib,flow,Oct (1),395097,403198,344253,214495,253486,325199,379698.0,325447,
state,SP,Hidratado Saidas Distrib,flow,Oct (2),487606,490627,424065,204758,258192,314291,364410.0,339781,
state,SP,Hidratado Saidas Distrib,flow,Nov (1),411681,418772,345176,170553,263464,277386,343609.0,325916,
state,SP,Hidratado Saidas Distrib,flow,Nov (2),401092,418337,360414,192315,239996,322307,330018.0,319389,
state,SP,Hidratado Saidas Distrib,flow,Dec (1),464308,406508,366858,183864,255445,381138,308663.0,314989,
state,SP,Hidratado Saidas Distrib,flow,Dec (2),428589,468812,398144,196798,310917,268894,333162.0,206204,
state,SP,Hidratado Saidas Distrib,flow,Jan (1),894493,440286,287931,159635,178309,315936,301135.0,297457,
state,SP,Hidratado Saidas Distrib,flow,Jan (2),538143,373985,327245,187960,227922,377816,371428.0,317267,
state,SP,Hidratado Saidas Distrib,flow,Feb (1),527696,391135,355763,202991,206560,323805,321742.0,311664,
state,SP,Hidratado Saidas Distrib,flow,Feb (2),402747,398473,303848,190120,200101,294169,313905.0,251998,
state,SP,Hidratado Saidas Distrib,flow,Mar (1),420504,369422,349533,160703,190565,341863,293904.0,278298,
state,SP,Hidratado Saidas Distrib,flow,Mar (2),492529,387418,413814,367821,322315,340111,309718.0,388833,
state,SP,Hidratado Saidas M.Ext,flow,Apr (1),11024,579,36923,11042,9825,34123,53652.0,6530,307.0
state,SP,Hidratado Saidas M.Ext,flow,Apr (2),605,3298,5278,37665,26725,10635,11642.0,6017,10551.0
state,SP,Hidratado Saidas M.Ext,flow,May (1),331,1713,21730,14705,3448,8842,7887.0,15759,1301.0
state,SP,Hidratado Saidas M.Ext,flow,May (2),55452,14774,50915,43477,42487,4244,31200.0,29387,3677.0
state,SP,Hidratado Saidas M.Ext,flow,Jun (1),6008,2489,51713,26616,3345,44177,11580.0,12821,8676.0
state,SP,Hidratado Saidas M.Ext,flow,Jun (2),29401,63881,86264,75973,76125,38333,11092.0,30005,42750.0
state,SP,Hidratado Saidas M.Ext,flow,Jul (1),44500,28948,32430,16952,12710,22914,20127.0,26507,49984.0
state,SP,Hidratado Saidas M.Ext,flow,Jul (2),45396,41454,86052,88621,16080,63331,41662.0,40273,13995.0
state,SP,Hidratado Saidas M.Ext,flow,Aug (1),37600,26090,24359,5068,7786,55032,32362.0,23502,
state,SP,Hidratado Saidas M.Ext,flow,Aug (2),25320,44082,130201,49975,81664,84405,91326.0,61271,
state,SP,Hidratado Saidas M.Ext,flow,Sep (1),61810,25544,87841,24655,15457,35921,27649.0,85864,
state,SP,Hidratado Saidas M.Ext,flow,Sep (2),27126,46450,49813,102049,105427,44249,123216.0,16235,
state,SP,Hidratado Saidas M.Ext,flow,Oct (1),34870,21373,33621,12443,45081,37374,11255.0,8625,
state,SP,Hidratado Saidas M.Ext,flow,Oct (2),24109,63578,124119,11228,42754,87719,43333.0,36064,
state,SP,Hidratado Saidas M.Ext,flow,Nov (1),4454,22549,76092,28712,2455,5293,24213.0,26524,
state,SP,Hidratado Saidas M.Ext,flow,Nov (2),43741,28234,66707,66554,51075,100339,65728.0,7851,
state,SP,Hidratado Saidas M.Ext,flow,Dec (1),23647,17908,10923,4394,30431,12329,19101.0,43284,
state,SP,Hidratado Saidas M.Ext,flow,Dec (2),39844,69995,116729,79118,61666,96358,64926.0,15833,
state,SP,Hidratado Saidas M.Ext,flow,Jan (1),44737,22127,31343,1936,2971,54229,37735.0,1888,
state,SP,Hidratado Saidas M.Ext,flow,Jan (2),2698,2486,48149,4026,53025,96371,48986.0,1590,
state,SP,Hidratado Saidas M.Ext,flow,Feb (1),-488,224,11924,40215,12441,18231,1538.0,2607,
state,SP,Hidratado Saidas M.Ext,flow,Feb (2),22739,37918,105585,15048,56961,115939,49511.0,2059,
state,SP,Hidratado Saidas M.Ext,flow,Mar (1),1477,168,58596,26345,24986,41180,44894.0,24782,
state,SP,Hidratado Saidas M.Ext,flow,Mar (2),24731,79128,97188,130815,169407,72268,82596.0,5308,
state,SP,Hidratado Saidas Outras,flow,Apr (1),41372,51953,44077,23693,27831,51465,82864.0,55146,35173.0
state,SP,Hidratado Saidas Outras,flow,Apr (2),57126,33582,48987,33619,50459,35590,53878.0,70005,39551.0
state,SP,Hidratado Saidas Outras,flow,May (1),45533,41872,69360,47559,53205,40120,36174.0,42802,35055.0
state,SP,Hidratado Saidas Outras,flow,May (2),37043,40560,86179,53000,65124,45089,46517.0,62527,55635.0
state,SP,Hidratado Saidas Outras,flow,Jun (1),33682,47921,79550,64199,59299,53729,45011.0,56835,42216.0
state,SP,Hidratado Saidas Outras,flow,Jun (2),54153,42990,74745,75310,60433,74085,45061.0,48147,87323.0
state,SP,Hidratado Saidas Outras,flow,Jul (1),43517,61197,90848,70723,61205,54231,51330.0,37392,54905.0
state,SP,Hidratado Saidas Outras,flow,Jul (2),77047,68420,92372,106754,64381,65343,48191.0,62306,55227.0
state,SP,Hidratado Saidas Outras,flow,Aug (1),58166,69502,89029,82797,91432,50258,54364.0,57385,
state,SP,Hidratado Saidas Outras,flow,Aug (2),72005,64298,96544,102844,66339,46707,92595.0,50537,
state,SP,Hidratado Saidas Outras,flow,Sep (1),58374,78275,84532,80975,69576,54969,55633.0,34799,
state,SP,Hidratado Saidas Outras,flow,Sep (2),94847,174732,100307,83907,119308,41153,59911.0,46860,
state,SP,Hidratado Saidas Outras,flow,Oct (1),81415,74302,75346,102509,90086,50497,72201.0,73050,
state,SP,Hidratado Saidas Outras,flow,Oct (2),92799,82723,101209,115772,81699,71357,114627.0,88754,
state,SP,Hidratado Saidas Outras,flow,Nov (1),81154,85412,90301,107660,75954,42048,98623.0,104496,
state,SP,Hidratado Saidas Outras,flow,Nov (2),73967,93354,139505,156600,62926,49969,63368.0,88228,
state,SP,Hidratado Saidas Outras,flow,Dec (1),39270,83611,90140,90150,71936,57864,80687.0,96436,
state,SP,Hidratado Saidas Outras,flow,Dec (2),52354,74093,46726,43501,42423,25116,55601.0,36785,
state,SP,Hidratado Saidas Outras,flow,Jan (1),53405,54782,36550,40956,26169,34469,48985.0,25347,
state,SP,Hidratado Saidas Outras,flow,Jan (2),61262,62850,44906,46470,43772,42305,44244.0,40060,
state,SP,Hidratado Saidas Outras,flow,Feb (1),45988,31838,38443,46714,24925,26644,60260.0,36471,
state,SP,Hidratado Saidas Outras,flow,Feb (2),29152,27616,38722,35368,22827,39569,27122.0,37722,
state,SP,Hidratado Saidas Outras,flow,Mar (1),29704,26375,45725,32225,25083,58549,32046.0,35907,
state,SP,Hidratado Saidas Outras,flow,Mar (2),46602,48646,45001,51595,39059,174399,51167.0,71322,
state,TO,Acucar,flow,Apr (1),0,0,0,0,0,0,0.0,0,0.0
state,TO,Acucar,flow,Apr (2),0,0,0,0,0,0,0.0,0,0.0
state,TO,Acucar,flow,May (1),0,0,0,0,0,0,0.0,0,0.0
state,TO,Acucar,flow,May (2),0,0,0,0,0,0,0.0,0,0.0
state,TO,Acucar,flow,Jun (1),0,0,0,0,0,0,0.0,0,0.0
state,TO,Acucar,flow,Jun (2),0,0,0,0,0,0,0.0,0,0.0
state,TO,Acucar,flow,Jul (1),0,0,0,0,0,0,0.0,0,0.0
state,TO,Acucar,flow,Jul (2),0,0,0,0,0,0,0.0,0,0.0
state,TO,Acucar,flow,Aug (1),0,0,0,0,0,0,0.0,0,
state,TO,Acucar,flow,Aug (2),0,0,0,0,0,0,0.0,0,
state,TO,Acucar,flow,Sep (1),0,0,0,0,0,0,0.0,0,
state,TO,Acucar,flow,Sep (2),0,0,0,0,0,0,0.0,0,
state,TO,Acucar,flow,Oct (1),0,0,0,0,0,0,0.0,0,
state,TO,Acucar,flow,Oct (2),0,0,0,0,0,0,0.0,0,
state,TO,Acucar,flow,Nov (1),0,0,0,0,0,0,0.0,0,
state,TO,Acucar,flow,Nov (2),0,0,0,0,0,0,0.0,0,
state,TO,Acucar,flow,Dec (1),0,0,0,0,0,0,0.0,0,
state,TO,Acucar,flow,Dec (2),0,0,0,0,0,0,0.0,0,
state,TO,Acucar,flow,Jan (1),0,0,0,0,0,0,0.0,0,
state,TO,Acucar,flow,Jan (2),0,0,0,0,0,0,0.0,0,
state,TO,Acucar,flow,Feb (1),0,0,0,0,0,0,0.0,0,
state,TO,Acucar,flow,Feb (2),0,0,0,0,0,0,0.0,0,
state,TO,Acucar,flow,Mar (1),0,0,0,0,0,0,0.0,0,
state,TO,Acucar,flow,Mar (2),0,0,0,0,0,0,0.0,0,
state,TO,Anidro Entradas,flow,Apr (1),19454,5276,4867,2978,5390,3303,4402.0,4706,4719.0
state,TO,Anidro Entradas,flow,Apr (2),0,0,0,0,0,0,0.0,0,0.0
state,TO,Anidro Entradas,flow,May (1),0,0,0,0,0,0,0.0,0,0.0
state,TO,Anidro Entradas,flow,May (2),0,0,0,0,0,55,0.0,0,0.0
state,TO,Anidro Entradas,flow,Jun (1),0,0,0,0,0,0,0.0,0,0.0
state,TO,Anidro Entradas,flow,Jun (2),0,0,0,0,0,0,0.0,57,0.0
state,TO,Anidro Entradas,flow,Jul (1),0,0,0,0,0,0,0.0,0,0.0
state,TO,Anidro Entradas,flow,Jul (2),0,0,0,0,0,0,0.0,0,0.0
state,TO,Anidro Entradas,flow,Aug (1),0,0,0,0,0,29,0.0,0,
state,TO,Anidro Entradas,flow,Aug (2),0,0,0,0,0,59,0.0,0,
state,TO,Anidro Entradas,flow,Sep (1),0,0,0,0,0,0,0.0,0,
state,TO,Anidro Entradas,flow,Sep (2),0,0,0,0,0,0,0.0,5,
state,TO,Anidro Entradas,flow,Oct (1),0,0,0,0,0,0,0.0,0,
state,TO,Anidro Entradas,flow,Oct (2),0,107,0,0,0,0,180.0,0,
state,TO,Anidro Entradas,flow,Nov (1),0,178,0,0,0,0,0.0,0,
state,TO,Anidro Entradas,flow,Nov (2),0,0,0,0,0,0,0.0,0,
state,TO,Anidro Entradas,flow,Dec (1),0,0,0,0,0,0,0.0,0,
state,TO,Anidro Entradas,flow,Dec (2),0,0,0,0,0,0,0.0,0,
state,TO,Anidro Entradas,flow,Jan (1),0,0,0,0,0,0,0.0,0,
state,TO,Anidro Entradas,flow,Jan (2),0,0,0,0,0,0,0.0,0,
state,TO,Anidro Entradas,flow,Feb (1),0,0,0,0,0,0,0.0,0,
state,TO,Anidro Entradas,flow,Feb (2),0,0,0,0,0,0,0.0,0,
state,TO,Anidro Entradas,flow,Mar (1),0,0,0,0,0,0,0.0,0,
state,TO,Anidro Entradas,flow,Mar (2),0,0,0,0,2000,0,0.0,0,
state,TO,Anidro Estoque E.Disp,stock,Apr (1),11989,2062,3738,1058,2480,3037,345.0,2412,2358.0
state,TO,Anidro Estoque E.Disp,stock,Apr (2),4065,946,3135,203,552,6015,227.0,187,455.0
state,TO,Anidro Estoque E.Disp,stock,May (1),2683,3069,8559,5790,6642,10115,2331.0,2601,2620.0
state,TO,Anidro Estoque E.Disp,stock,May (2),4352,9916,12543,11844,10723,14512,2840.0,3159,10238.0
state,TO,Anidro Estoque E.Disp,stock,Jun (1),4618,11505,18534,16184,16872,11483,1094.0,5635,13266.0
state,TO,Anidro Estoque E.Disp,stock,Jun (2),7446,10420,22638,21109,17179,18922,3914.0,8734,19043.0
state,TO,Anidro Estoque E.Disp,stock,Jul (1),6902,12254,24681,22026,17037,23385,9313.0,11425,21456.0
state,TO,Anidro Estoque E.Disp,stock,Jul (2),7074,9105,28261,25851,23739,25216,13837.0,16704,15562.0
state,TO,Anidro Estoque E.Disp,stock,Aug (1),8647,13674,28964,29051,26247,28081,18911.0,14401,
state,TO,Anidro Estoque E.Disp,stock,Aug (2),15893,20180,31741,25519,27960,29143,19031.0,17979,
state,TO,Anidro Estoque E.Disp,stock,Sep (1),21650,19972,36216,27720,28273,31972,25709.0,23923,
state,TO,Anidro Estoque E.Disp,stock,Sep (2),27737,20764,32771,31332,30140,35362,32099.0,26781,
state,TO,Anidro Estoque E.Disp,stock,Oct (1),33426,20470,35550,35385,30217,35263,31495.0,30630,
state,TO,Anidro Estoque E.Disp,stock,Oct (2),37393,25416,31970,36985,33182,35637,31201.0,28786,
state,TO,Anidro Estoque E.Disp,stock,Nov (1),37960,29420,28579,35489,32757,33017,30582.0,25357,
state,TO,Anidro Estoque E.Disp,stock,Nov (2),35948,25523,25405,36720,27799,27053,30424.0,21424,
state,TO,Anidro Estoque E.Disp,stock,Dec (1),34659,25523,22721,34440,23285,21753,27663.0,19010,
state,TO,Anidro Estoque E.Disp,stock,Dec (2),33355,13740,20191,31938,18264,19215,23107.0,16871,
state,TO,Anidro Estoque E.Disp,stock,Jan (1),30935,10997,17374,28334,13026,15892,18671.0,15515,
state,TO,Anidro Estoque E.Disp,stock,Jan (2),26955,9544,14476,24238,9225,13912,15274.0,13236,
state,TO,Anidro Estoque E.Disp,stock,Feb (1),20500,8474,10021,18851,6005,11363,11844.0,11550,
state,TO,Anidro Estoque E.Disp,stock,Feb (2),13843,7136,9214,14743,4106,8680,8837.0,9385,
state,TO,Anidro Estoque E.Disp,stock,Mar (1),7153,5865,6782,9771,2615,6665,6732.0,7127,
state,TO,Anidro Estoque E.Disp,stock,Mar (2),5276,4867,2978,5390,3303,4402,4706.0,4719,
state,TO,Anidro Estoque E.Fisico,stock,Apr (1),11989,2062,3738,1058,2480,3037,345.0,2412,2358.0
state,TO,Anidro Estoque E.Fisico,stock,Apr (2),4065,946,3135,203,552,6015,227.0,187,455.0
state,TO,Anidro Estoque E.Fisico,stock,May (1),2683,3069,8559,5790,6642,10115,2331.0,2601,2620.0
state,TO,Anidro Estoque E.Fisico,stock,May (2),4352,9916,12543,11844,10723,14512,2840.0,3159,10238.0
state,TO,Anidro Estoque E.Fisico,stock,Jun (1),4618,11505,18534,16184,16872,17483,1094.0,5635,13266.0
state,TO,Anidro Estoque E.Fisico,stock,Jun (2),7446,10420,22638,21109,17179,18922,3914.0,8734,19043.0
state,TO,Anidro Estoque E.Fisico,stock,Jul (1),6902,12254,24681,22026,17037,23385,9313.0,11425,21456.0
state,TO,Anidro Estoque E.Fisico,stock,Jul (2),7074,9105,28261,25851,23739,25216,13837.0,16704,15562.0
state,TO,Anidro Estoque E.Fisico,stock,Aug (1),8647,13674,28964,29051,26247,28081,18911.0,14401,
state,TO,Anidro Estoque E.Fisico,stock,Aug (2),15893,20180,31741,25519,27960,29143,19031.0,17979,
state,TO,Anidro Estoque E.Fisico,stock,Sep (1),21650,19972,36216,27720,28273,31972,25709.0,23923,
state,TO,Anidro Estoque E.Fisico,stock,Sep (2),27737,20764,32771,31332,30140,35362,32099.0,26781,
state,TO,Anidro Estoque E.Fisico,stock,Oct (1),33426,20470,35550,35385,30217,35263,31495.0,30630,
state,TO,Anidro Estoque E.Fisico,stock,Oct (2),37393,25416,31970,36985,33182,35637,31201.0,28786,
state,TO,Anidro Estoque E.Fisico,stock,Nov (1),37960,29420,28579,35489,32757,33017,30582.0,25357,
state,TO,Anidro Estoque E.Fisico,stock,Nov (2),35948,25523,25405,36720,27799,27053,30424.0,21424,
state,TO,Anidro Estoque E.Fisico,stock,Dec (1),34659,25523,22721,34440,23285,21753,27663.0,19010,
state,TO,Anidro Estoque E.Fisico,stock,Dec (2),33355,13740,20191,31938,18264,19215,23107.0,16871,
state,TO,Anidro Estoque E.Fisico,stock,Jan (1),30935,10997,17374,28334,13026,15892,18671.0,15515,
state,TO,Anidro Estoque E.Fisico,stock,Jan (2),26955,9544,14476,24238,9225,13912,15274.0,13236,
state,TO,Anidro Estoque E.Fisico,stock,Feb (1),20500,8474,10021,18851,6005,11363,11844.0,11550,
state,TO,Anidro Estoque E.Fisico,stock,Feb (2),13843,7136,9214,14743,4106,8680,8837.0,9385,
state,TO,Anidro Estoque E.Fisico,stock,Mar (1),7153,5865,2432,9771,2615,6665,6732.0,7127,
state,TO,Anidro Estoque E.Fisico,stock,Mar (2),5276,4867,2978,5390,3303,4402,4706.0,4719,
state,TO,Anidro Producao,flow,Apr (1),0,0,0,0,0,738,0.0,0,0.0
state,TO,Anidro Producao,flow,Apr (2),0,0,0,0,378,5396,0.0,0,0.0
state,TO,Anidro Producao,flow,May (1),3099,3319,6855,7745,7748,8067,3691.0,4778,2757.0
state,TO,Anidro Producao,flow,May (2),4747,8666,6020,10352,7701,8499,6814.0,6984,8274.0
state,TO,Anidro Producao,flow,Jun (1),4979,4977,8804,9221,9595,7574,5335.0,7358,4595.0
state,TO,Anidro Producao,flow,Jun (2),5335,2950,6195,8725,2954,7303,7339.0,7918,9444.0
state,TO,Anidro Producao,flow,Jul (1),1106,5349,6274,5354,3138,9398,10091.0,6990,8270.0
state,TO,Anidro Producao,flow,Jul (2),4617,1106,8516,7120,10764,9248,11009.0,9451,2754.0
state,TO,Anidro Producao,flow,Aug (1),4454,8487,8127,5640,8679,8753,8367.0,1837,
state,TO,Anidro Producao,flow,Aug (2),9419,11066,7262,956,7607,9411,4045.0,7355,
state,TO,Anidro Producao,flow,Sep (1),7939,4426,8552,4981,5197,8858,10056.0,9483,
state,TO,Anidro Producao,flow,Sep (2),8119,6266,4820,7834,8859,9206,10770.0,6876,
state,TO,Anidro Producao,flow,Oct (1),7197,5531,7755,8673,7196,4587,6236.0,7284,
state,TO,Anidro Producao,flow,Oct (2),6274,9217,4895,5438,9414,8410,5353.0,2898,
state,TO,Anidro Producao,flow,Nov (1),2399,8664,2987,4066,3933,2582,3496.0,0,
state,TO,Anidro Producao,flow,Nov (2),0,1512,0,4741,10,0,1533.0,0,
state,TO,Anidro Producao,flow,Dec (1),0,0,0,0,0,0,71.0,0,
state,TO,Anidro Producao,flow,Dec (2),0,0,0,0,0,0,55.0,0,
state,TO,Anidro Producao,flow,Jan (1),0,0,0,0,0,0,0.0,0,
state,TO,Anidro Producao,flow,Jan (2),0,0,0,0,0,0,0.0,0,
state,TO,Anidro Producao,flow,Feb (1),0,0,0,0,0,0,0.0,0,
state,TO,Anidro Producao,flow,Feb (2),0,0,0,0,0,0,0.0,0,
state,TO,Anidro Producao,flow,Mar (1),0,0,0,0,0,0,0.0,0,
state,TO,Anidro Producao,flow,Mar (2),0,0,0,0,0,0,0.0,0,
state,TO,Anidro Saidas Distrib,flow,Apr (1),5408,2157,1129,1920,2910,1004,4047.0,2294,2361.0
state,TO,Anidro Saidas Distrib,flow,Apr (2),4750,1104,593,777,2306,2418,118.0,2175,1903.0
state,TO,Anidro Saidas Distrib,flow,May (1),4481,1196,1431,2158,1658,3967,1587.0,2364,592.0
state,TO,Anidro Saidas Distrib,flow,May (2),2998,1260,2023,4298,3620,4157,6305.0,6426,635.0
state,TO,Anidro Saidas Distrib,flow,Jun (1),4713,3388,2813,4881,3446,4603,7081.0,4882,1567.0
state,TO,Anidro Saidas Distrib,flow,Jun (2),2370,4035,2073,3772,2647,5813,4512.0,4876,3311.0
state,TO,Anidro Saidas Distrib,flow,Jul (1),1650,3515,4231,4437,3280,4935,4692.0,4299,5857.0
state,TO,Anidro Saidas Distrib,flow,Jul (2),4389,4255,4912,3246,4016,7284,6485.0,4172,8648.0
state,TO,Anidro Saidas Distrib,flow,Aug (1),2881,3918,7402,2440,6171,5917,3293.0,4140,
state,TO,Anidro Saidas Distrib,flow,Aug (2),2173,4560,4471,4418,5868,8246,3925.0,3723,
state,TO,Anidro Saidas Distrib,flow,Sep (1),2182,4634,4077,2780,4884,6029,3378.0,3539,
state,TO,Anidro Saidas Distrib,flow,Sep (2),2001,5474,8222,4222,6966,5508,4224.0,3969,
state,TO,Anidro Saidas Distrib,flow,Oct (1),1508,5825,4976,4620,7119,4686,6840.0,3435,
state,TO,Anidro Saidas Distrib,flow,Oct (2),2266,4355,8413,3824,6444,7839,5781.0,4678,
state,TO,Anidro Saidas Distrib,flow,Nov (1),1832,4838,6378,5562,4358,5202,4115.0,3429,
state,TO,Anidro Saidas Distrib,flow,Nov (2),1970,5392,3112,3464,4936,4670,1610.0,3840,
state,TO,Anidro Saidas Distrib,flow,Dec (1),1139,0,2684,2280,4514,5300,2832.0,2414,
state,TO,Anidro Saidas Distrib,flow,Dec (2),1240,11783,2519,2487,5021,2146,4551.0,2092,
state,TO,Anidro Saidas Distrib,flow,Jan (1),2420,2743,2817,3604,5183,3323,4345.0,1356,
state,TO,Anidro Saidas Distrib,flow,Jan (2),1914,1429,2865,4072,3750,1875,3320.0,2185,
state,TO,Anidro Saidas Distrib,flow,Feb (1),4443,1070,4455,5387,3220,2549,3430.0,1686,
state,TO,Anidro Saidas Distrib,flow,Feb (2),2597,1314,785,4095,1899,2576,2963.0,2105,
state,TO,Anidro Saidas Distrib,flow,Mar (1),2684,1271,6782,4972,1491,2015,2105.0,2258,
state,TO,Anidro Saidas Distrib,flow,Mar (2),1864,989,-2561,4243,1312,2179,1981.0,2370,
state,TO,Anidro Saidas M.Ext,flow,Apr (1),0,0,0,0,0,0,0.0,0,0.0
state,TO,Anidro Saidas M.Ext,flow,Apr (2),0,0,0,0,0,0,0.0,0,0.0
state,TO,Anidro Saidas M.Ext,flow,May (1),0,0,0,0,0,0,0.0,0,0.0
state,TO,Anidro Saidas M.Ext,flow,May (2),0,6,0,0,0,0,0.0,0,0.0
state,TO,Anidro Saidas M.Ext,flow,Jun (1),0,0,0,0,0,0,0.0,0,0.0
state,TO,Anidro Saidas M.Ext,flow,Jun (2),0,0,0,0,0,0,0.0,0,0.0
state,TO,Anidro Saidas M.Ext,flow,Jul (1),0,0,0,0,0,0,0.0,0,0.0
state,TO,Anidro Saidas M.Ext,flow,Jul (2),0,0,0,0,0,0,0.0,0,0.0
state,TO,Anidro Saidas M.Ext,flow,Aug (1),0,0,0,0,0,0,0.0,0,
state,TO,Anidro Saidas M.Ext,flow,Aug (2),0,0,0,0,0,0,0.0,0,
state,TO,Anidro Saidas M.Ext,flow,Sep (1),0,0,0,0,0,0,0.0,0,
state,TO,Anidro Saidas M.Ext,flow,Sep (2),0,0,0,0,0,0,0.0,0,
state,TO,Anidro Saidas M.Ext,flow,Oct (1),0,0,0,0,0,0,0.0,0,
state,TO,Anidro Saidas M.Ext,flow,Oct (2),0,0,0,0,0,0,0.0,0,
state,TO,Anidro Saidas M.Ext,flow,Nov (1),0,0,0,0,0,0,0.0,0,
state,TO,Anidro Saidas M.Ext,flow,Nov (2),0,0,0,0,0,0,0.0,0,
state,TO,Anidro Saidas M.Ext,flow,Dec (1),0,0,0,0,0,0,0.0,0,
state,TO,Anidro Saidas M.Ext,flow,Dec (2),0,0,0,0,0,0,0.0,0,
state,TO,Anidro Saidas M.Ext,flow,Jan (1),0,0,0,0,0,0,0.0,0,
state,TO,Anidro Saidas M.Ext,flow,Jan (2),0,0,0,0,0,0,0.0,0,
state,TO,Anidro Saidas M.Ext,flow,Feb (1),0,0,0,0,0,0,0.0,0,
state,TO,Anidro Saidas M.Ext,flow,Feb (2),0,0,0,0,0,0,0.0,0,
state,TO,Anidro Saidas M.Ext,flow,Mar (1),0,0,0,0,0,0,0.0,0,
state,TO,Anidro Saidas M.Ext,flow,Mar (2),0,0,0,0,0,0,0.0,0,
state,TO,Anidro Saidas Outras,flow,Apr (1),2057,1057,0,0,0,0,10.0,0,0.0
state,TO,Anidro Saidas Outras,flow,Apr (2),3174,12,10,78,0,0,0.0,50,0.0
state,TO,Anidro Saidas Outras,flow,May (1),0,0,0,0,0,0,0.0,0,0.0
state,TO,Anidro Saidas Outras,flow,May (2),80,553,13,0,0,0,0.0,0,21.0
state,TO,Anidro Saidas Outras,flow,Jun (1),0,0,0,0,0,0,0.0,0,0.0
state,TO,Anidro Saidas Outras,flow,Jun (2),137,0,18,28,0,51,7.0,0,356.0
state,TO,Anidro Saidas Outras,flow,Jul (1),0,0,0,0,0,0,0.0,0,0.0
state,TO,Anidro Saidas Outras,flow,Jul (2),56,0,24,49,46,133,0.0,0,0.0
state,TO,Anidro Saidas Outras,flow,Aug (1),0,0,22,0,0,0,0.0,0,
state,TO,Anidro Saidas Outras,flow,Aug (2),0,0,14,70,26,162,0.0,54,
state,TO,Anidro Saidas Outras,flow,Sep (1),0,0,0,0,0,0,0.0,0,
state,TO,Anidro Saidas Outras,flow,Sep (2),31,0,43,0,26,308,156.0,54,
state,TO,Anidro Saidas Outras,flow,Oct (1),0,0,0,0,0,0,0.0,0,
state,TO,Anidro Saidas Outras,flow,Oct (2),41,23,62,14,5,197,46.0,64,
state,TO,Anidro Saidas Outras,flow,Nov (1),0,0,0,0,0,0,0.0,0,
state,TO,Anidro Saidas Outras,flow,Nov (2),42,17,62,46,32,1294,81.0,93,
state,TO,Anidro Saidas Outras,flow,Dec (1),150,0,0,0,0,0,0.0,0,
state,TO,Anidro Saidas Outras,flow,Dec (2),64,0,11,15,0,392,60.0,47,
state,TO,Anidro Saidas Outras,flow,Jan (1),0,0,0,0,55,0,91.0,0,
state,TO,Anidro Saidas Outras,flow,Jan (2),2066,24,33,24,51,105,77.0,94,
state,TO,Anidro Saidas Outras,flow,Feb (1),2012,0,0,0,0,0,0.0,0,
state,TO,Anidro Saidas Outras,flow,Feb (2),4060,24,22,13,0,107,44.0,60,
state,TO,Anidro Saidas Outras,flow,Mar (1),4006,0,0,0,0,0,0.0,0,
state,TO,Anidro Saidas Outras,flow,Mar (2),13,9,2015,138,0,84,45.0,38,
state,TO,Cana,flow,Apr (1),45461,56430,92781,0,134661,132662,72535.0,117157,0.0
state,TO,Cana,flow,Apr (2),69030,102975,105097,165673,115637,161529,109946.0,145000,70015.0
state,TO,Cana,flow,May (1),147305,143471,168570,163703,150581,159872,167865.0,155292,131073.0
state,TO,Cana,flow,May (2),108907,163964,168231,181339,178422,182356,153659.0,175775,184958.0
state,TO,Cana,flow,Jun (1),152853,157641,179021,178542,188657,154340,91776.0,152636,173205.0
state,TO,Cana,flow,Jun (2),155665,170265,164915,180659,179391,162336,168538.0,157155,181783.0
state,TO,Cana,flow,Jul (1),141612,160716,180959,171017,178996,183038,183425.0,158271,180796.0
state,TO,Cana,flow,Jul (2),143356,138301,170283,160,189305,197413,192430.0,168409,167711.0
state,TO,Cana,flow,Aug (1),149270,157513,163185,171405,157659,173565,172634.0,139023,
state,TO,Cana,flow,Aug (2),147285,166152,171018,180323,168098,167181,176059.0,154897,
state,TO,Cana,flow,Sep (1),125551,131289,153841,129379,107190,155225,182509.0,148060,
state,TO,Cana,flow,Sep (2),130092,128045,140780,148655,156696,148535,161247.0,130622,
state,TO,Cana,flow,Oct (1),116913,129294,132550,140267,147764,126311,115792.0,107139,
state,TO,Cana,flow,Oct (2),121627,159975,122578,127532,157363,150981,111785.0,50051,
state,TO,Cana,flow,Nov (1),132021,137833,57155,195419,97192,39683,110272.0,0,
state,TO,Cana,flow,Nov (2),111449,115681,0,175345,70999,0,79319.0,0,
state,TO,Cana,flow,Dec (1),25519,0,0,0,0,0,119406.0,0,
state,TO,Cana,flow,Dec (2),0,21514,0,0,0,0,8782.0,0,
state,TO,Cana,flow,Jan (1),0,0,0,0,0,0,0.0,0,
state,TO,Cana,flow,Jan (2),0,0,0,0,0,0,0.0,0,
state,TO,Cana,flow,Feb (1),0,0,0,0,0,0,0.0,0,
state,TO,Cana,flow,Feb (2),0,0,0,0,0,0,0.0,0,
state,TO,Cana,flow,Mar (1),0,0,0,0,0,0,0.0,0,
state,TO,Cana,flow,Mar (2),0,0,0,61213,68512,0,18925.0,0,
state,TO,Etanol Total,flow,Apr (1),1377,2723,5908,6833,9607,9236,3913.0,7535,0.0
state,TO,Etanol Total,flow,Apr (2),3889,6462,6918,5176,8772,11507,8668.0,9987,3862.0
state,TO,Etanol Total,flow,May (1),8967,8872,12188,12051,11442,11765,11450.0,11028,8759.0
state,TO,Etanol Total,flow,May (2),6611,8955,11105,14084,14546,14045,10904.0,12590,13604.0
state,TO,Etanol Total,flow,Jun (1),10558,9406,12717,13655,16247,11462,7358.0,10300,12499.0
state,TO,Etanol Total,flow,Jun (2),11633,12002,12213,14873,15736,12669,13585.0,13142,15144.0
state,TO,Etanol Total,flow,Jul (1),11280,11629,13840,14783,15152,14128,15771.0,13493,15993.0
state,TO,Etanol Total,flow,Jul (2),12219,9975,13533,14651,15852,17578,16806.0,14626,14892.0
state,TO,Etanol Total,flow,Aug (1),13373,12738,14732,16065,14227,15598,14950.0,13721,
state,TO,Etanol Total,flow,Aug (2),12192,15132,15032,16407,16071,15882,16186.0,14715,
state,TO,Etanol Total,flow,Sep (1),11687,13106,14087,11266,10004,13707,16822.0,14110,
state,TO,Etanol Total,flow,Sep (2),11999,12543,13688,16189,15114,13643,14932.0,13170,
state,TO,Etanol Total,flow,Oct (1),10340,10889,12549,11630,14774,10725,11190.0,9766,
state,TO,Etanol Total,flow,Oct (2),9602,12357,12375,10455,13792,12350,9768.0,4594,
state,TO,Etanol Total,flow,Nov (1),10158,9772,5065,9430,8185,4334,8046.0,0,
state,TO,Etanol Total,flow,Nov (2),7397,7789,0,8000,5613,0,4657.0,0,
state,TO,Etanol Total,flow,Dec (1),1925,0,0,0,0,0,6692.0,0,
state,TO,Etanol Total,flow,Dec (2),0,2021,0,0,0,0,1151.0,0,
state,TO,Etanol Total,flow,Jan (1),0,0,0,0,0,0,0.0,0,
state,TO,Etanol Total,flow,Jan (2),0,0,0,0,0,0,0.0,0,
state,TO,Etanol Total,flow,Feb (1),0,0,0,0,0,0,0.0,0,
state,TO,Etanol Total,flow,Feb (2),0,0,0,0,0,0,0.0,0,
state,TO,Etanol Total,flow,Mar (1),0,0,0,0,0,0,0.0,0,
state,TO,Etanol Total,flow,Mar (2),0,0,0,4438,4070,0,545.0,0,
state,TO,Hidratado Entradas,flow,Apr (1),3311,1890,1268,476,6542,5342,368.0,1178,2077.0
state,TO,Hidratado Entradas,flow,Apr (2),3162,0,500,0,0,57,0.0,0,0.0
state,TO,Hidratado Entradas,flow,May (1),0,0,0,0,0,57,0.0,0,0.0
state,TO,Hidratado Entradas,flow,May (2),0,553,0,0,0,0,0.0,0,0.0
state,TO,Hidratado Entradas,flow,Jun (1),14,120,0,0,59,0,0.0,0,58.0
state,TO,Hidratado Entradas,flow,Jun (2),0,59,0,0,59,0,0.0,0,296.0
state,TO,Hidratado Entradas,flow,Jul (1),58,0,0,0,0,0,0.0,0,0.0
state,TO,Hidratado Entradas,flow,Jul (2),0,43,0,59,0,34,0.0,0,0.0
state,TO,Hidratado Entradas,flow,Aug (1),59,0,0,0,30,4,0.0,0,
state,TO,Hidratado Entradas,flow,Aug (2),0,0,0,0,0,0,0.0,0,
state,TO,Hidratado Entradas,flow,Sep (1),0,0,0,0,0,0,0.0,0,
state,TO,Hidratado Entradas,flow,Sep (2),0,0,0,0,0,0,0.0,117,
state,TO,Hidratado Entradas,flow,Oct (1),0,0,0,0,0,0,0.0,59,
state,TO,Hidratado Entradas,flow,Oct (2),0,0,0,0,0,0,0.0,0,
state,TO,Hidratado Entradas,flow,Nov (1),0,0,0,0,63,0,0.0,0,
state,TO,Hidratado Entradas,flow,Nov (2),0,0,0,0,0,1150,0.0,0,
state,TO,Hidratado Entradas,flow,Dec (1),150,0,0,0,0,0,0.0,0,
state,TO,Hidratado Entradas,flow,Dec (2),0,59,0,0,0,0,0.0,0,
state,TO,Hidratado Entradas,flow,Jan (1),0,0,0,0,0,0,0.0,0,
state,TO,Hidratado Entradas,flow,Jan (2),2085,0,0,0,0,0,0.0,0,
state,TO,Hidratado Entradas,flow,Feb (1),2089,0,0,0,0,0,0.0,0,
state,TO,Hidratado Entradas,flow,Feb (2),4189,0,0,0,0,123,0.0,0,
state,TO,Hidratado Entradas,flow,Mar (1),4183,0,0,0,0,0,0.0,0,
state,TO,Hidratado Entradas,flow,Mar (2),0,0,2095,0,0,19,0.0,0,
state,TO,Hidratado Estoque E.Disp,stock,Apr (1),480,3779,6690,4173,11460,10218,3697.0,6554,246.0
state,TO,Hidratado Estoque E.Disp,stock,Apr (2),3678,6992,12524,4704,17184,11478,9871.0,14359,3451.0
state,TO,Hidratado Estoque E.Disp,stock,May (1),3968,9562,16201,4871,17379,12287,16210.0,18844,8259.0
state,TO,Hidratado Estoque E.Disp,stock,May (2),2613,6914,17187,3999,15148,11017,15166.0,21056,11145.0
state,TO,Hidratado Estoque E.Disp,stock,Jun (1),3965,8587,15978,5268,15787,12404,13404.0,18926,16866.0
state,TO,Hidratado Estoque E.Disp,stock,Jun (2),5472,12401,16008,8561,18633,12875,15826.0,16803,19090.0
state,TO,Hidratado Estoque E.Disp,stock,Jul (1),11821,10496,20501,12616,21073,13354,17197.0,17978,22450.0
state,TO,Hidratado Estoque E.Disp,stock,Jul (2),10893,10771,20734,12616,19080,13642,17358.0,18359,29293.0
state,TO,Hidratado Estoque E.Disp,stock,Aug (1),11269,9968,22413,20660,21268,12798,19980.0,27317,
state,TO,Hidratado Estoque E.Disp,stock,Aug (2),6616,8977,22890,28943,24937,11147,28692.0,31914,
state,TO,Hidratado Estoque E.Disp,stock,Sep (1),7171,14521,21551,30790,26419,12268,32149.0,32357,
state,TO,Hidratado Estoque E.Disp,stock,Sep (2),7039,15887,23680,32242,29850,13156,33325.0,34405,
state,TO,Hidratado Estoque E.Disp,stock,Oct (1),4693,16959,21689,27240,32968,16009,31986.0,33689,
state,TO,Hidratado Estoque E.Disp,stock,Oct (2),3358,16335,24852,26932,29921,16670,27319.0,32567,
state,TO,Hidratado Estoque E.Disp,stock,Nov (1),8222,14778,23620,29227,30392,15025,27673.0,30291,
state,TO,Hidratado Estoque E.Disp,stock,Nov (2),8493,17616,22018,29517,32524,14128,28372.0,28764,
state,TO,Hidratado Estoque E.Disp,stock,Dec (1),6977,17616,19541,27207,28562,11650,30695.0,26869,
state,TO,Hidratado Estoque E.Disp,stock,Dec (2),4394,11376,17280,23645,23643,10273,27010.0,23460,
state,TO,Hidratado Estoque E.Disp,stock,Jan (1),1948,9144,14330,21120,20753,8083,23297.0,19434,
state,TO,Hidratado Estoque E.Disp,stock,Jan (2),3250,7002,12133,18735,15332,5598,19107.0,16064,
state,TO,Hidratado Estoque E.Disp,stock,Feb (1),2057,5553,10714,15786,11848,3110,14363.0,13452,
state,TO,Hidratado Estoque E.Disp,stock,Feb (2),893,3666,7492,11596,7801,1509,8996.0,9517,
state,TO,Hidratado Estoque E.Disp,stock,Mar (1),1606,2572,4977,7515,4243,351,5307.0,6906,
state,TO,Hidratado Estoque E.Disp,stock,Mar (2),788,1268,476,6502,5283,357,1178.0,2077,
state,TO,Hidratado Estoque E.Fisico,stock,Apr (1),480,3779,6690,4173,11460,10218,3697.0,6554,246.0
state,TO,Hidratado Estoque E.Fisico,stock,Apr (2),3678,6992,12524,4704,17184,11478,9871.0,14359,3451.0
state,TO,Hidratado Estoque E.Fisico,stock,May (1),3968,9562,16201,4871,17379,12287,16210.0,18844,8259.0
state,TO,Hidratado Estoque E.Fisico,stock,May (2),2613,6914,17187,3999,15148,11017,15166.0,21056,11145.0
state,TO,Hidratado Estoque E.Fisico,stock,Jun (1),3965,8587,15978,5268,15787,12404,13404.0,18926,16866.0
state,TO,Hidratado Estoque E.Fisico,stock,Jun (2),5472,12401,16008,8561,18633,12875,15826.0,16803,19090.0
state,TO,Hidratado Estoque E.Fisico,stock,Jul (1),11821,10496,20501,12616,21073,13354,17197.0,17978,22450.0
state,TO,Hidratado Estoque E.Fisico,stock,Jul (2),10893,10771,20734,14475,19080,13642,17358.0,18359,29293.0
state,TO,Hidratado Estoque E.Fisico,stock,Aug (1),11269,9968,22413,20660,21268,12798,19980.0,27317,
state,TO,Hidratado Estoque E.Fisico,stock,Aug (2),6616,8977,22890,28943,24937,11147,28692.0,31914,
state,TO,Hidratado Estoque E.Fisico,stock,Sep (1),7171,14521,21551,30790,26419,12268,32149.0,32357,
state,TO,Hidratado Estoque E.Fisico,stock,Sep (2),7039,15887,23680,32242,29850,13156,33325.0,34405,
state,TO,Hidratado Estoque E.Fisico,stock,Oct (1),4693,16959,21689,27240,32968,16009,31986.0,33689,
state,TO,Hidratado Estoque E.Fisico,stock,Oct (2),3358,16335,24852,26932,29921,16670,27319.0,32567,
state,TO,Hidratado Estoque E.Fisico,stock,Nov (1),8222,14778,23620,29227,30392,15025,27673.0,30291,
state,TO,Hidratado Estoque E.Fisico,stock,Nov (2),8493,17616,22018,29517,32524,14128,28372.0,28764,
state,TO,Hidratado Estoque E.Fisico,stock,Dec (1),6977,17616,19541,27207,28562,11650,30695.0,26869,
state,TO,Hidratado Estoque E.Fisico,stock,Dec (2),4394,11376,17280,23645,23643,10273,27010.0,23460,
state,TO,Hidratado Estoque E.Fisico,stock,Jan (1),1948,9144,14330,21120,20753,8083,23297.0,19434,
state,TO,Hidratado Estoque E.Fisico,stock,Jan (2),3250,7002,12133,18735,15332,5598,19107.0,16064,
state,TO,Hidratado Estoque E.Fisico,stock,Feb (1),2057,5553,10714,15786,11848,3110,14363.0,13452,
state,TO,Hidratado Estoque E.Fisico,stock,Feb (2),893,3666,7492,11596,7801,1509,8996.0,9517,
state,TO,Hidratado Estoque E.Fisico,stock,Mar (1),1606,2572,2515,7515,4243,351,5307.0,6906,
state,TO,Hidratado Estoque E.Fisico,stock,Mar (2),788,1268,476,6502,5283,357,1178.0,2077,
state,TO,Hidratado Producao,flow,Apr (1),1377,2723,5908,6833,9607,8498,3913.0,7535,0.0
state,TO,Hidratado Producao,flow,Apr (2),3889,6462,6918,5176,8394,6111,8668.0,9987,3862.0
state,TO,Hidratado Producao,flow,May (1),5868,5553,5333,4306,3694,3698,7759.0,6250,6002.0
state,TO,Hidratado Producao,flow,May (2),1864,289,5085,3732,6845,5546,4090.0,5606,5330.0
state,TO,Hidratado Producao,flow,Jun (1),5579,4429,3913,4434,6652,3888,2023.0,2942,7904.0
state,TO,Hidratado Producao,flow,Jun (2),6298,9052,6018,6148,12782,5366,6246.0,5224,5700.0
state,TO,Hidratado Producao,flow,Jul (1),10174,6280,7566,9429,12014,4730,5680.0,6503,7723.0
state,TO,Hidratado Producao,flow,Jul (2),7602,8869,5017,7531,5088,8330,5797.0,5175,12138.0
state,TO,Hidratado Producao,flow,Aug (1),8919,4251,6605,10425,5548,6845,6583.0,11884,
state,TO,Hidratado Producao,flow,Aug (2),2773,4066,7770,15451,8464,6471,12141.0,7360,
state,TO,Hidratado Producao,flow,Sep (1),3748,8680,5535,6285,4807,4849,6766.0,4627,
state,TO,Hidratado Producao,flow,Sep (2),3880,6277,8868,8355,6255,4437,4162.0,6294,
state,TO,Hidratado Producao,flow,Oct (1),3143,5358,4794,2957,7578,6138,4954.0,2482,
state,TO,Hidratado Producao,flow,Oct (2),3328,3140,7480,5017,4378,3940,4415.0,1696,
state,TO,Hidratado Producao,flow,Nov (1),7759,1108,2078,5364,4252,1752,4550.0,0,
state,TO,Hidratado Producao,flow,Nov (2),7397,6277,0,3259,5603,0,3124.0,0,
state,TO,Hidratado Producao,flow,Dec (1),1925,0,0,0,0,0,6621.0,0,
state,TO,Hidratado Producao,flow,Dec (2),0,2021,0,0,0,0,1096.0,0,
state,TO,Hidratado Producao,flow,Jan (1),0,0,0,0,0,0,0.0,0,
state,TO,Hidratado Producao,flow,Jan (2),0,0,0,0,0,0,0.0,0,
state,TO,Hidratado Producao,flow,Feb (1),0,0,0,0,0,0,0.0,0,
state,TO,Hidratado Producao,flow,Feb (2),0,0,0,0,0,0,0.0,0,
state,TO,Hidratado Producao,flow,Mar (1),0,0,0,0,0,0,0.0,0,
state,TO,Hidratado Producao,flow,Mar (2),0,0,0,4438,4070,0,545.0,0,
state,TO,Hidratado Saidas Distrib,flow,Apr (1),4208,822,473,3126,4680,3610,574.0,2145,1812.0
state,TO,Hidratado Saidas Distrib,flow,Apr (2),3736,3249,1074,4594,2658,4897,2174.0,2146,645.0
state,TO,Hidratado Saidas Distrib,flow,May (1),5578,2969,1645,4139,3487,2934,1409.0,1742,1172.0
state,TO,Hidratado Saidas Distrib,flow,May (2),3185,3460,4072,4564,9064,6749,5114.0,3286,2394.0
state,TO,Hidratado Saidas Distrib,flow,Jun (1),4228,2865,5078,3153,6060,2490,3777.0,5063,2220.0
state,TO,Hidratado Saidas Distrib,flow,Jun (2),4720,5286,5959,2827,9958,4884,3504.0,7315,3641.0
state,TO,Hidratado Saidas Distrib,flow,Jul (1),3870,8185,3060,5361,9564,4195,4291.0,5316,4351.0
state,TO,Hidratado Saidas Distrib,flow,Jul (2),8519,8610,4754,5706,7036,7976,5548.0,4673,5277.0
state,TO,Hidratado Saidas Distrib,flow,Aug (1),8591,5054,4926,4222,3381,7682,3949.0,2907,
state,TO,Hidratado Saidas Distrib,flow,Aug (2),7388,5044,7249,7121,4712,8054,3411.0,2664,
state,TO,Hidratado Saidas Distrib,flow,Sep (1),3182,3121,6862,4366,3325,3718,3292.0,4176,
state,TO,Hidratado Saidas Distrib,flow,Sep (2),3999,4906,6711,6872,2801,3540,2918.0,4241,
state,TO,Hidratado Saidas Distrib,flow,Oct (1),5489,4273,6772,7959,4460,3285,6273.0,3248,
state,TO,Hidratado Saidas Distrib,flow,Oct (2),4633,3759,4276,5297,7322,3160,8954.0,2701,
state,TO,Hidratado Saidas Distrib,flow,Nov (1),2882,2653,3299,3061,3835,3386,4188.0,2266,
state,TO,Hidratado Saidas Distrib,flow,Nov (2),7120,3433,1578,2943,3328,1953,2375.0,1415,
state,TO,Hidratado Saidas Distrib,flow,Dec (1),3579,0,2465,2310,3962,2467,4287.0,1883,
state,TO,Hidratado Saidas Distrib,flow,Dec (2),2562,8018,2238,3553,4909,1178,4712.0,3394,
state,TO,Hidratado Saidas Distrib,flow,Jan (1),2446,2232,2940,2525,2764,2182,3552.0,4017,
state,TO,Hidratado Saidas Distrib,flow,Jan (2),756,2111,2184,2350,5395,2469,4079.0,3308,
state,TO,Hidratado Saidas Distrib,flow,Feb (1),3282,1436,1419,2939,3469,2478,4733.0,2603,
state,TO,Hidratado Saidas Distrib,flow,Feb (2),5337,1876,3201,4171,4047,1712,5301.0,3806,
state,TO,Hidratado Saidas Distrib,flow,Mar (1),3470,1081,4977,4072,3547,1146,3678.0,2599,
state,TO,Hidratado Saidas Distrib,flow,Mar (2),805,1290,4134,5356,3018,0,4578.0,4752,
state,TO,Hidratado Saidas M.Ext,flow,Apr (1),0,0,0,0,0,0,0.0,0,0.0
state,TO,Hidratado Saidas M.Ext,flow,Apr (2),0,0,0,0,0,0,0.0,0,0.0
state,TO,Hidratado Saidas M.Ext,flow,May (1),0,0,0,0,0,0,0.0,0,0.0
state,TO,Hidratado Saidas M.Ext,flow,May (2),0,0,0,0,0,0,0.0,0,0.0
state,TO,Hidratado Saidas M.Ext,flow,Jun (1),0,0,0,0,0,0,0.0,0,0.0
state,TO,Hidratado Saidas M.Ext,flow,Jun (2),0,0,0,0,0,0,0.0,0,0.0
state,TO,Hidratado Saidas M.Ext,flow,Jul (1),0,0,0,0,0,0,0.0,0,0.0
state,TO,Hidratado Saidas M.Ext,flow,Jul (2),0,0,0,0,0,0,0.0,0,0.0
state,TO,Hidratado Saidas M.Ext,flow,Aug (1),0,0,0,0,0,0,0.0,0,
state,TO,Hidratado Saidas M.Ext,flow,Aug (2),0,0,0,26,0,0,0.0,0,
state,TO,Hidratado Saidas M.Ext,flow,Sep (1),0,0,0,0,0,0,0.0,0,
state,TO,Hidratado Saidas M.Ext,flow,Sep (2),0,0,0,0,0,0,0.0,0,
state,TO,Hidratado Saidas M.Ext,flow,Oct (1),0,0,0,0,0,0,0.0,0,
state,TO,Hidratado Saidas M.Ext,flow,Oct (2),0,0,0,0,0,0,0.0,0,
state,TO,Hidratado Saidas M.Ext,flow,Nov (1),0,0,0,0,0,0,0.0,0,
state,TO,Hidratado Saidas M.Ext,flow,Nov (2),0,0,0,0,0,0,0.0,0,
state,TO,Hidratado Saidas M.Ext,flow,Dec (1),0,0,0,0,0,0,0.0,0,
state,TO,Hidratado Saidas M.Ext,flow,Dec (2),0,0,0,0,0,0,0.0,0,
state,TO,Hidratado Saidas M.Ext,flow,Jan (1),0,0,0,0,0,0,0.0,0,
state,TO,Hidratado Saidas M.Ext,flow,Jan (2),0,24,0,0,0,0,0.0,0,
state,TO,Hidratado Saidas M.Ext,flow,Feb (1),0,0,0,0,0,0,0.0,0,
state,TO,Hidratado Saidas M.Ext,flow,Feb (2),0,0,0,0,0,0,0.0,0,
state,TO,Hidratado Saidas M.Ext,flow,Mar (1),0,0,0,0,0,0,0.0,0,
state,TO,Hidratado Saidas M.Ext,flow,Mar (2),0,0,0,0,0,0,0.0,0,
state,TO,Hidratado Saidas Outras,flow,Apr (1),0,12,13,10,9,12,10.0,14,19.0
state,TO,Hidratado Saidas Outras,flow,Apr (2),117,0,510,51,12,11,320.0,36,12.0
state,TO,Hidratado Saidas Outras,flow,May (1),0,14,11,0,12,12,11.0,23,22.0
state,TO,Hidratado Saidas Outras,flow,May (2),34,30,27,40,12,67,20.0,108,50.0
state,TO,Hidratado Saidas Outras,flow,Jun (1),13,11,44,12,12,11,8.0,9,21.0
state,TO,Hidratado Saidas Outras,flow,Jun (2),71,11,29,28,37,11,320.0,32,131.0
state,TO,Hidratado Saidas Outras,flow,Jul (1),13,0,13,13,10,56,18.0,12,12.0
state,TO,Hidratado Saidas Outras,flow,Jul (2),11,27,30,25,45,100,88.0,121,18.0
state,TO,Hidratado Saidas Outras,flow,Aug (1),11,0,0,18,9,11,12.0,19,
state,TO,Hidratado Saidas Outras,flow,Aug (2),38,13,44,21,83,68,18.0,99,
state,TO,Hidratado Saidas Outras,flow,Sep (1),11,15,12,72,0,10,17.0,8,
state,TO,Hidratado Saidas Outras,flow,Sep (2),13,5,28,31,23,9,68.0,122,
state,TO,Hidratado Saidas Outras,flow,Oct (1),0,13,13,0,0,0,20.0,9,
state,TO,Hidratado Saidas Outras,flow,Oct (2),30,5,41,28,103,119,128.0,117,
state,TO,Hidratado Saidas Outras,flow,Nov (1),13,12,11,8,9,11,8.0,10,
state,TO,Hidratado Saidas Outras,flow,Nov (2),6,6,24,26,143,94,50.0,112,
state,TO,Hidratado Saidas Outras,flow,Dec (1),12,0,12,0,0,11,11.0,12,
state,TO,Hidratado Saidas Outras,flow,Dec (2),21,302,23,9,10,199,69.0,15,
state,TO,Hidratado Saidas Outras,flow,Jan (1),0,0,10,0,126,8,161.0,9,
state,TO,Hidratado Saidas Outras,flow,Jan (2),27,7,13,35,26,16,111.0,62,
state,TO,Hidratado Saidas Outras,flow,Feb (1),0,13,0,10,15,10,11.0,9,
state,TO,Hidratado Saidas Outras,flow,Feb (2),16,11,21,19,0,12,66.0,129,
state,TO,Hidratado Saidas Outras,flow,Mar (1),0,13,0,9,11,12,11.0,12,
state,TO,Hidratado Saidas Outras,flow,Mar (2),13,14,0,95,12,13,96.0,77,
